TRUNCATE TABLE public."address" RESTART IDENTITY CASCADE;
TRUNCATE TABLE public."country" RESTART IDENTITY CASCADE;
TRUNCATE TABLE public."maintenance_report" RESTART IDENTITY CASCADE;
TRUNCATE TABLE public."maintenance_report_property" RESTART IDENTITY CASCADE;
TRUNCATE TABLE public."maintenance_type" RESTART IDENTITY CASCADE;
TRUNCATE TABLE public."property" RESTART IDENTITY CASCADE;
TRUNCATE TABLE public."property_history" RESTART IDENTITY CASCADE;
TRUNCATE TABLE public."property_type" RESTART IDENTITY CASCADE;
TRUNCATE TABLE public."rent_report" RESTART IDENTITY CASCADE;
TRUNCATE TABLE public."rental_contract" RESTART IDENTITY CASCADE;
TRUNCATE TABLE public."security_deposit" RESTART IDENTITY CASCADE;
TRUNCATE TABLE public."street" RESTART IDENTITY CASCADE;
TRUNCATE TABLE public."town" RESTART IDENTITY CASCADE;
TRUNCATE TABLE public."user" RESTART IDENTITY CASCADE;
TRUNCATE TABLE public."user_role" RESTART IDENTITY CASCADE;
TRUNCATE TABLE public."utilities_report" RESTART IDENTITY CASCADE;
TRUNCATE TABLE public."utility_type" RESTART IDENTITY CASCADE;


INSERT INTO public.country (country_id,country_name) VALUES
	 (3,'RS'),
	 (2,'HR'),
	 (1,'SK');
INSERT INTO public.town (town_id,town_name,zip_code,country_id) VALUES
	 (1,'Žilina',1001,1),
	 (2,'Bratislava',81102,1),
	 (3,'Beograd',11000,3),
	 (4,'Novi Sad',21000,3),
	 (5,'Zagreb',10000,2),
	 (6,'Varaždin',42000,2);
INSERT INTO public.street (street_id,street_name,town_id) VALUES
	 (12,'Ulica Julija Merlića',6),
	 (11,'Pavlinska ulica',6),
	 (10,'Savska cesta',5),
	 (9,'Ilica',5),
	 (8,'Bulevar Oslobođenja',4),
	 (7,'Jevrejska ulica',4),
	 (6,'Bulevar Mihajla Pupina',3),
	 (5,'Gandijeva ulica',3),
	 (4,'Halkova ulica',1),
	 (1,'Križna ulica',2),
	 (13,'Hrošći',4),
	 (14,'HABDELIĆI',2),
	 (15,'KOLODVORSKA',1),
	 (16,'ULICA 151. SAMOBORSKE BRIGADE HV',1),
	 (17,'PETRA BIŠKUPA - VENE',2),
	 (18,'ULICA ŠANDORA BREŠČENSKOG',5),
	 (19,'SAJMIŠNA ULICA',1),
	 (20,'KARINOVO',5),
	 (21,'IVANA GUNDULIĆA',2),
	 (22,'EKONOMIJA',6),
	 (23,'FRANJE RAČKOGA',5),
	 (24,'RIBARSKA',1),
	 (25,'MLINSKA CESTA',1),
	 (26,'TRG MATIJE GUPCA',2),
	 (27,'NIZ BILI BRIG',5),
	 (28,'KULIĆI',4),
	 (29,'ULICA FRANJE TUĐMANA',1),
	 (30,'PRILAZ RUNCI',5),
	 (31,'VRTNA',5),
	 (32,'Ulica Franje Dursta',5),
	 (33,'ULICA BRAĆE RADIĆA',5),
	 (34,'LJUDEVITA MATEŠIĆA',4),
	 (35,'ULICA FERDE LIVADIĆA',1),
	 (36,'SOLDATICA XII',4),
	 (37,'LAZINA',4),
	 (38,'Ulica Blaža Trogiranina',4),
	 (39,'PUT BALINICA',3),
	 (40,'ODVOJAK ANTE STARČEVIĆA',5),
	 (41,'SILVIJA STRAHIMIRA KRANJČEVIĆA',3),
	 (42,'PUT SIROBUJE',6),
	 (43,'TRG JOSIFA RUNJANINA',2),
	 (44,'TRG JOSIFA RUNJANINA',3),
	 (45,'SLEMENICE',6),
	 (46,'VRH SELA',2),
	 (47,'TRG KRISTIJANA LADAVCA',1),
	 (48,'NOVIGRADSKA ULICA',6),
	 (49,'NETRETIĆ',3),
	 (50,'ULICA BANA JOSIPA JELAČIĆA',3),
	 (51,'CRKVENI VRHOVCI',3),
	 (52,'KANICA',6),
	 (53,'ŠKOLSKA ULICA',1),
	 (54,'MLINSKA ULICA',2),
	 (55,'BOTUNSKI PUT',1),
	 (56,'ZEČEVARSKA ULICA',1),
	 (57,'ŽVANKOVA',1),
	 (58,'KLADEŠĆICA',2),
	 (59,'Strmi odvojak',3),
	 (60,'Starjak I. ogranak',3),
	 (61,'MEĐIMURSKA',1),
	 (62,'BISTRAC',1),
	 (63,'PUT RAKIJARA',6),
	 (64,'ULICA VJEKOSLAVA BACHA',6),
	 (65,'OBALA KRALJA PETRA KREŠIMIRA IV',3),
	 (66,'BATURI',6),
	 (67,'ŽELJEZNIČKA',6),
	 (68,'ŠETALIŠTE GOJAČA',1),
	 (69,'ODVOJAK VINOGRADSKE ULICE',2),
	 (70,'BREGDETI',4),
	 (71,'KNEŽEVIĆI',3),
	 (72,'ROVANJSKA MATEKOVA ULICA',4),
	 (73,'USKA',3),
	 (74,'TRG OSLOBOĐENJA',3),
	 (75,'MATIJE GUPCA',2),
	 (76,'ULICA VLADIMIRA NAZORA',3),
	 (77,'NASELJE DR. VLATKA MAČKA',4),
	 (78,'ULICA CESARKA',3),
	 (79,'UL.KRALJA TOMISLAVA',2),
	 (80,'KRIVIĆI',5),
	 (81,'DONJE SELO',2),
	 (82,'CENTAR',5),
	 (83,'ULICA VALENTINA DENŽIĆA',2),
	 (84,'KVARNERSKA',5),
	 (85,'IVANA MAŽURANIĆA',3),
	 (86,'ROGOVIĆI',5),
	 (87,'VALA BELAJSKA',5),
	 (88,'NETRETIĆ',4),
	 (89,'ULICA FRANA SUPILA',3),
	 (90,'STRPAČIĆI',1),
	 (91,'UL. KNEZA DOMAGOJA',3),
	 (92,'NOVO NASELJE II',2),
	 (93,'GRIGORA VITEZA',1),
	 (94,'BULEVAR OSLOBOĐENJA',1),
	 (95,'Ulica kneza Borne',5),
	 (96,'VODOVODNA ULICA',2),
	 (97,'ŠIPTARI',6),
	 (98,'NASELJE DR. VLATKA MAČKA',2),
	 (99,'ZORICE',6),
	 (100,'GORANSKA ULICA',6),
	 (101,'ŠKULIĆI',2),
	 (102,'PUT SIROTKOVIĆA',1),
	 (103,'ULICA MIRNA',5),
	 (104,'KOLODVORSKA',6),
	 (105,'TORLACI',6),
	 (106,'BRUS',5),
	 (107,'IVANEČKA ULICA',3),
	 (108,'PUT JAMIN',4),
	 (109,'BORIĆI-RADELJIĆI',6),
	 (110,'ROVINA',5),
	 (111,'GOLJAK KLANJEČKI',3),
	 (112,'OBRUČKA',5),
	 (113,'Njivice II.',1),
	 (114,'FURMANSKA',4),
	 (115,'SVETOGA DOMINIKA',2),
	 (116,'ŽABJAK',2),
	 (117,'ĐURINSKI I ODVOJAK',6),
	 (118,'II. Anina ulica',2),
	 (119,'ULICA EUGENA KUMIČIĆA - VIA EUGEN KUMIČIĆ',4),
	 (120,'ANTONA MIHIĆA',4),
	 (121,'ŠETALIŠTE VILIBALDA SLUGE',2),
	 (122,'FRANJE MATKOVIĆA',3),
	 (123,'PUSTELIŠKA ULICA',4),
	 (124,'PUT MRČAVRHA',2),
	 (125,'MIROSLAVA KRLEŽE',1),
	 (126,'FRANJE RAČKOG',1),
	 (127,'KRALJA KOLOMANA',4),
	 (128,'ULICA SV. ANTE PADOVANSKOG',3),
	 (129,'PRODANI',5),
	 (130,'SV. LOVRE',1),
	 (131,'ULICA BOŽE BABIĆA',3),
	 (132,'BEGOVAČA',3),
	 (133,'STRPAČIĆI',3),
	 (305,'VINOGRADSKA ULICA',4),
	 (135,'KRALJA TOMISLAVA',3),
	 (136,'KOLODVORSKA',1),
	 (137,'Ulica Krste Hegedušića',6),
	 (138,'ADANČEVA ULICA',2),
	 (139,'JADRANSKA',5),
	 (140,'Ulica Nikole Gorjanskoga',4),
	 (141,'SLATINA XII',3),
	 (142,'VRGORSKA',1),
	 (143,'ULICA TINA UJEVIĆA',4),
	 (144,'Ulica Ljerke Šram',5),
	 (145,'IV VINOGRADSKI ODVOJAK',5),
	 (146,'PUT GROBLJA',5),
	 (147,'Pile III.',2),
	 (148,'JOŽE VLAHOVIĆA',3),
	 (149,'VUKOVARSKA',5),
	 (150,'Skenderi',3),
	 (151,'ULICA KNEZA VIŠESLAVA',3),
	 (152,'ROSULJE X',5),
	 (153,'Jelašićka I.',5),
	 (154,'VOLPIJA',2),
	 (155,'DELTA',4),
	 (156,'ULICA SVETOGA FRANJE',6),
	 (157,'POTPOLJE',4),
	 (158,'KVATERNIKOVA',4),
	 (159,'ZATONSKA ULICA',5),
	 (160,'VINOGRADSKA ULICA',6),
	 (161,'MATIJE BAČIĆ',2),
	 (162,'KUKULJANI',1),
	 (163,'LIČKA',6),
	 (164,'CVJETNA ULICA',5),
	 (165,'Bukovački obronak',2),
	 (166,'LASTINE',1),
	 (167,'MOTOVUNSKA ULICA - VIA MONTONA',2),
	 (168,'Prašnica donja',5),
	 (169,'VRATA SELA',2),
	 (170,'FRA GRGE MARTIĆA',1),
	 (171,'DONJI ZEMUNIK ULICA IV',2),
	 (172,'NA RIJECI',4),
	 (173,'RIBNJAK',3),
	 (174,'RADOŠI',1),
	 (175,'BRUS',2),
	 (176,'PARK KRALJA TOMISLAVA',2),
	 (177,'OB.KR.P.KREŠIMIRA IV',5),
	 (178,'SPORTSKA ULICA',5),
	 (179,'IVANA GORANA KOVAČIĆA',3),
	 (180,'ULICA DON MATE ŠANTIĆA',3),
	 (181,'ULICA PUNTIŽELA',6),
	 (182,'ULICA TOME BLAŽEKA',1),
	 (183,'KALVARIJA',4),
	 (184,'ULICA PAVLA ŠUBIĆA',2),
	 (185,'ULICA ŽELJKA KLINČIĆA',4),
	 (186,'MALA LEŠNICA',4),
	 (187,'ISTARSKA ULICA',5),
	 (188,'RADOŠI',2),
	 (189,'MAJER',5),
	 (190,'ŠKOLSKA',4),
	 (191,'VUCIĆI - KRIVIĆI',3),
	 (192,'ULICA JOŠKA KAPETANOVIĆA CRNOG',3),
	 (193,'MIROSLAVA KRLEŽE',4),
	 (194,'BARETIĆEVO',6),
	 (195,'PODUNAVSKA ULICA',2),
	 (196,'BARANJSKA',3),
	 (197,'SRNEGLA',1),
	 (198,'PIROVAČKE SATNIJE',6),
	 (199,'DUMOVINE',3),
	 (200,'JERE VISKOJCA',4),
	 (201,'ULICA ANTUNA BRANKA ŠIMIĆA',3),
	 (202,'RUŠEVJE',4),
	 (203,'EKONOMIJA',2),
	 (204,'BLAGE ZADRE',5),
	 (205,'PROLAZ GIOVANNIJA F. SPONGIJE - PASSO GIOVANNI F. SPONGIA',1),
	 (206,'TRIFUNOVIĆI',5),
	 (207,'POLJIČKA CESTA KRILO',3),
	 (208,'KLOVIĆA',4),
	 (209,'PUT POLICE',1),
	 (210,'ULICA STEVE RAJNOVIĆA',3),
	 (211,'OBALA KRALJA PETRA KREŠIMIRA IV',1),
	 (212,'MAGDALENSKA ULICA',5),
	 (213,'VRLJEVIĆ',1),
	 (214,'STUBIČKA ULICA',2),
	 (215,'VRH SELA',1),
	 (216,'DRAGE',2),
	 (217,'VUKOVIĆI',3),
	 (218,'DEBELO BRDO',5),
	 (219,'KORANSKA ULICA',2),
	 (220,'DRVENIČKA',5),
	 (221,'SVETI SIDAR',3),
	 (222,'Ulica kneza Borne',1),
	 (223,'VRPOLJE',6),
	 (224,'LAZINA',4),
	 (225,'SLATINSKA ULICA',4),
	 (226,'BUČE',6),
	 (227,'DEDOVIĆI',1),
	 (228,'BOSUTSKA',3),
	 (229,'ULICA FRA PETRA BAČIĆA',5),
	 (230,'KOSTRČANI',6),
	 (231,'ULICA 06. KOLOVOZA 1995.',2),
	 (232,'Plavšinački put',6),
	 (233,'JEŽINOVA ULICA',2),
	 (234,'VII. Retkovec odvojak I.',6),
	 (235,'ULICA JURAJA VODOPIJE',1),
	 (236,'MARŠALA TITA',2),
	 (237,'BOK',5),
	 (238,'KOSA - DADIĆI',6),
	 (239,'ČARDAKOVAC',1),
	 (240,'SV. MAURA',6),
	 (241,'ULICA JOSIPA JURJA STROSSMAYERA',2),
	 (242,'BOSUTSKA',1),
	 (243,'FURMANSKA',1),
	 (244,'VRATA SELA',3),
	 (245,'ULICA 2. GARDIJSKE BRIGADE GROMOVI',4),
	 (246,'VODOVODNA ULICA',4),
	 (247,'PUT BUCIĆA - ODVOJAK 1.',2),
	 (248,'KNEZA BRANIMIRA',2),
	 (249,'KALINIĆ',6),
	 (250,'LUKAVEČKA ULICA',1),
	 (251,'ODVOJAK TRŠINSKI',6),
	 (252,'UL.KRALJA TOMISLAVA',2),
	 (253,'GRABULE',4),
	 (254,'OVČARA',5),
	 (255,'Plavšinački put',2),
	 (256,'BRNINI',3),
	 (257,'SPORTSKA ULICA',4),
	 (258,'PRIJEKA',4),
	 (259,'LUČICA XXIII',1),
	 (260,'MARTINA BORKOVIĆA',2),
	 (261,'GREBEN',5),
	 (262,'ULICA BRANKA VODNIKA',1),
	 (263,'ŽIVICE',6),
	 (264,'ŽIVICE',2),
	 (265,'VALVIDALSKA ULICA',1),
	 (266,'TRG DRAŽENA BOBINCA',1),
	 (267,'SARIŽOL',4),
	 (268,'PUT BONIFACIJA PAVLETIĆA',2),
	 (269,'BOLOGOVCI',2),
	 (270,'ŠOKAČKA ULICA',5),
	 (271,'ULICA CESARKA',3),
	 (272,'ROVINA',3),
	 (273,'KLIŠKA ULICA',4),
	 (274,'STJEPANA RADIĆA',2),
	 (275,'ULICA POLOVINA',3),
	 (276,'ULICA ANTUNA BRANKA ŠIMIĆA',2),
	 (277,'ULICA ERCEZI',6),
	 (278,'LIČKA ULICA',3),
	 (279,'KLABUČIĆI',1),
	 (280,'Ulica Ljerke Šram',6),
	 (281,'MIJAČI',5),
	 (282,'KOD PLOTA',6),
	 (283,'AŽIĆ LOKVA',3),
	 (284,'ULICA MIHOVILA PAVLEKA MIŠKINE',5),
	 (285,'ĆOZE',6),
	 (286,'ZADARSKA',6),
	 (287,'NA ZDENAC',2),
	 (288,'RADOJČIĆI',4),
	 (289,'FRANKOPANSKA',4),
	 (290,'DOLJANCI',5),
	 (291,'ULICA VLADIMIRA NAZORA',4),
	 (292,'INDUSTRIJSKA ULICA',1),
	 (293,'SVETOG JOSIPA',6),
	 (294,'LIX',6),
	 (295,'PUT ULINOVA',2),
	 (296,'Martićeva ulica',1),
	 (297,'IVE ANDRIĆA',1),
	 (298,'Dotrščinska ulica',6),
	 (299,'MELIN I',2),
	 (300,'PUT PODKAŠTILJE',3),
	 (301,'ANTE MANDIĆA',1),
	 (302,'KUCLJEVA ULICA',1),
	 (303,'DONJI ZATEZALI',1),
	 (304,'TRG PRVOG PREDSJEDNIKA REPUBLIKE HRVATSKE FRANJE TUĐMANA',2),
	 (306,'ULICA SV. PAŠKVALA',4),
	 (307,'KOLOMBANIJA - COLOMBANIA',5),
	 (308,'PUT GRŽANOVE PUNTE',3),
	 (309,'VINOGRADARSKA',2),
	 (310,'PLOČICE',1),
	 (311,'CRKVENO',3),
	 (312,'ULICA BRAĆE GRANER',2),
	 (313,'Ulica Viktora Kovačića',4),
	 (314,'PUT KAPELE',1),
	 (315,'GORNJI KRAJ',4),
	 (316,'RIBARSKA',5),
	 (317,'IVANDVOR',4),
	 (318,'TRG SV. MARGARITE',1),
	 (319,'IGNACIA HENCKEA',2),
	 (320,'LOVAČKA ULICA',2),
	 (321,'ULICA KNEZA VIŠESLAVA',5),
	 (322,'ULICA MOKRICE',6),
	 (323,'BARETIĆEVO',5),
	 (324,'VRTNA',4),
	 (325,'BREGDETI',1),
	 (326,'BABIĆEV BRIJEG',3),
	 (327,'BRAĆE RADIĆA',4),
	 (328,'UZ CESTU',5),
	 (329,'Trslići',1),
	 (330,'PODGREDA',2),
	 (331,'ŠKRATLJI',1),
	 (332,'POLJSKA',6),
	 (333,'TOŠINA',1),
	 (334,'ĐURE JAKŠIĆA',5),
	 (335,'ULICA BRODARIĆ',5),
	 (336,'Tupekova ulica',4),
	 (337,'Ulica Stjepana Vojnovića',6),
	 (338,'IVANA MEŠTROVIĆA',2),
	 (339,'ŽELJEZNIČKA',2),
	 (340,'LJUDEVITA GAJA',3),
	 (341,'SLATINE',2),
	 (342,'BULIČIĆEV BOK',6),
	 (343,'PLANIKOVICA IV',2),
	 (344,'VINOGRADSKA ULICA',4),
	 (345,'ULICA TINA UJEVIĆA',2),
	 (346,'KOLODVORSKA ULICA',3),
	 (347,'ŽELJEZNIČKA',4),
	 (348,'PETRINCI',5),
	 (349,'TRG PIACETA',3),
	 (350,'MEZEVO',3),
	 (351,'ZAGORSKA ULICA',4),
	 (352,'ZAPUŽANE',6),
	 (353,'JELIČIĆI',5),
	 (354,'TRNAC',1),
	 (355,'KAŠIĆI UZ CESTU',4),
	 (356,'DESNI ODVOJAK I/2',2),
	 (357,'ULICA DON MIHE LEVAČIĆA',2),
	 (358,'A-11',3),
	 (359,'BREZNIČKI HUM',1),
	 (360,'SELIŠĆE',1),
	 (361,'Pirenjakova ulica',6),
	 (362,'JURE TURKA',6),
	 (363,'BRAVARI',2),
	 (364,'PELJEŠKI PUT',6),
	 (365,'SUŠAČKA',6),
	 (366,'ULICA ŠANTAMARINA',4),
	 (367,'ULICA HRVATSKIH BRANITELJA',1),
	 (368,'STJEPANA RADIĆA',5),
	 (369,'ULICA GOĆ 4',2),
	 (370,'ULICA HRVATSKE MLADEŽI',6),
	 (371,'Ulica Lovre Sedinića',6),
	 (372,'SV. LOVRE',3),
	 (373,'EKONOMIJA',6),
	 (374,'BARETIĆEVO',6),
	 (375,'Ulica Ferde Kocha',1),
	 (376,'TRGOVAČKA ULICA',6),
	 (377,'LAKTINAC',5),
	 (378,'ULICA FERDE LIVADIĆA',2),
	 (379,'BUDIN',2),
	 (380,'DOBRICA',4),
	 (381,'ALDO NEGRI',5),
	 (382,'ULICA STEVE RAJNOVIĆA',6),
	 (383,'SLATINA',3),
	 (384,'GRGURICE DONJE',5),
	 (385,'DOMOVINSKOG RATA',5),
	 (386,'BOLOGOVCI',1),
	 (387,'BUKVIĆI',2),
	 (388,'ULICA VRILA',1),
	 (389,'Krajačići',1),
	 (390,'Diljska ulica',4),
	 (391,'ANTUNA NEMČIĆA',3),
	 (392,'ULICA ANKICE OPOLSKI',3),
	 (393,'ODVOJAK VOJKA MIKLAUŠIĆA',1),
	 (394,'MATIJE IVANIĆA',1),
	 (395,'ŠUMSKA',3),
	 (396,'ŠEPUNATKA IV',2),
	 (397,'ZATONSKA ULICA',5),
	 (398,'ULICA MRZLENAČKA',2),
	 (399,'IZA KASARNE - DIETRO CASERMA',4),
	 (401,'POD STRANOM',3),
	 (402,'KRALJA TOMISLAVA',5),
	 (403,'SISEČKA ULICA',3),
	 (404,'ŠABARIĆI',4),
	 (405,'ULICA POD KAPELICOM',3),
	 (406,'MOLUNAT',2),
	 (407,'ŽABJAK',1),
	 (408,'Podravska ulica',5),
	 (409,'BOSUTSKA',6),
	 (410,'ULICA JANKA MATKA',5),
	 (411,'PRODANI',4),
	 (412,'PODINE II ULICA',1),
	 (413,'GURIĆEVA',2),
	 (414,'PLITVIČKA ULICA',3),
	 (415,'TOPOLA',2),
	 (416,'ULICA GIBANIČNA',6),
	 (417,'LOKARIJA',4),
	 (418,'ULICA KOLETIĆI',3),
	 (419,'ULICA DOMOVINSKIH ŽRTAVA - VIA DEI CADUTI PER LA PATRIA',2),
	 (420,'PUT KANTUNINA',5),
	 (421,'JUGOVAC',3),
	 (422,'LASLAVIĆI',6),
	 (423,'ULICA MELNIČKA',5),
	 (424,'PODRAVSKA ULICA',5),
	 (425,'Ulica Vladimira Ruždjaka',4),
	 (426,'TOMAŠEVEC',4),
	 (427,'MIHANOVIĆEVA',2),
	 (428,'ULICA BANOVCI',6),
	 (429,'GAZIBARIĆI',3),
	 (430,'JOVIĆI',6),
	 (431,'DRLJANDA',1),
	 (432,'J.J.STROSSMAYERA',3),
	 (433,'KAPELA',4),
	 (434,'ŠTRMELJEVA ULICA',5),
	 (435,'ULICA MARINA SABIĆA',2),
	 (436,'ULICA FRA FORTUNATA PINTARIĆA',1),
	 (437,'ULICA DON MIHE LEVAČIĆA',4),
	 (438,'PRVOMAJSKA',5),
	 (439,'FRANJE RAČKOG',2),
	 (440,'RUDINA HERCEGOVINA',3),
	 (441,'PRVOMAJSKA',1),
	 (442,'LIBURNSKA ULICA',3),
	 (443,'ULICA STEVE RAJNOVIĆA',1),
	 (444,'KARDAĆ',3),
	 (445,'ULICA LIŠEVO',1),
	 (446,'MLINSKA',2),
	 (447,'RAIČI',1),
	 (448,'ULICA IVANA JURASA',5),
	 (449,'ULICA SVETOG LOVRE',5),
	 (450,'BULIČIĆEV BOK',3),
	 (451,'UL.DUBROVAČKA',4),
	 (452,'VINOGRADSKI PUT',2),
	 (453,'ULICA KRUNOSLAVA HERUCA',6),
	 (454,'DABAR',6),
	 (455,'Aleja ruža',2),
	 (456,'FRANJEVAČKA UL.',3),
	 (457,'Ulica Vladimira Ruždjaka',1),
	 (458,'ULICA DONJI SLATINIK',5),
	 (459,'NOVA ULICA',1),
	 (460,'DONJA RAŠENICA',6),
	 (461,'MLINSKA ULICA',1),
	 (462,'ULICA ANTUNA KANIŽLIĆA',2),
	 (463,'JOŽE VLAHOVIĆA',2),
	 (464,'HRVATSKIH BRANITELJA',1),
	 (465,'25. OŽUJKA',4),
	 (466,'KAPELŠČAK',1),
	 (467,'Čajkovčeva ulica',4),
	 (468,'BRTAČIĆI',4),
	 (469,'BREZNIČKI HUM',2),
	 (470,'GUDOVAČKA',2),
	 (471,'ROVINA',3),
	 (472,'EUGENA KVATERNIKA',5),
	 (473,'ULICA UVALA LOZNA',2),
	 (474,'NIKOLE TESLE',5),
	 (475,'SPINČIĆEVA',4),
	 (476,'MILANA VALKOVIĆA',6),
	 (477,'ALEJA SLATINA',6),
	 (478,'PUT ŠARIĆA',2),
	 (479,'ULICA MIROSLAVA KRLEŽE',4),
	 (480,'BRUNE BUŠIĆA',2),
	 (481,'ULICA 27.RUJNA',3),
	 (482,'Ulica Đure Popovića',4),
	 (483,'ODVOJAK SV. DUHA',1),
	 (484,'ULICA KRALJA ZVONIMIRA',1),
	 (485,'GROHOT',2),
	 (486,'UL. KRALJA TOMISLAVA',6),
	 (487,'PUT ZA VEPRINAC',3),
	 (488,'ULICA SVETOG JOSIPA RADNIKA',4),
	 (489,'ULICA MATIJE GUPCA',3),
	 (490,'MEDULINSKA CESTA',6),
	 (491,'RUDA',6),
	 (492,'ANTE STARČEVIĆA',5),
	 (493,'PAVLINSKI TRG',5),
	 (494,'J.BAJKOVCA',3),
	 (495,'ŠKOLSKA',3),
	 (496,'ULICA KSAVERA ŠANDORA ĐALSKOG',6),
	 (497,'ŽUTNICA',1),
	 (498,'Žuglići',6),
	 (499,'ČORBIĆI',6),
	 (500,'ODVOJAK ANTE STARČEVIĆA',1),
	 (501,'TRG JOSIPA JURAJA STROSSMAYERA',5),
	 (502,'VELOSELSKA CESTA',4),
	 (503,'LUPOGLAVAČKA ULICA',4),
	 (504,'NASELJE ČAPLJA IV',4),
	 (505,'Jankovačka ulica',6),
	 (506,'IVANA KREŠANA',5),
	 (507,'BRAĆE VAJS',1),
	 (508,'LUČICA XXIII',2),
	 (509,'VELEBITSKA ULICA',3),
	 (510,'ZASTUP II',2),
	 (511,'ULICA SVETOG VIDA',3),
	 (512,'NA ZDENAC',6),
	 (134,'Ulica Ognjena Price',3),
	 (400,'ULICA REPUBLIKE',4);
INSERT INTO public.address (address_id,house_number,street_id) VALUES
	 (14,'67',12),
	 (13,'2',11),
	 (12,'11',10),
	 (11,'52',9),
	 (10,'8',7),
	 (9,'5',8),
	 (8,'19',6),
	 (7,'234',5),
	 (6,'72',4),
	 (1,'69',1),
	 (15,'37',36),
	 (16,'35',418),
	 (17,'70',192),
	 (18,'88',410),
	 (19,'27',263),
	 (20,'75',282),
	 (21,'99',32),
	 (22,'12',428),
	 (23,'47',484),
	 (24,'24',413),
	 (25,'56',30),
	 (26,'41',209),
	 (27,'26',302),
	 (28,'88',488),
	 (29,'13',237),
	 (30,'14',155),
	 (31,'10',65),
	 (32,'63',352),
	 (33,'13',17),
	 (34,'29',373),
	 (35,'98',318),
	 (36,'50',406),
	 (37,'15',288),
	 (38,'88',134),
	 (39,'65',195),
	 (40,'70',119),
	 (41,'81',308),
	 (42,'28',213),
	 (43,'11',308),
	 (44,'33',26),
	 (45,'96',314),
	 (46,'88',194),
	 (47,'96',426),
	 (48,'52',298),
	 (49,'95',371),
	 (50,'90',68),
	 (51,'59',285),
	 (52,'25',237),
	 (53,'26',374),
	 (54,'80',85),
	 (55,'44',368),
	 (56,'18',8),
	 (57,'28',194),
	 (58,'31',26),
	 (59,'89',294),
	 (60,'56',62),
	 (61,'92',218),
	 (62,'65',260),
	 (63,'50',341),
	 (64,'73',102),
	 (65,'20',180),
	 (66,'78',148),
	 (67,'86',371),
	 (68,'31',359),
	 (69,'47',28),
	 (70,'86',131),
	 (71,'30',131),
	 (72,'81',59),
	 (73,'33',216),
	 (74,'56',144),
	 (75,'93',475),
	 (76,'81',320),
	 (77,'11',121),
	 (78,'25',458),
	 (79,'27',100),
	 (80,'67',337),
	 (81,'44',283),
	 (82,'73',4),
	 (83,'92',117),
	 (84,'22',170),
	 (85,'54',370),
	 (86,'84',329),
	 (87,'47',479),
	 (88,'32',433),
	 (89,'84',6),
	 (90,'90',311),
	 (91,'31',212),
	 (92,'83',262),
	 (93,'98',341),
	 (94,'19',133),
	 (95,'77',402),
	 (96,'26',49),
	 (97,'77',372),
	 (98,'37',206),
	 (99,'23',347),
	 (100,'28',166),
	 (101,'12',323),
	 (102,'75',67),
	 (103,'15',270),
	 (104,'19',241),
	 (105,'71',438),
	 (106,'77',227),
	 (107,'91',21),
	 (108,'69',230),
	 (109,'86',111),
	 (110,'62',49),
	 (111,'18',387),
	 (112,'14',236),
	 (113,'14',427),
	 (114,'32',457),
	 (115,'21',279),
	 (116,'29',214),
	 (117,'71',143),
	 (118,'38',172),
	 (119,'29',232),
	 (120,'35',352),
	 (121,'41',170),
	 (122,'64',439),
	 (123,'46',354),
	 (124,'56',218),
	 (125,'64',419),
	 (126,'46',369),
	 (127,'82',218),
	 (128,'24',83),
	 (129,'79',242),
	 (130,'76',426),
	 (131,'14',448),
	 (132,'72',415),
	 (133,'12',112),
	 (134,'98',434),
	 (135,'65',14),
	 (136,'68',217),
	 (137,'69',235),
	 (138,'84',377),
	 (139,'50',232),
	 (140,'76',144),
	 (141,'92',308),
	 (142,'77',249),
	 (143,'46',323),
	 (144,'32',458),
	 (145,'82',424),
	 (146,'28',476),
	 (147,'79',336),
	 (148,'76',385),
	 (149,'97',354),
	 (150,'58',189),
	 (151,'54',406),
	 (152,'49',201),
	 (153,'18',474),
	 (154,'87',496),
	 (155,'86',497),
	 (156,'47',385),
	 (157,'39',213),
	 (158,'57',53),
	 (159,'53',322),
	 (160,'35',69),
	 (161,'94',10),
	 (162,'77',439),
	 (163,'89',489),
	 (164,'19',185),
	 (165,'57',101),
	 (166,'44',473),
	 (167,'12',125),
	 (168,'15',493),
	 (169,'67',444),
	 (170,'52',63),
	 (171,'59',480),
	 (172,'87',267),
	 (173,'87',440),
	 (174,'52',89),
	 (175,'42',44),
	 (176,'63',422),
	 (177,'28',116),
	 (178,'24',397),
	 (179,'73',294),
	 (180,'47',443),
	 (181,'66',34),
	 (182,'16',334),
	 (183,'26',230),
	 (184,'31',54),
	 (185,'32',20),
	 (186,'64',248),
	 (187,'64',441),
	 (188,'24',117),
	 (189,'22',438),
	 (190,'27',129),
	 (191,'39',4),
	 (192,'22',182),
	 (193,'40',55),
	 (194,'25',164),
	 (195,'81',134),
	 (196,'25',370),
	 (197,'86',261),
	 (198,'36',138),
	 (199,'74',358),
	 (200,'48',452),
	 (201,'26',352),
	 (202,'74',343),
	 (203,'19',441),
	 (204,'55',291),
	 (205,'98',210),
	 (206,'67',139),
	 (207,'61',261),
	 (208,'65',386),
	 (209,'54',452),
	 (210,'33',75),
	 (211,'29',269),
	 (212,'25',317),
	 (213,'83',259),
	 (214,'17',379),
	 (215,'68',36),
	 (216,'88',177),
	 (217,'61',209),
	 (218,'68',435),
	 (219,'86',165),
	 (220,'92',353),
	 (221,'80',32),
	 (222,'86',9),
	 (223,'92',56),
	 (224,'49',316),
	 (225,'23',60),
	 (226,'47',298),
	 (227,'56',213),
	 (228,'71',277),
	 (229,'71',456),
	 (230,'27',175),
	 (231,'76',161),
	 (232,'91',479),
	 (233,'49',40),
	 (234,'35',343),
	 (235,'31',92),
	 (236,'91',191),
	 (237,'96',393),
	 (238,'70',439),
	 (239,'32',345),
	 (240,'65',382),
	 (241,'13',488),
	 (242,'97',56),
	 (243,'69',165),
	 (244,'88',363),
	 (245,'97',360),
	 (246,'24',187),
	 (247,'37',423),
	 (248,'33',176),
	 (249,'57',128),
	 (250,'92',457),
	 (251,'63',161),
	 (252,'28',326),
	 (253,'49',474),
	 (254,'81',5),
	 (255,'67',420),
	 (256,'38',344),
	 (257,'81',287),
	 (258,'69',126),
	 (259,'42',232),
	 (260,'60',412),
	 (261,'20',427),
	 (262,'89',484),
	 (263,'94',430),
	 (264,'38',277),
	 (265,'56',415),
	 (266,'37',291),
	 (267,'76',278),
	 (268,'58',417),
	 (269,'85',288),
	 (270,'76',345),
	 (271,'91',284),
	 (272,'89',271),
	 (273,'46',91),
	 (274,'32',284),
	 (275,'89',366),
	 (276,'81',476),
	 (277,'27',344),
	 (278,'13',194),
	 (279,'51',456),
	 (280,'98',373),
	 (281,'20',375),
	 (282,'33',37),
	 (283,'25',149),
	 (284,'78',499),
	 (285,'62',15),
	 (286,'58',336),
	 (287,'52',6),
	 (288,'66',35),
	 (289,'67',423),
	 (290,'91',249),
	 (291,'19',405),
	 (292,'37',268),
	 (293,'38',207),
	 (294,'71',433),
	 (295,'54',455),
	 (296,'23',4),
	 (297,'14',127),
	 (298,'41',388),
	 (299,'42',448),
	 (300,'70',69),
	 (301,'47',410),
	 (302,'78',7),
	 (303,'48',389),
	 (304,'79',284),
	 (305,'11',174),
	 (306,'73',390),
	 (307,'81',236),
	 (308,'27',190),
	 (309,'92',140),
	 (310,'85',444),
	 (311,'21',500),
	 (312,'78',94),
	 (313,'28',170),
	 (314,'44',360),
	 (315,'50',37),
	 (316,'86',391),
	 (317,'74',335),
	 (318,'26',432),
	 (319,'74',263),
	 (320,'97',80),
	 (321,'84',286),
	 (322,'19',243),
	 (323,'90',494),
	 (324,'92',40),
	 (325,'67',441),
	 (326,'63',17),
	 (327,'61',65),
	 (328,'74',158),
	 (329,'76',330),
	 (330,'76',362),
	 (331,'78',350),
	 (332,'85',456),
	 (333,'70',246),
	 (334,'80',387),
	 (335,'60',463),
	 (336,'41',369),
	 (337,'84',148),
	 (338,'44',366),
	 (339,'77',326),
	 (340,'88',125),
	 (341,'76',101),
	 (342,'35',316),
	 (343,'73',395),
	 (344,'81',479),
	 (345,'80',249),
	 (346,'40',311),
	 (347,'19',99),
	 (348,'94',347),
	 (349,'30',397),
	 (350,'67',64),
	 (351,'47',169),
	 (352,'87',195),
	 (353,'66',126),
	 (354,'44',369),
	 (355,'85',284),
	 (356,'38',167),
	 (357,'87',13),
	 (358,'54',350),
	 (359,'23',344),
	 (360,'47',158),
	 (361,'22',326),
	 (362,'17',78),
	 (363,'50',360),
	 (364,'26',278),
	 (365,'17',95),
	 (366,'35',44),
	 (367,'18',348),
	 (368,'47',284),
	 (369,'82',398),
	 (370,'20',169),
	 (371,'12',244),
	 (372,'40',470),
	 (373,'48',106),
	 (374,'85',139),
	 (375,'31',480),
	 (376,'58',470),
	 (377,'45',349),
	 (378,'19',15),
	 (379,'22',291),
	 (380,'37',130),
	 (381,'54',418),
	 (382,'67',218),
	 (383,'54',262),
	 (384,'19',267),
	 (385,'38',193),
	 (386,'90',155),
	 (387,'29',331),
	 (388,'35',377),
	 (389,'94',104),
	 (390,'33',296),
	 (391,'52',356),
	 (392,'40',299),
	 (393,'32',23),
	 (394,'40',169),
	 (395,'76',299),
	 (396,'70',23),
	 (397,'85',456),
	 (398,'57',117),
	 (399,'73',385),
	 (400,'55',206),
	 (401,'32',464),
	 (402,'71',316),
	 (403,'21',450),
	 (404,'20',229),
	 (405,'65',321),
	 (406,'17',200),
	 (407,'48',89),
	 (408,'81',488),
	 (409,'24',390),
	 (410,'37',314),
	 (411,'92',319),
	 (412,'78',499),
	 (413,'43',59),
	 (414,'85',214),
	 (415,'92',240),
	 (416,'55',109),
	 (417,'62',316),
	 (418,'41',94),
	 (419,'87',86),
	 (420,'26',440),
	 (421,'16',214),
	 (422,'82',472),
	 (423,'52',180),
	 (424,'60',102),
	 (425,'67',314),
	 (426,'71',445),
	 (427,'18',447),
	 (428,'18',438),
	 (429,'19',340),
	 (430,'60',457),
	 (431,'73',14),
	 (432,'87',232),
	 (433,'45',131),
	 (434,'65',85),
	 (435,'15',167),
	 (436,'81',103),
	 (437,'55',268),
	 (438,'43',34),
	 (439,'53',446),
	 (440,'31',494),
	 (441,'52',66),
	 (442,'47',343),
	 (443,'22',488),
	 (444,'67',291),
	 (445,'40',478),
	 (446,'73',358),
	 (447,'96',240),
	 (448,'46',310),
	 (449,'47',430),
	 (450,'32',190),
	 (451,'18',207),
	 (452,'54',363),
	 (453,'69',32),
	 (454,'57',445),
	 (455,'49',493),
	 (456,'49',492),
	 (457,'29',136),
	 (458,'61',349),
	 (459,'53',415),
	 (460,'93',376),
	 (461,'98',254),
	 (462,'40',152),
	 (463,'72',148),
	 (464,'63',433),
	 (465,'63',300),
	 (466,'15',88),
	 (467,'43',368),
	 (468,'76',475),
	 (469,'80',48),
	 (470,'21',137),
	 (471,'98',341),
	 (472,'28',283),
	 (473,'87',149),
	 (474,'66',92),
	 (475,'74',374),
	 (476,'68',371),
	 (477,'70',485),
	 (478,'84',390),
	 (479,'30',125),
	 (480,'92',456),
	 (481,'74',206),
	 (482,'72',138),
	 (483,'71',9),
	 (484,'86',150),
	 (485,'52',250),
	 (486,'28',152),
	 (487,'28',200),
	 (488,'87',186),
	 (489,'26',93),
	 (490,'65',175),
	 (491,'62',468),
	 (492,'94',420),
	 (493,'90',119),
	 (494,'58',70),
	 (495,'32',240),
	 (496,'22',415),
	 (497,'74',196),
	 (498,'58',55),
	 (499,'14',491),
	 (500,'35',390),
	 (501,'40',490),
	 (502,'30',266),
	 (503,'65',262),
	 (504,'36',293),
	 (505,'32',349),
	 (506,'88',425),
	 (507,'66',215),
	 (508,'13',441),
	 (509,'82',71),
	 (510,'80',122),
	 (511,'78',8),
	 (512,'44',246),
	 (513,'41',224),
	 (514,'59',460);
INSERT INTO public.user_role (user_role_id,role_name) VALUES
	 (1,'sysadmin'),
	 (2,'landlord'),
	 (3,'tenant');
INSERT INTO public."user" ("OIB",user_role_id,email,"password",first_name,last_name,phone_number,last_login,register_date,active) VALUES
	 ('04201337690',1,'admin@rental.jcc','admin','Administrator','Aplikacije','0912345678','2017-01-01 00:00:00+01','2017-01-01 00:00:00+01','1'),
	 ('45981749427',2,'antonio.vrankovic@startmail.com','1234567890','Antonio','Vranković','0985234567','2017-01-01 00:00:00+01','2017-01-01 00:00:00+01','1'),
	 ('76252559563',2,'katja.katjanovic@lavache.com','1234567890','Katja','Katjanović','0911234567','2017-01-01 00:00:00+01','2017-01-01 00:00:00+01','1'),
	 ('78768608252',2,'petra.petrovic@startmail.com','1234567890','Petra','Petrović','0971234567','2017-01-01 00:00:00+01','2017-01-01 00:00:00+01','1'),
	 ('79628175146',2,'mirko.mirkovic@vip.hr','1234567890','Mirko','Mirković','0991234567','2017-01-01 00:00:00+01','2017-01-01 00:00:00+01','1'),
	 ('43933021497',2,'miroslav.ilic@live.com','1234567890','Miroslav','Ilić','0925234567','2017-01-01 00:00:00+01','2017-01-01 00:00:00+01','1'),
	 ('55033140462',2,'milivoj.sinkovic@net.hr','1234567890','Milivoj','Sinković','262975331','2017-01-01 01:00:00+01','2017-01-01 01:00:00+01','1'),
	 ('62221497599',2,'borislav.ivic@tcom.hr','1234567890','Borislav','Ivić','213636631','2017-01-01 01:00:00+01','2017-01-01 01:00:00+01','1'),
	 ('80402200798',2,'rejjan.udovicic@monemail.com','1234567890','Rejjan','Udovičić','355102342','2017-01-01 01:00:00+01','2017-01-01 01:00:00+01','1'),
	 ('18135341075',2,'vladimir.filipovic@mailfence.com','1234567890','Vladimir','Filipović','484066998','2017-01-01 01:00:00+01','2017-01-01 01:00:00+01','1'),
	 ('68397610249',2,'veljko.majcan@mailo.eu','1234567890','Veljko','Majcan','6909202893','2017-01-01 01:00:00+01','2017-01-01 01:00:00+01','1'),
	 ('25225765223',2,'ella.pejic@startmail.com','1234567890','Ella','Pejić','7684958','2017-01-01 01:00:00+01','2017-01-01 01:00:00+01','1'),
	 ('57205516587',2,'vitomir.toncic@carnet.hr','1234567890','Vitomir','Tončić','505632820','2017-01-01 01:00:00+01','2017-01-01 01:00:00+01','1'),
	 ('89739047164',2,'anzela.kovac@web.de','1234567890','Anžela','Kovač','6806634063','2017-01-01 01:00:00+01','2017-01-01 01:00:00+01','1'),
	 ('39936287765',2,'karla.galusic@outlook.com','1234567890','Karla','Galušić','371425202','2017-01-01 01:00:00+01','2017-01-01 01:00:00+01','1'),
	 ('36585467088',2,'deana.miler@posteo.de','1234567890','Deana','Miler','63621223','2017-01-01 01:00:00+01','2017-01-01 01:00:00+01','1'),
	 ('87521231629',2,'gabriel.marijan@inet.hr','1234567890','Gabriel','Marijan','2221980435','2017-01-01 01:00:00+01','2017-01-01 01:00:00+01','1'),
	 ('66915574979',2,'franka.silic@mailo.eu','1234567890','Franka','Šilić','90878746','2017-01-01 01:00:00+01','2017-01-01 01:00:00+01','1'),
	 ('82728200438',2,'paula.razum@carnet.hr','1234567890','Paula','Razum','60927978','2017-01-01 01:00:00+01','2017-01-01 01:00:00+01','1'),
	 ('04176017226',2,'nicole.domijan@inet.hr','1234567890','Nicole','Domijan','372674184','2017-01-01 01:00:00+01','2017-01-01 01:00:00+01','1'),
	 ('23295051333',2,'andrej.jurica@gmail.com','1234567890','Andrej','Jurica','227675955','2017-01-01 01:00:00+01','2017-01-01 01:00:00+01','1'),
	 ('76253902196',2,'aleksa.spicar@proton.me','1234567890','Aleksa','Špicar','172115022647','2017-01-01 01:00:00+01','2017-01-01 01:00:00+01','1'),
	 ('32057855703',2,'anzela.alac@hotmail.com','1234567890','Anžela','Alač','2362117186','2017-01-01 01:00:00+01','2017-01-01 01:00:00+01','1'),
	 ('81542996621',2,'borko.bilicic@protonmail.com','1234567890','Borko','Biličić','377783941','2017-01-01 01:00:00+01','2017-01-01 01:00:00+01','1'),
	 ('22566640193',2,'vatroslav.podrebarac@amis.hr','1234567890','Vatroslav','Podrebarac','23243040944','2017-01-01 01:00:00+01','2017-01-01 01:00:00+01','1'),
	 ('61448313873',2,'radenko.zebec@monemail.com','1234567890','Radenko','Zebec','12428170890','2017-01-01 01:00:00+01','2017-01-01 01:00:00+01','1'),
	 ('10477702238',2,'noel.babic@carnet.hr','1234567890','Noel','Babić','53434132','2017-01-01 01:00:00+01','2017-01-01 01:00:00+01','1'),
	 ('72847078766',2,'vladimir.ivanisevic@msn.com','1234567890','Vladimir','Ivanišević','371651346','2017-01-01 01:00:00+01','2017-01-01 01:00:00+01','1'),
	 ('73093430160',2,'zejd.spicar@a1net.hr','1234567890','Zejd','Špicar','3864591715','2017-01-01 01:00:00+01','2017-01-01 01:00:00+01','1'),
	 ('29564187871',2,'sara.verner@tcom.hr','1234567890','Sara','Verner','673783619','2017-01-01 01:00:00+01','2017-01-01 01:00:00+01','0'),
	 ('57122847599',2,'grgur.ribanovic@lavache.com','1234567890','Grgur','Ribanović','8444346701','2017-01-01 01:00:00+01','2017-01-01 01:00:00+01','0'),
	 ('85669409792',2,'vitomir.brecic@aol.com','1234567890','Vitomir','Brečić','9745300770','2017-01-01 01:00:00+01','2017-01-01 01:00:00+01','0'),
	 ('77336315237',2,'boba.vlasic@net.hr','1234567890','Boba','Vlašić','6789381718','2017-01-01 01:00:00+01','2017-01-01 01:00:00+01','0'),
	 ('02218298989',2,'marjan.valent@carnet.hr','1234567890','Marjan','Valent','5237098228','2017-01-01 01:00:00+01','2017-01-01 01:00:00+01','1'),
	 ('03590458072',2,'dzanan.pavic@amis.hr','1234567890','Džanan','Pavič','9679245026','2017-01-01 01:00:00+01','2017-01-01 01:00:00+01','1'),
	 ('81648004364',2,'olja.veber@a1net.hr','1234567890','Olja','Veber','25095970563','2017-01-01 01:00:00+01','2017-01-01 01:00:00+01','1'),
	 ('29904357773',2,'bozidar.vanjak@gmx.de','1234567890','Božidar','Vanjak','1649540481','2017-01-01 01:00:00+01','2017-01-01 01:00:00+01','1'),
	 ('63328919256',2,'alena.cus@net.hr','1234567890','Alena','Ćus','993288968','2017-01-01 01:00:00+01','2017-01-01 01:00:00+01','1'),
	 ('67511908826',2,'irma.galovic@startmail.com','1234567890','Irma','Galović','23757149847','2017-01-01 01:00:00+01','2017-01-01 01:00:00+01','1'),
	 ('95305922619',2,'alina.borak@msn.com','1234567890','Alina','Borak','9819184559','2017-01-01 01:00:00+01','2017-01-01 01:00:00+01','1'),
	 ('89860416422',2,'vedrana.duskovic@startmail.com','1234567890','Vedrana','Dušković','26293960802','2017-01-01 01:00:00+01','2017-01-01 01:00:00+01','1'),
	 ('99828047662',2,'doris.peakovic@hotmail.com','1234567890','Doris','Peaković','4211692001','2017-01-01 01:00:00+01','2017-01-01 01:00:00+01','1'),
	 ('57507771225',2,'ranko.marcec@gmx.com','1234567890','Ranko','Marčec','290452637','2017-01-01 01:00:00+01','2017-01-01 01:00:00+01','1'),
	 ('04494190867',2,'blazenka.miletic@vip.hr','1234567890','Blaženka','Miletić','359749753','2017-01-01 01:00:00+01','2017-01-01 01:00:00+01','1'),
	 ('64354881940',2,'adriana.hocurscak@netcourrier.com','1234567890','Adriana','Hocurščak','65681954','2017-01-01 01:00:00+01','2017-01-01 01:00:00+01','1'),
	 ('78487973879',2,'joze.barac@aol.com','1234567890','Jože','Barac','1345840807','2017-01-01 01:00:00+01','2017-01-01 01:00:00+01','1'),
	 ('52098691992',2,'slaven.tomasic@posteo.de','1234567890','Slaven','Tomasić','86483163','2017-01-01 01:00:00+01','2017-01-01 01:00:00+01','1'),
	 ('34743948890',2,'snjezana.kovacec@tutanota.com','1234567890','Snježana','Kovačec','826200311','2017-01-01 01:00:00+01','2017-01-01 01:00:00+01','1'),
	 ('74523203614',2,'zana.krajina@hotmail.com','1234567890','Zana','Krajina','2121520950','2017-01-01 01:00:00+01','2017-01-01 01:00:00+01','1'),
	 ('72150008362',2,'gordana.demeter@tutanota.com','1234567890','Gordana','Demeter','67740984948','2017-01-01 01:00:00+01','2017-01-01 01:00:00+01','1'),
	 ('50927664455',2,'aleksa.matiasic@vip.hr','1234567890','Aleksa','Matiašić','2579720191','2017-01-01 01:00:00+01','2017-01-01 01:00:00+01','1'),
	 ('59073720051',2,'arno.stipanov@outlook.com','1234567890','Arno','Stipanov','144124632777','2017-01-01 01:00:00+01','2017-01-01 01:00:00+01','1'),
	 ('46349544424',2,'kristijan.balasko@net.hr','1234567890','Kristijan','Balaško','255396217','2017-01-01 01:00:00+01','2017-01-01 01:00:00+01','1'),
	 ('57432380717',2,'zejd.muler@mailbox.org','1234567890','Zejd','Muler','57368718','2017-01-01 01:00:00+01','2017-01-01 01:00:00+01','1'),
	 ('64545946876',2,'jurica.krstic@lavache.com','1234567890','Jurica','Krstić','68033173666','2017-01-01 01:00:00+01','2017-01-01 01:00:00+01','1'),
	 ('86237074009',2,'ervin.buric@inet.hr','1234567890','Ervin','Burić','26920493226','2017-01-01 01:00:00+01','2017-01-01 01:00:00+01','1'),
	 ('13069613427',2,'bruno.mudrinic@gmail.com','1234567890','Bruno','Mudrinić','266840066','2017-01-01 01:00:00+01','2017-01-01 01:00:00+01','1'),
	 ('16951721445',2,'anika.pauletic@net.hr','1234567890','Anika','Pauletić','5538591125','2017-01-01 01:00:00+01','2017-01-01 01:00:00+01','1'),
	 ('60884004764',2,'tihana.cicek@mailfence.com','1234567890','Tihana','Čiček','68515048960','2017-01-01 01:00:00+01','2017-01-01 01:00:00+01','1'),
	 ('99096267190',2,'jasna.prekrit@inet.hr','1234567890','Jasna','Prekrit','57701159','2017-01-01 01:00:00+01','2017-01-01 01:00:00+01','1'),
	 ('55040984243',2,'heradet.petrina@gmx.com','1234567890','Heradet','Petrina','56867843','2017-01-01 01:00:00+01','2017-01-01 01:00:00+01','1'),
	 ('17710408069',2,'kosta.lujic@a1net.hr','1234567890','Kosta','Lujić','5112019629','2017-01-01 01:00:00+01','2017-01-01 01:00:00+01','1'),
	 ('71936540059',2,'toma.snajder@posteo.de','1234567890','Toma','Šnajder','3462971109','2017-01-01 01:00:00+01','2017-01-01 01:00:00+01','1'),
	 ('12599386466',2,'dragoslav.novosel@inet.hr','1234567890','Dragoslav','Novosel','688243048','2017-01-01 01:00:00+01','2017-01-01 01:00:00+01','1'),
	 ('40948322895',2,'borena.petricevic@inet.hr','1234567890','Borena','Petrićević','6163278940','2017-01-01 01:00:00+01','2017-01-01 01:00:00+01','1'),
	 ('41328981067',2,'rino.valter@proton.me','1234567890','Rino','Valter','96815223943','2017-01-01 01:00:00+01','2017-01-01 01:00:00+01','1'),
	 ('17396870167',2,'mirta.zibrat@mailo.eu','1234567890','Mirta','Žibrat','64716834','2017-01-01 01:00:00+01','2017-01-01 01:00:00+01','1'),
	 ('78479455629',2,'emir.vrhovec@tutanota.com','1234567890','Emir','Vrhovec','99523379478','2017-01-01 01:00:00+01','2017-01-01 01:00:00+01','1'),
	 ('11158226802',2,'ian.petrina@proton.me','1234567890','Ian','Petrina','692284062','2017-01-01 01:00:00+01','2017-01-01 01:00:00+01','1'),
	 ('79011835887',2,'zejd.ludas@proton.me','1234567890','Zejd','Ludaš','998873111','2017-01-01 01:00:00+01','2017-01-01 01:00:00+01','1'),
	 ('68227624775',2,'leopold.lopec@inet.hr','1234567890','Leopold','Lopec','6783663543','2017-01-01 01:00:00+01','2017-01-01 01:00:00+01','1'),
	 ('17792227457',2,'lara.jung@carnet.hr','1234567890','Lara','Jung','166439646787','2017-01-01 01:00:00+01','2017-01-01 01:00:00+01','1'),
	 ('11266003590',2,'drazen.bakliza@amis.hr','1234567890','Dražen','Bakliža','23996131170','2017-01-01 01:00:00+01','2017-01-01 01:00:00+01','1'),
	 ('53799586805',2,'bozena.batic@amis.hr','1234567890','Božena','Batić','37766339310','2017-01-01 01:00:00+01','2017-01-01 01:00:00+01','1'),
	 ('09984701501',2,'neda.bertovic@netc.eu','1234567890','Neda','Bertović','59074651911','2017-01-01 01:00:00+01','2017-01-01 01:00:00+01','1'),
	 ('62024795751',2,'sara.vedak@mailfence.com','1234567890','Sara','Vedak','9636788649','2017-01-01 01:00:00+01','2017-01-01 01:00:00+01','1'),
	 ('94201071125',2,'karolina.zuccon@yahoo.com','1234567890','Karolina','Zuccon','853530612','2017-01-01 01:00:00+01','2017-01-01 01:00:00+01','1'),
	 ('68543878647',2,'tatjana.stevanovic@tcom.hr','1234567890','Tatjana','Stevanović','2521784675','2017-01-01 01:00:00+01','2017-01-01 01:00:00+01','1'),
	 ('25675100280',2,'jozo.leko@a1net.hr','1234567890','Jozo','Leko','849128688','2017-01-01 01:00:00+01','2017-01-01 01:00:00+01','1'),
	 ('72547717650',2,'kosta.butkovic@net.hr','1234567890','Kosta','Butković','1242120190','2017-01-01 01:00:00+01','2017-01-01 01:00:00+01','1'),
	 ('95359205348',2,'dora.mimica@net.hr','1234567890','Dora','Mimica','22053231739','2017-01-01 01:00:00+01','2017-01-01 01:00:00+01','1'),
	 ('42484214035',2,'drazen.marin@posteo.de','1234567890','Dražen','Marin','187632729886','2017-01-01 01:00:00+01','2017-01-01 01:00:00+01','1'),
	 ('52871752366',2,'azra.milosevic@aol.com','1234567890','Azra','Milošević','59510492034','2017-01-01 01:00:00+01','2017-01-01 01:00:00+01','1'),
	 ('59148023203',2,'florijan.sekelj@aol.com','1234567890','Florijan','Sekelj','17671642886','2017-01-01 01:00:00+01','2017-01-01 01:00:00+01','1'),
	 ('80526942370',2,'ervin.dragic@tutanota.com','1234567890','Ervin','Dragić','126419951215','2017-01-01 01:00:00+01','2017-01-01 01:00:00+01','1'),
	 ('75125984687',2,'ishak.zvorcec@proton.me','1234567890','Ishak','Zvorčec','2070636405','2017-01-01 01:00:00+01','2017-01-01 01:00:00+01','1'),
	 ('52615109854',2,'cedomir.pejic@msn.com','1234567890','Čedomir','Pejić','2264413096','2017-01-01 01:00:00+01','2017-01-01 01:00:00+01','1'),
	 ('50515266208',2,'zvonko.gluhak@posteo.de','1234567890','Zvonko','Gluhak','223239634','2017-01-01 01:00:00+01','2017-01-01 01:00:00+01','1'),
	 ('42769746260',2,'anes.ruzic@lavache.com','1234567890','Anes','Ruzić','475610521','2017-01-01 01:00:00+01','2017-01-01 01:00:00+01','1'),
	 ('31362906152',2,'vida.petricevic@a1net.hr','1234567890','Vida','Petrićević','385524434','2017-01-01 01:00:00+01','2017-01-01 01:00:00+01','1'),
	 ('41375044004',2,'edita.vukelic@lavache.com','1234567890','Edita','Vukelić','375387010','2017-01-01 01:00:00+01','2017-01-01 01:00:00+01','1'),
	 ('21169986117',2,'denis.ercegovac@gmx.de','1234567890','Denis','Ercegovac','3727704354','2017-01-01 01:00:00+01','2017-01-01 01:00:00+01','1'),
	 ('68630760379',2,'dalal.roncevic@gmail.com','1234567890','Dalal','Rončević','421404385','2017-01-01 01:00:00+01','2017-01-01 01:00:00+01','1'),
	 ('95504740478',2,'anto.vrhovec@yahoo.com','1234567890','Anto','Vrhovec','502991666','2017-01-01 01:00:00+01','2017-01-01 01:00:00+01','1'),
	 ('64218462377',2,'dalila.cepon@amis.hr','1234567890','Dalila','Čepon','2233605908','2017-01-01 01:00:00+01','2017-01-01 01:00:00+01','1'),
	 ('37167171968',2,'dalila.cipar@outlook.com','1234567890','Dalila','Cipar','167091722738','2017-01-01 01:00:00+01','2017-01-01 01:00:00+01','1'),
	 ('69537853523',2,'vuk.bosiljevac@web.de','1234567890','Vuk','Bosiljevac','233290150','2017-01-01 01:00:00+01','2017-01-01 01:00:00+01','1'),
	 ('22775352563',2,'lidia.pevec@vip.hr','1234567890','Lidia','Pevec','918727830','2017-01-01 01:00:00+01','2017-01-01 01:00:00+01','1'),
	 ('85101569249',2,'borko.nemec@lavache.com','1234567890','Borko','Nemec','24889788684','2017-01-01 01:00:00+01','2017-01-01 01:00:00+01','1'),
	 ('61540225636',2,'olja.dragic@live.com','1234567890','Olja','Dragić','2482607329','2017-01-01 01:00:00+01','2017-01-01 01:00:00+01','1'),
	 ('29457759124',2,'matea.vidakovic@hotmail.com','1234567890','Matea','Vidaković','68257994265','2017-01-01 01:00:00+01','2017-01-01 01:00:00+01','1'),
	 ('68149317735',2,'katica.ivanovic@tutanota.com','1234567890','Katica','Ivanović','5005657703','2017-01-01 01:00:00+01','2017-01-01 01:00:00+01','1'),
	 ('09409685906',2,'zdravko.marusevec@carnet.hr','1234567890','Zdravko','Maruševec','974425546','2017-01-01 01:00:00+01','2017-01-01 01:00:00+01','1'),
	 ('94262034943',2,'roman.oreskovic@web.de','1234567890','Roman','Orešković','639612883','2017-01-01 01:00:00+01','2017-01-01 01:00:00+01','1'),
	 ('18028612443',2,'ajla.smidt@proton.me','1234567890','Ajla','Šmidt','4464286292','2017-01-01 01:00:00+01','2017-01-01 01:00:00+01','1'),
	 ('82905354002',2,'abdulah.erceg@netcourrier.com','1234567890','Abdulah','Erceg','387781785','2017-01-01 01:00:00+01','2017-01-01 01:00:00+01','1'),
	 ('88914800880',2,'tijana.kovacevic@hotmail.com','1234567890','Tijana','Kovačević','16712649006','2017-01-01 01:00:00+01','2017-01-01 01:00:00+01','1'),
	 ('63249610069',2,'katica.cvetojevic@lavache.com','1234567890','Katica','Cvetojević','37322948950','2017-01-01 01:00:00+01','2017-01-01 01:00:00+01','1'),
	 ('05378482390',2,'ivona.arbanasic@protonmail.com','1234567890','Ivona','Arbanasić','227675714','2017-01-01 01:00:00+01','2017-01-01 01:00:00+01','1'),
	 ('66684148065',2,'ana.soskic@inet.hr','1234567890','Ana','Šoškić','36260599','2017-01-01 01:00:00+01','2017-01-01 01:00:00+01','1'),
	 ('65592260352',2,'iskra.baburic@protonmail.com','1234567890','Iskra','Baburić','48955791','2017-01-01 01:00:00+01','2017-01-01 01:00:00+01','1'),
	 ('44893834660',2,'marjan.sarc@aol.com','1234567890','Marjan','Šarc','229767638','2017-01-01 01:00:00+01','2017-01-01 01:00:00+01','1'),
	 ('37958812721',2,'damjan.maresti@web.de','1234567890','Damjan','Maresti','21370020095','2017-01-01 01:00:00+01','2017-01-01 01:00:00+01','1'),
	 ('50665509433',2,'nemanja.dusek@mailfence.com','1234567890','Nemanja','Dušek','2035829343','2017-01-01 01:00:00+01','2017-01-01 01:00:00+01','1'),
	 ('08587553584',2,'amer.ljutic@carnet.hr','1234567890','Amer','Ljutić','356966700','2017-01-01 01:00:00+01','2017-01-01 01:00:00+01','1'),
	 ('17674114429',2,'zelimir.lokin@protonmail.com','1234567890','Želimir','Lokin','12469796507','2017-01-01 01:00:00+01','2017-01-01 01:00:00+01','1'),
	 ('44904178810',2,'zlatibor.klun@monemail.com','1234567890','Zlatibor','Klun','21885979603','2017-01-01 01:00:00+01','2017-01-01 01:00:00+01','1'),
	 ('59417451337',2,'danko.galic@live.com','1234567890','Danko','Galić','172126235515','2017-01-01 01:00:00+01','2017-01-01 01:00:00+01','1'),
	 ('84711702897',2,'blanka.zgonjan@live.com','1234567890','Blanka','Zgonjan','221613106','2017-01-01 01:00:00+01','2017-01-01 01:00:00+01','1'),
	 ('47567911607',2,'cedomir.pazur@gmx.de','1234567890','Čedomir','Pažur','297213704','2017-01-01 01:00:00+01','2017-01-01 01:00:00+01','1'),
	 ('00088960444',2,'adis.vojta@gmail.com','1234567890','Adis','Vojta','35584274386','2017-01-01 01:00:00+01','2017-01-01 01:00:00+01','1'),
	 ('14954512106',2,'sebastian.tomas@a1net.hr','1234567890','Sebastian','Tomas','55133220','2017-01-01 01:00:00+01','2017-01-01 01:00:00+01','1'),
	 ('01445079960',2,'dinka.stanic@mailbox.org','1234567890','Dinka','Stanić','966348321','2017-01-01 01:00:00+01','2017-01-01 01:00:00+01','1'),
	 ('66862043991',2,'stella.trogrlic@mailfence.com','1234567890','Stella','Trogrlic','319440477','2017-01-01 01:00:00+01','2017-01-01 01:00:00+01','1'),
	 ('13149279120',2,'lucijan.galekovic@startmail.com','1234567890','Lucijan','Galeković','23387210873','2017-01-01 01:00:00+01','2017-01-01 01:00:00+01','1'),
	 ('50867685509',2,'mihaela.budimir@proton.me','1234567890','Mihaela','Budimir','676273997','2017-01-01 01:00:00+01','2017-01-01 01:00:00+01','1'),
	 ('47027187531',2,'janica.milinovic@mailo.eu','1234567890','Janica','Milinović','6912467517','2017-01-01 01:00:00+01','2017-01-01 01:00:00+01','1'),
	 ('94762451705',2,'stjepan.vukovik@gmx.de','1234567890','Stjepan','Vukovik','37272172341','2017-01-01 01:00:00+01','2017-01-01 01:00:00+01','1'),
	 ('03092221688',2,'ales.crnic@net.hr','1234567890','Aleš','Crnić','245746322','2017-01-01 01:00:00+01','2017-01-01 01:00:00+01','1'),
	 ('43330921662',2,'mihaela.salig@hotmail.com','1234567890','Mihaela','Šalig','622925607','2017-01-01 01:00:00+01','2017-01-01 01:00:00+01','1'),
	 ('82525694074',2,'dino.topolnik@netcourrier.com','1234567890','Dino','Topolnik','21397371628','2017-01-01 01:00:00+01','2017-01-01 01:00:00+01','1'),
	 ('32294448196',2,'rikardo.poldrugac@msn.com','1234567890','Rikardo','Poldrugač','66587366','2017-01-01 01:00:00+01','2017-01-01 01:00:00+01','1'),
	 ('75360157083',2,'zana.roglic@vip.hr','1234567890','Zana','Roglić','67434220746','2017-01-01 01:00:00+01','2017-01-01 01:00:00+01','1'),
	 ('89706441650',2,'dragan.magdic@netc.eu','1234567890','Dragan','Magdić','914625858','2017-01-01 01:00:00+01','2017-01-01 01:00:00+01','1'),
	 ('95480513180',2,'edita.marenic@posteo.de','1234567890','Edita','Marenić','974169598','2017-01-01 01:00:00+01','2017-01-01 01:00:00+01','1'),
	 ('33536816867',2,'ermin.remenar@inet.hr','1234567890','Ermin','Remenar','3809393210','2017-01-01 01:00:00+01','2017-01-01 01:00:00+01','1'),
	 ('41164163565',2,'masa.petrinjac@verizon.net','1234567890','Maša','Petrinjac','35852371267','2017-01-01 01:00:00+01','2017-01-01 01:00:00+01','1'),
	 ('82653742264',2,'alberto.kuzmanic@outlook.com','1234567890','Alberto','Kuzmanić','3711176904','2017-01-01 01:00:00+01','2017-01-01 01:00:00+01','1'),
	 ('76799652475',2,'milana.kovac@posteo.de','1234567890','Milana','Kovač','2636523613','2017-01-01 01:00:00+01','2017-01-01 01:00:00+01','1'),
	 ('93921135358',2,'omar.lenic@mailo.eu','1234567890','Omar','Lenić','977918579','2017-01-01 01:00:00+01','2017-01-01 01:00:00+01','1'),
	 ('29308207014',2,'sofia.pureta@a1net.hr','1234567890','Sofia','Pureta','35572332456','2017-01-01 01:00:00+01','2017-01-01 01:00:00+01','1'),
	 ('16265522503',2,'ian.niksic@verizon.net','1234567890','Ian','Nikšić','17873147026','2017-01-01 01:00:00+01','2017-01-01 01:00:00+01','1'),
	 ('22634418455',2,'noel.hranjec@monemail.com','1234567890','Noel','Hranjec','853386237','2017-01-01 01:00:00+01','2017-01-01 01:00:00+01','1'),
	 ('11862290428',2,'jerislav.vrga@tcom.hr','1234567890','Jerislav','Vrga','605227462','2017-01-01 01:00:00+01','2017-01-01 01:00:00+01','1'),
	 ('38804871273',2,'maria.golubic@aol.com','1234567890','Maria','Golubić','16848592167','2017-01-01 01:00:00+01','2017-01-01 01:00:00+01','1'),
	 ('71903101757',2,'kreso.suznjevic@proton.me','1234567890','Krešo','Sužnjević','852788155','2017-01-01 01:00:00+01','2017-01-01 01:00:00+01','1'),
	 ('30543862104',2,'mihaela.ljubanovic@mailfence.com','1234567890','Mihaela','Ljubanović','47548852','2017-01-01 01:00:00+01','2017-01-01 01:00:00+01','1'),
	 ('34567595799',2,'domagoj.simunac@gmx.de','1234567890','Domagoj','Šimunac','59390531500','2017-01-01 01:00:00+01','2017-01-01 01:00:00+01','1'),
	 ('99914386347',2,'dzan.vuglec@amis.hr','1234567890','Džan','Vuglec','2992938129','2017-01-01 01:00:00+01','2017-01-01 01:00:00+01','0'),
	 ('93998845042',2,'simona.brusic@msn.com','1234567890','Simona','Brusić','455131625','2017-01-01 01:00:00+01','2017-01-01 01:00:00+01','1'),
	 ('39747913108',2,'srecko.bujas@hotmail.com','1234567890','Srećko','Bujas','8538388718','2017-01-01 01:00:00+01','2017-01-01 01:00:00+01','1'),
	 ('48148083196',2,'mia.pavletic@yahoo.com','1234567890','Mia','Pavletić','357101019','2017-01-01 01:00:00+01','2017-01-01 01:00:00+01','1'),
	 ('01641785120',2,'srecko.sneider@hotmail.com','1234567890','Srećko','Šneider','2517381479','2017-01-01 01:00:00+01','2017-01-01 01:00:00+01','1'),
	 ('52920028547',2,'grgur.sevo@web.de','1234567890','Grgur','Ševo','2468829059','2017-01-01 01:00:00+01','2017-01-01 01:00:00+01','1'),
	 ('53535239098',2,'jura.pavlic@msn.com','1234567890','Jura','Pavlić','5812652197','2017-01-01 01:00:00+01','2017-01-01 01:00:00+01','1'),
	 ('83899294981',2,'milka.lenic@amis.hr','1234567890','Milka','Lenić','376941148','2017-01-01 01:00:00+01','2017-01-01 01:00:00+01','1'),
	 ('16817360056',2,'kreso.djurek@inet.hr','1234567890','Krešo','Djurek','4723584538','2017-01-01 01:00:00+01','2017-01-01 01:00:00+01','1'),
	 ('81439021726',2,'dalila.petrovik@a1net.hr','1234567890','Dalila','Petrovik','42030442036','2017-01-01 01:00:00+01','2017-01-01 01:00:00+01','1'),
	 ('18502115410',2,'adis.klun@hotmail.com','1234567890','Adis','Klun','225943141','2017-01-01 01:00:00+01','2017-01-01 01:00:00+01','1'),
	 ('87150415859',2,'eman.jakus@tcom.hr','1234567890','Eman','Jakuš','3828502725','2017-01-01 01:00:00+01','2017-01-01 01:00:00+01','1'),
	 ('55302287700',2,'almina.horzic@netcourrier.com','1234567890','Almina','Horžić','9651035375','2017-01-01 01:00:00+01','2017-01-01 01:00:00+01','1'),
	 ('18572281213',2,'nedjeljko.krizan@vip.hr','1234567890','Nedjeljko','Križan','96898731650','2017-01-01 01:00:00+01','2017-01-01 01:00:00+01','1'),
	 ('15304637109',2,'predrag.borstnar@netc.eu','1234567890','Predrag','Borštnar','977993299','2017-01-01 01:00:00+01','2017-01-01 01:00:00+01','1'),
	 ('96380267098',2,'ammar.arbanasic@lavache.com','1234567890','Ammar','Arbanasić','308668612','2017-01-01 01:00:00+01','2017-01-01 01:00:00+01','1'),
	 ('75489386755',2,'ammar.blaskovic@gmail.com','1234567890','Ammar','Blašković','688492653','2017-01-01 01:00:00+01','2017-01-01 01:00:00+01','1'),
	 ('50098945877',2,'rudolf.soskic@inet.hr','1234567890','Rudolf','Šoškić','3511754785','2017-01-01 01:00:00+01','2017-01-01 01:00:00+01','1'),
	 ('01073191732',2,'srecko.belan@gmail.com','1234567890','Srećko','Belan','144115034829','2017-01-01 01:00:00+01','2017-01-01 01:00:00+01','1'),
	 ('13835303020',2,'slavko.medenjak@vip.hr','1234567890','Slavko','Medenjak','2634674035','2017-01-01 01:00:00+01','2017-01-01 01:00:00+01','1'),
	 ('41001106812',2,'zdenka.music@lavache.com','1234567890','Zdenka','Mušić','954185581','2017-01-01 01:00:00+01','2017-01-01 01:00:00+01','1'),
	 ('30668607361',2,'bozena.zoldos@vip.hr','1234567890','Božena','Žoldoš','8858791975','2017-01-01 01:00:00+01','2017-01-01 01:00:00+01','1'),
	 ('97720438239',2,'ilhana.benjak@monemail.com','1234567890','Ilhana','Benjak','381922502','2017-01-01 01:00:00+01','2017-01-01 01:00:00+01','1'),
	 ('25338718307',2,'azra.simunovic@a1net.hr','1234567890','Azra','Simunović','37941667345','2017-01-01 01:00:00+01','2017-01-01 01:00:00+01','1'),
	 ('72031149944',2,'ksenija.bjelovuk@outlook.com','1234567890','Ksenija','Bjelovuk','977580446','2017-01-01 01:00:00+01','2017-01-01 01:00:00+01','1'),
	 ('77025152305',2,'jasenka.raic@mailfence.com','1234567890','Jasenka','Raić','59999844391','2017-01-01 01:00:00+01','2017-01-01 01:00:00+01','1'),
	 ('55019370671',2,'doris.globlek@outlook.com','1234567890','Doris','Globlek','2464580267','2017-01-01 01:00:00+01','2017-01-01 01:00:00+01','1'),
	 ('00870906326',2,'savo.basic@gmx.com','1234567890','Savo','Bašić','35572508753','2017-01-01 01:00:00+01','2017-01-01 01:00:00+01','1'),
	 ('58144441648',2,'miljen.loncar@tutanota.com','1234567890','Miljen','Lončar','26254849822','2017-01-01 01:00:00+01','2017-01-01 01:00:00+01','1'),
	 ('77180821660',2,'milivoj.adam@lavache.com','1234567890','Milivoj','Adam','9962983103','2017-01-01 01:00:00+01','2017-01-01 01:00:00+01','0'),
	 ('21620015853',2,'natasa.ilic@mailfence.com','1234567890','Nataša','Ilić','680398450','2017-01-01 01:00:00+01','2017-01-01 01:00:00+01','0'),
	 ('86262143520',2,'aleksa.marik@hotmail.com','1234567890','Aleksa','Marik','691317810','2017-01-01 01:00:00+01','2017-01-01 01:00:00+01','0'),
	 ('14491369255',2,'stjepan.grebenar@gmail.com','1234567890','Stjepan','Grebenar','934582621','2017-01-01 01:00:00+01','2017-01-01 01:00:00+01','1'),
	 ('71211090386',2,'luca.latin@gmx.de','1234567890','Luca','Latin','379860770','2017-01-01 01:00:00+01','2017-01-01 01:00:00+01','1'),
	 ('72210857063',2,'bepo.mestric@outlook.com','1234567890','Bepo','Meštrić','487092862','2017-01-01 01:00:00+01','2017-01-01 01:00:00+01','1'),
	 ('24036237326',2,'mirta.buljat@amis.hr','1234567890','Mirta','Buljat','973262504','2017-01-01 01:00:00+01','2017-01-01 01:00:00+01','1'),
	 ('15664716161',2,'andraz.zubcic@lavache.com','1234567890','Andraž','Zubčić','2688228744','2017-01-01 01:00:00+01','2017-01-01 01:00:00+01','1'),
	 ('04768517006',2,'josip.busic@gmx.com','1234567890','Josip','Bušić','59348580942','2017-01-01 01:00:00+01','2017-01-01 01:00:00+01','1'),
	 ('43217546641',2,'donatela.jurjevic@carnet.hr','1234567890','Donatela','Jurjević','1245965','2017-01-01 01:00:00+01','2017-01-01 01:00:00+01','1'),
	 ('45222912690',2,'ognjen.vojta@mailbox.org','1234567890','Ognjen','Vojta','2267595801','2017-01-01 01:00:00+01','2017-01-01 01:00:00+01','1'),
	 ('34825237240',2,'nevena.crnkovic@netc.eu','1234567890','Nevena','Crnković','94632205','2017-01-01 01:00:00+01','2017-01-01 01:00:00+01','1'),
	 ('38279484782',2,'sasa.milinkovic@mailbox.org','1234567890','Saša','Milinković','681178719','2017-01-01 01:00:00+01','2017-01-01 01:00:00+01','1'),
	 ('03327529225',2,'amra.dragic@posteo.de','1234567890','Amra','Dragić','354633831','2017-01-01 01:00:00+01','2017-01-01 01:00:00+01','1'),
	 ('73406960701',2,'gorazd.latin@mailfence.com','1234567890','Gorazd','Latin','237968547','2017-01-01 01:00:00+01','2017-01-01 01:00:00+01','1'),
	 ('91954504216',2,'klara.bulaja@tutanota.com','1234567890','Klara','Bulaja','686103402','2017-01-01 01:00:00+01','2017-01-01 01:00:00+01','1'),
	 ('99343933769',2,'olja.rasic@verizon.net','1234567890','Olja','Rašić','38577468235','2017-01-01 01:00:00+01','2017-01-01 01:00:00+01','1'),
	 ('15743552013',2,'antonio.brajkovic@netcourrier.com','1234567890','Antonio','Brajković','3289969116','2017-01-01 01:00:00+01','2017-01-01 01:00:00+01','1'),
	 ('55063500270',2,'armin.ribic@net.hr','1234567890','Armin','Ribić','649008630','2017-01-01 01:00:00+01','2017-01-01 01:00:00+01','1'),
	 ('87720647674',2,'grgur.protulipac@verizon.net','1234567890','Grgur','Protulipac','787607538','2017-01-01 01:00:00+01','2017-01-01 01:00:00+01','1'),
	 ('63516292742',2,'jadranko.becker@proton.me','1234567890','Jadranko','Becker','595794746','2017-01-01 01:00:00+01','2017-01-01 01:00:00+01','1'),
	 ('92439677228',2,'dzanan.martincic@mailfence.com','1234567890','Džanan','Martinčić','934719464','2017-01-01 01:00:00+01','2017-01-01 01:00:00+01','1'),
	 ('14768178714',2,'amer.jelavic@gmx.com','1234567890','Amer','Jelavić','8266540389','2017-01-01 01:00:00+01','2017-01-01 01:00:00+01','1'),
	 ('20261187908',2,'lucija.plazonic@yahoo.com','1234567890','Lucija','Plazonić','8475726671','2017-01-01 01:00:00+01','2017-01-01 01:00:00+01','1'),
	 ('53793203662',2,'zeljka.marusevec@proton.me','1234567890','Željka','Maruševec','6925352583','2017-01-01 01:00:00+01','2017-01-01 01:00:00+01','1'),
	 ('59714337783',2,'kerim.tokic@mailo.eu','1234567890','Kerim','Tokić','99231557941','2017-01-01 01:00:00+01','2017-01-01 01:00:00+01','1'),
	 ('02526352184',2,'mihajlo.duh@monemail.com','1234567890','Mihajlo','Duh','262523059','2017-01-01 01:00:00+01','2017-01-01 01:00:00+01','1'),
	 ('12067858596',2,'maid.belan@gmx.de','1234567890','Maid','Belan','23868610378','2017-01-01 01:00:00+01','2017-01-01 01:00:00+01','1'),
	 ('80224877853',2,'bilal.milicevic@tutanota.com','1234567890','Bilal','Milićević','26663203772','2017-01-01 01:00:00+01','2017-01-01 01:00:00+01','1'),
	 ('33931372285',2,'amela.ostric@hotmail.com','1234567890','Amela','Oštrić','211847084','2017-01-01 01:00:00+01','2017-01-01 01:00:00+01','1'),
	 ('33583137312',2,'nino.brecic@mailo.eu','1234567890','Nino','Brečić','2631159691','2017-01-01 01:00:00+01','2017-01-01 01:00:00+01','0'),
	 ('38514955967',2,'perino.desic@lavache.com','1234567890','Perino','Desić','67896321238','2017-01-01 01:00:00+01','2017-01-01 01:00:00+01','0'),
	 ('33761673431',2,'dorde.segon@gmx.com','1234567890','Đorđe','Šegon','187656485638','2017-01-01 01:00:00+01','2017-01-01 01:00:00+01','0'),
	 ('36552046577',2,'predrag.andrijanic@startmail.com','1234567890','Predrag','Andrijanić','21238193079','2017-01-01 01:00:00+01','2017-01-01 01:00:00+01','0'),
	 ('88959911406',2,'vibor.kovacec@gmx.de','1234567890','Vibor','Kovačec','50962001162','2017-01-01 01:00:00+01','2017-01-01 01:00:00+01','0'),
	 ('34290541390',2,'marta.rac@hotmail.com','1234567890','Marta','Rac','2589634912','2017-01-01 01:00:00+01','2017-01-01 01:00:00+01','1'),
	 ('50629276619',2,'spomenko.filiplic@inet.hr','1234567890','Spomenko','Filiplić','50228619013','2017-01-01 01:00:00+01','2017-01-01 01:00:00+01','1'),
	 ('37555418365',2,'doris.jelicic@tcom.hr','1234567890','Doris','Jeličić','23844572518','2017-01-01 01:00:00+01','2017-01-01 01:00:00+01','1'),
	 ('97054548925',2,'roman.bacelic@protonmail.com','1234567890','Roman','Bacelić','361905382','2017-01-01 01:00:00+01','2017-01-01 01:00:00+01','1'),
	 ('19014630758',2,'drago.dzajic@gmail.com','1234567890','Drago','Džajić','97457750639','2017-01-01 01:00:00+01','2017-01-01 01:00:00+01','1'),
	 ('45311000028',2,'blazenka.barac@tcom.hr','1234567890','Blaženka','Barac','23446770348','2017-01-01 01:00:00+01','2017-01-01 01:00:00+01','1'),
	 ('31072387620',2,'vjeran.baldigara@aol.com','1234567890','Vjeran','Baldigara','147359189913','2017-01-01 01:00:00+01','2017-01-01 01:00:00+01','1'),
	 ('69436137631',2,'nicole.lackovic@netc.eu','1234567890','Nicole','Lacković','45299533','2017-01-01 01:00:00+01','2017-01-01 01:00:00+01','1'),
	 ('98892546346',2,'zora.pavlic@protonmail.com','1234567890','Zora','Pavlić','6737707017','2017-01-01 01:00:00+01','2017-01-01 01:00:00+01','1'),
	 ('83373902073',2,'niksa.katulic@monemail.com','1234567890','Nikša','Katulić','59926115795','2017-01-01 01:00:00+01','2017-01-01 01:00:00+01','1'),
	 ('77027609229',2,'janica.pavlekovic@netcourrier.com','1234567890','Janica','Pavleković','65633781','2017-01-01 01:00:00+01','2017-01-01 01:00:00+01','1'),
	 ('31714561824',2,'farah.marik@amis.hr','1234567890','Farah','Marik','60752632','2017-01-01 01:00:00+01','2017-01-01 01:00:00+01','1'),
	 ('47300047356',2,'dijana.badovinac@web.de','1234567890','Dijana','Badovinac','34764784','2017-01-01 01:00:00+01','2017-01-01 01:00:00+01','1'),
	 ('90939816443',2,'bojana.smuc@startmail.com','1234567890','Bojana','Šmuc','144114556398','2017-01-01 01:00:00+01','2017-01-01 01:00:00+01','1'),
	 ('11130055469',2,'rejjan.filiplic@gmx.com','1234567890','Rejjan','Filiplić','591702494','2017-01-01 01:00:00+01','2017-01-01 01:00:00+01','1'),
	 ('18857636442',2,'vedad.toma@msn.com','1234567890','Vedad','Toma','936140610','2017-01-01 01:00:00+01','2017-01-01 01:00:00+01','1'),
	 ('44067350410',2,'alena.kapic@posteo.de','1234567890','Alena','Kapić','268601125','2017-01-01 01:00:00+01','2017-01-01 01:00:00+01','1'),
	 ('42631720959',2,'meri.matkovic@protonmail.com','1234567890','Meri','Matković','40114367','2017-01-01 01:00:00+01','2017-01-01 01:00:00+01','1'),
	 ('73129836034',2,'danijel.ivkovic@msn.com','1234567890','Danijel','Ivković','67085439744','2017-01-01 01:00:00+01','2017-01-01 01:00:00+01','1'),
	 ('08891475996',2,'ljerka.music@vip.hr','1234567890','Ljerka','Mušić','2352245899','2017-01-01 01:00:00+01','2017-01-01 01:00:00+01','1'),
	 ('89529280252',2,'dorde.turudic@protonmail.com','1234567890','Đorđe','Turudić','44153447329315','2017-01-01 01:00:00+01','2017-01-01 01:00:00+01','1'),
	 ('81678342565',2,'radovan.pongrac@netcourrier.com','1234567890','Radovan','Pongrac','6925672620','2017-01-01 01:00:00+01','2017-01-01 01:00:00+01','1'),
	 ('32543204083',2,'zejd.sehovic@inet.hr','1234567890','Zejd','Šehović','67992010305','2017-01-01 01:00:00+01','2017-01-01 01:00:00+01','1'),
	 ('07387019183',2,'miha.petkovic@tcom.hr','1234567890','Miha','Petković','23459737624','2017-01-01 01:00:00+01','2017-01-01 01:00:00+01','1'),
	 ('31015519570',2,'sinisa.miljevic@vip.hr','1234567890','Siniša','Miljević','258638984','2017-01-01 01:00:00+01','2017-01-01 01:00:00+01','1'),
	 ('75020506026',2,'irma.borstnar@startmail.com','1234567890','Irma','Borštnar','2309169172','2017-01-01 01:00:00+01','2017-01-01 01:00:00+01','1'),
	 ('73549535393',2,'ivan.ivanov@yahoo.com','1234567890','Ivan','Ivanov','0981234567','2017-01-01 00:00:00+01','2017-01-01 00:00:00+01','1'),
	 ('83960321487',2,'dzan.sikic@netcourrier.com','1234567890','Džan','Šikić','3793551598','2017-01-01 01:00:00+01','2017-01-01 01:00:00+01','1'),
	 ('75167644983',2,'lejla.kadak@gmx.com','1234567890','Lejla','Kadak','265513923','2017-01-01 01:00:00+01','2017-01-01 01:00:00+01','1'),
	 ('24068778481',2,'karmen.brcic@proton.me','1234567890','Karmen','Brčić','50318560548','2017-01-01 01:00:00+01','2017-01-01 01:00:00+01','1'),
	 ('22136090288',2,'marjan.topic@protonmail.com','1234567890','Marjan','Topić','9634711032','2017-01-01 01:00:00+01','2017-01-01 01:00:00+01','1'),
	 ('21665169581',2,'irma.topic@yahoo.com','1234567890','Irma','Topić','227187023','2017-01-01 01:00:00+01','2017-01-01 01:00:00+01','1'),
	 ('21507771748',2,'eman.perak@gmx.de','1234567890','Eman','Perak','995169250','2017-01-01 01:00:00+01','2017-01-01 01:00:00+01','0'),
	 ('48526020595',2,'lejla.kruzic@gmail.com','1234567890','Lejla','Kružić','500875398','2017-01-01 01:00:00+01','2017-01-01 01:00:00+01','0'),
	 ('62576394220',2,'ljubomir.bogovic@amis.hr','1234567890','Ljubomir','Bogović','59885589327','2017-01-01 01:00:00+01','2017-01-01 01:00:00+01','0'),
	 ('47616633798',2,'emanuela.franic@verizon.net','1234567890','Emanuela','Franić','968307621','2017-01-01 01:00:00+01','2017-01-01 01:00:00+01','0'),
	 ('90541784352',2,'miljana.stipanov@gmx.de','1234567890','Miljana','Stipanov','17584621102','2017-01-01 01:00:00+01','2017-01-01 01:00:00+01','0'),
	 ('21791968173',2,'jasmina.vatavuk@netcourrier.com','1234567890','Jasmina','Vatavuk','9703087123','2017-01-01 01:00:00+01','2017-01-01 01:00:00+01','0'),
	 ('61012493463',2,'borislav.radocaj@posteo.de','1234567890','Borislav','Radočaj','376508416','2017-01-01 01:00:00+01','2017-01-01 01:00:00+01','0'),
	 ('08925828295',2,'tina.starcevic@inet.hr','1234567890','Tina','Starčević','3216279751','2017-01-01 01:00:00+01','2017-01-01 01:00:00+01','0'),
	 ('20892132595',2,'nicole.anic@aol.com','1234567890','Nicole','Anić','264199541','2017-01-01 01:00:00+01','2017-01-01 01:00:00+01','0'),
	 ('20761299971',2,'fran.kucan@aol.com','1234567890','Fran','Kučan','5617583337','2017-01-01 01:00:00+01','2017-01-01 01:00:00+01','0'),
	 ('57152889788',2,'borko.obad@gmail.com','1234567890','Borko','Obad','2244792876','2017-01-01 01:00:00+01','2017-01-01 01:00:00+01','0'),
	 ('02930029857',2,'tina.smolic@carnet.hr','1234567890','Tina','Smolić','96052562604','2017-01-01 01:00:00+01','2017-01-01 01:00:00+01','0'),
	 ('13237786068',2,'ishak.paic@protonmail.com','1234567890','Ishak','Paić','24313393336','2017-01-01 01:00:00+01','2017-01-01 01:00:00+01','0'),
	 ('32171626074',2,'ensar.cicek@startmail.com','1234567890','Ensar','Čiček','992445736','2017-01-01 01:00:00+01','2017-01-01 01:00:00+01','0'),
	 ('18391775996',2,'dimitrije.herceg@hotmail.com','1234567890','Dimitrije','Herceg','21689234408','2017-01-01 01:00:00+01','2017-01-01 01:00:00+01','0'),
	 ('68995330694',2,'pia.smit@netcourrier.com','1234567890','Pia','Šmit','126461445466','2017-01-01 01:00:00+01','2017-01-01 01:00:00+01','0'),
	 ('53248352760',2,'vibor.soric@netcourrier.com','1234567890','Vibor','Sorić','692843549','2017-01-01 01:00:00+01','2017-01-01 01:00:00+01','0'),
	 ('64221331268',2,'melina.schmit@mailbox.org','1234567890','Melina','Schmit','5057228099','2017-01-01 01:00:00+01','2017-01-01 01:00:00+01','0'),
	 ('52589517665',2,'bozidar.kos@gmx.de','1234567890','Božidar','Koš','69235516599','2017-01-01 01:00:00+01','2017-01-01 01:00:00+01','0'),
	 ('29407120083',3,'marko.music@hotmail.com','1234567890','Marko','Mušić','962473510','2017-01-01 01:00:00+01','2017-01-01 01:00:00+01','0'),
	 ('15219904623',3,'eda.sekulic@verizon.net','1234567890','Eda','Sekulić','36682996','2017-01-01 01:00:00+01','2017-01-01 01:00:00+01','0'),
	 ('04333632621',3,'antonio.toma@netcourrier.com','1234567890','Antonio','Toma','99530962590','2017-01-01 01:00:00+01','2017-01-01 01:00:00+01','0'),
	 ('36444216603',3,'biljana.brus@netc.eu','1234567890','Biljana','Brus','37279092974','2017-01-01 01:00:00+01','2017-01-01 01:00:00+01','0'),
	 ('07416914773',3,'martin.fruk@netcourrier.com','1234567890','Martin','Fruk','7989882','2017-01-01 01:00:00+01','2017-01-01 01:00:00+01','0'),
	 ('45595990744',3,'kalina.cus@lavache.com','1234567890','Kalina','Ćus','680838279','2017-01-01 01:00:00+01','2017-01-01 01:00:00+01','0'),
	 ('67172406967',3,'nevesin.beker@gmx.de','1234567890','Nevesin','Beker','67647330699','2017-01-01 01:00:00+01','2017-01-01 01:00:00+01','0'),
	 ('63738388317',3,'vinko.miletic@startmail.com','1234567890','Vinko','Miletić','59081413990','2017-01-01 01:00:00+01','2017-01-01 01:00:00+01','0'),
	 ('74283445569',3,'eman.makovec@live.com','1234567890','Eman','Makovec','254940981','2017-01-01 01:00:00+01','2017-01-01 01:00:00+01','0'),
	 ('19573669185',3,'lena.juric@protonmail.com','1234567890','Lena','Jurić','723913275','2017-01-01 01:00:00+01','2017-01-01 01:00:00+01','0'),
	 ('57422035392',3,'adem.petrina@gmx.de','1234567890','Adem','Petrina','99873073851','2017-01-01 01:00:00+01','2017-01-01 01:00:00+01','0'),
	 ('13732869745',3,'ilijas.kucak@carnet.hr','1234567890','Ilijaš','Kucak','22999107847','2017-01-01 01:00:00+01','2017-01-01 01:00:00+01','0'),
	 ('27277823923',3,'davorin.milivojevic@startmail.com','1234567890','Davorin','Milivojević','290643442','2017-01-01 01:00:00+01','2017-01-01 01:00:00+01','0'),
	 ('68302614911',3,'kristijan.bedrica@vip.hr','1234567890','Kristijan','Bedrica','243934897','2017-01-01 01:00:00+01','2017-01-01 01:00:00+01','0'),
	 ('27588701919',3,'josip.cipan@mailbox.org','1234567890','Josip','Cipan','1721492910','2017-01-01 01:00:00+01','2017-01-01 01:00:00+01','0'),
	 ('22738592526',3,'sinisa.mihalj@gmx.de','1234567890','Siniša','Mihalj','5997196290','2017-01-01 01:00:00+01','2017-01-01 01:00:00+01','0'),
	 ('04325466272',3,'paula.lokin@mailfence.com','1234567890','Paula','Lokin','612733655','2017-01-01 01:00:00+01','2017-01-01 01:00:00+01','0'),
	 ('24808292429',3,'milivoj.javor@msn.com','1234567890','Milivoj','Javor','325302521','2017-01-01 01:00:00+01','2017-01-01 01:00:00+01','0'),
	 ('95510763522',3,'marijo.vuckovic@carnet.hr','1234567890','Marijo','Vučković','26479138375','2017-01-01 01:00:00+01','2017-01-01 01:00:00+01','0'),
	 ('83830665966',3,'uma.fruk@msn.com','1234567890','Uma','Fruk','97528480303','2017-01-01 01:00:00+01','2017-01-01 01:00:00+01','0'),
	 ('68759797530',3,'franko.mihaljevic@hotmail.com','1234567890','Franko','Mihaljević','9967461323','2017-01-01 01:00:00+01','2017-01-01 01:00:00+01','0'),
	 ('65774082368',3,'haris.tusek@aol.com','1234567890','Haris','Tušek','85385908583','2017-01-01 01:00:00+01','2017-01-01 01:00:00+01','0'),
	 ('61578415911',3,'emrah.butkovic@msn.com','1234567890','Emrah','Butković','40348024','2017-01-01 01:00:00+01','2017-01-01 01:00:00+01','0'),
	 ('17293122415',3,'paola.izakovic@msn.com','1234567890','Paola','Izaković','880247050','2017-01-01 01:00:00+01','2017-01-01 01:00:00+01','0'),
	 ('07652362012',3,'ella.majstorovic@inet.hr','1234567890','Ella','Majstorović','2216973864','2017-01-01 01:00:00+01','2017-01-01 01:00:00+01','0'),
	 ('97048924298',3,'koko.klaric@live.com','1234567890','Koko','Klarić','46520399','2017-01-01 01:00:00+01','2017-01-01 01:00:00+01','0'),
	 ('74101543775',3,'tijana.ledinek@hotmail.com','1234567890','Tijana','Ledinek','41580173','2017-01-01 01:00:00+01','2017-01-01 01:00:00+01','0'),
	 ('77805665761',3,'franko.orescanin@mailo.eu','1234567890','Franko','Oreščanin','42373461752','2017-01-01 01:00:00+01','2017-01-01 01:00:00+01','0'),
	 ('99590530935',3,'rok.tomasic@live.com','1234567890','Rok','Tomašić','3736133609','2017-01-01 01:00:00+01','2017-01-01 01:00:00+01','0'),
	 ('93228463253',3,'koko.starcevic@web.de','1234567890','Koko','Starčević','4130725880','2017-01-01 01:00:00+01','2017-01-01 01:00:00+01','0'),
	 ('60561973718',3,'danilo.bosner@proton.me','1234567890','Danilo','Bosner','24058623020','2017-01-01 01:00:00+01','2017-01-01 01:00:00+01','0'),
	 ('80254378476',3,'ljubomir.rozman@proton.me','1234567890','Ljubomir','Rožman','681882634','2017-01-01 01:00:00+01','2017-01-01 01:00:00+01','0'),
	 ('99700812196',3,'amra.cipar@gmx.com','1234567890','Amra','Cipar','9739993397','2017-01-01 01:00:00+01','2017-01-01 01:00:00+01','0'),
	 ('50058491312',3,'lenka.kruzic@gmail.com','1234567890','Lenka','Kružić','5449904011','2017-01-01 01:00:00+01','2017-01-01 01:00:00+01','0'),
	 ('56146184565',3,'andrijana.mihalic@protonmail.com','1234567890','Andrijana','Mihalić','38113086603','2017-01-01 01:00:00+01','2017-01-01 01:00:00+01','0'),
	 ('36031017693',3,'emanuela.majic@net.hr','1234567890','Emanuela','Majić','5136277598','2017-01-01 01:00:00+01','2017-01-01 01:00:00+01','0'),
	 ('39948243989',3,'dino.sumajstorcic@gmx.de','1234567890','Dino','Sumajstorčić','29091370846','2017-01-01 01:00:00+01','2017-01-01 01:00:00+01','0'),
	 ('21179840766',3,'jerislav.vnucec@vip.hr','1234567890','Jerislav','Vnučec','2311503483','2017-01-01 01:00:00+01','2017-01-01 01:00:00+01','0'),
	 ('36766180035',3,'asja.mandic@proton.me','1234567890','Asja','Mandić','38228914784','2017-01-01 01:00:00+01','2017-01-01 01:00:00+01','0'),
	 ('32526377327',3,'vladimir.vukic@gmail.com','1234567890','Vladimir','Vukić','18681519768','2017-01-01 01:00:00+01','2017-01-01 01:00:00+01','0'),
	 ('44433814448',3,'dunja.kolundzic@startmail.com','1234567890','Dunja','Kolundžić','38223386113','2017-01-01 01:00:00+01','2017-01-01 01:00:00+01','0'),
	 ('74162507590',3,'andelo.cindric@gmx.de','1234567890','Anđelo','Cindrić','6733485451','2017-01-01 01:00:00+01','2017-01-01 01:00:00+01','0'),
	 ('27290399563',3,'strahimir.delic@monemail.com','1234567890','Strahimir','Delić','38080135239','2017-01-01 01:00:00+01','2017-01-01 01:00:00+01','0'),
	 ('90452779580',3,'sinisa.dragic@outlook.com','1234567890','Siniša','Dragić','381402379','2017-01-01 01:00:00+01','2017-01-01 01:00:00+01','0'),
	 ('05763406077',3,'kristijan.vrhoci@carnet.hr','1234567890','Kristijan','Vrhoci','239186212','2017-01-01 01:00:00+01','2017-01-01 01:00:00+01','0'),
	 ('58325768198',3,'ines.ivancic@mailbox.org','1234567890','Ines','Ivančić','995687573','2017-01-01 01:00:00+01','2017-01-01 01:00:00+01','0'),
	 ('52154453813',3,'visnja.prstec@startmail.com','1234567890','Višnja','Prstec','67041905909','2017-01-01 01:00:00+01','2017-01-01 01:00:00+01','0'),
	 ('43275302437',3,'kosta.knez@netc.eu','1234567890','Kosta','Knež','167082018510','2017-01-01 01:00:00+01','2017-01-01 01:00:00+01','0'),
	 ('57841849760',3,'korina.ferencak@hotmail.com','1234567890','Korina','Ferenčak','501171979','2017-01-01 01:00:00+01','2017-01-01 01:00:00+01','0'),
	 ('71317483605',3,'tom.spanec@net.hr','1234567890','Tom','Španec','297495887','2017-01-01 01:00:00+01','2017-01-01 01:00:00+01','0'),
	 ('04624654070',3,'adijan.skvorc@tutanota.com','1234567890','Adijan','Škvorc','960341919','2017-01-01 01:00:00+01','2017-01-01 01:00:00+01','0'),
	 ('45452272216',3,'mirjana.koscak@protonmail.com','1234567890','Mirjana','Košćak','378849820','2017-01-01 01:00:00+01','2017-01-01 01:00:00+01','0'),
	 ('05351210345',3,'antonio.majic@web.de','1234567890','Antonio','Majić','38238312250','2017-01-01 01:00:00+01','2017-01-01 01:00:00+01','0'),
	 ('60805536877',3,'zvonko.grubisic@mailo.eu','1234567890','Zvonko','Grubišić','996221106','2017-01-01 01:00:00+01','2017-01-01 01:00:00+01','0'),
	 ('32728779843',3,'zrinka.domazet@mailbox.org','1234567890','Zrinka','Domazet','9674396950','2017-01-01 01:00:00+01','2017-01-01 01:00:00+01','0'),
	 ('49725777955',3,'anja.schmit@inet.hr','1234567890','Anja','Schmit','96013421326','2017-01-01 01:00:00+01','2017-01-01 01:00:00+01','0'),
	 ('86762246474',3,'olga.spajic@amis.hr','1234567890','Olga','Spajić','5978813262','2017-01-01 01:00:00+01','2017-01-01 01:00:00+01','0'),
	 ('40398575145',3,'dunja.muvrin@mailbox.org','1234567890','Dunja','Muvrin','50669707546','2017-01-01 01:00:00+01','2017-01-01 01:00:00+01','0'),
	 ('99939036173',3,'arno.medved@protonmail.com','1234567890','Arno','Medved','590686541','2017-01-01 01:00:00+01','2017-01-01 01:00:00+01','0'),
	 ('02775683673',3,'lejla.crnic@posteo.de','1234567890','Lejla','Crnić','3804468542','2017-01-01 01:00:00+01','2017-01-01 01:00:00+01','0'),
	 ('49277578176',3,'slaven.cenan@outlook.com','1234567890','Slaven','Cenan','1242921900','2017-01-01 01:00:00+01','2017-01-01 01:00:00+01','0'),
	 ('06444404464',3,'silvija.zivko@protonmail.com','1234567890','Silvija','Živko','1649662271','2017-01-01 01:00:00+01','2017-01-01 01:00:00+01','0'),
	 ('26454791667',3,'anes.simunovic@live.com','1234567890','Anes','Simunović','971295767','2017-01-01 01:00:00+01','2017-01-01 01:00:00+01','0'),
	 ('19782086235',3,'patrik.bedrica@gmx.de','1234567890','Patrik','Bedrica','355405634','2017-01-01 01:00:00+01','2017-01-01 01:00:00+01','0'),
	 ('40073789810',3,'mirna.kustrak@tcom.hr','1234567890','Mirna','Kuštrak','9649485417','2017-01-01 01:00:00+01','2017-01-01 01:00:00+01','0'),
	 ('35204153194',3,'ivor.basic@lavache.com','1234567890','Ivor','Bašić','389932536','2017-01-01 01:00:00+01','2017-01-01 01:00:00+01','0'),
	 ('94121388798',3,'tihomir.dabic@tutanota.com','1234567890','Tihomir','Dabić','235961289','2017-01-01 01:00:00+01','2017-01-01 01:00:00+01','0'),
	 ('41829946559',3,'sofia.makar@verizon.net','1234567890','Sofia','Makar','22298652865','2017-01-01 01:00:00+01','2017-01-01 01:00:00+01','0'),
	 ('42614348151',3,'marino.strok@hotmail.com','1234567890','Marino','Štrok','97128580129','2017-01-01 01:00:00+01','2017-01-01 01:00:00+01','0'),
	 ('01949600419',3,'ella.pauletic@gmx.de','1234567890','Ella','Pauletić','2337756271','2017-01-01 01:00:00+01','2017-01-01 01:00:00+01','0'),
	 ('74418647196',3,'zdeslav.zrvnar@netcourrier.com','1234567890','Zdeslav','Žrvnar','29742231849','2017-01-01 01:00:00+01','2017-01-01 01:00:00+01','0'),
	 ('56986690563',3,'hana.geric@proton.me','1234567890','Hana','Gerić','186812118060','2017-01-01 01:00:00+01','2017-01-01 01:00:00+01','0'),
	 ('73034626220',3,'ismar.dika@mailfence.com','1234567890','Ismar','Dika','458078136','2017-01-01 01:00:00+01','2017-01-01 01:00:00+01','0'),
	 ('67037340321',3,'vitomir.kelemen@netc.eu','1234567890','Vitomir','Kelemen','16644623503','2017-01-01 01:00:00+01','2017-01-01 01:00:00+01','0'),
	 ('99177744971',3,'jura.bradaska@proton.me','1234567890','Jura','Bradaška','985371282','2017-01-01 01:00:00+01','2017-01-01 01:00:00+01','0'),
	 ('11755878668',3,'gordana.kober@mailo.eu','1234567890','Gordana','Kober','23238740107','2017-01-01 01:00:00+01','2017-01-01 01:00:00+01','0'),
	 ('26478943613',3,'denis.veber@gmail.com','1234567890','Denis','Veber','5034079737','2017-01-01 01:00:00+01','2017-01-01 01:00:00+01','0'),
	 ('68541799920',3,'marta.juretic@netc.eu','1234567890','Marta','Juretić','172191527669','2017-01-01 01:00:00+01','2017-01-01 01:00:00+01','0'),
	 ('23270139475',3,'sebastian.kucak@aol.com','1234567890','Sebastian','Kucak','6762705310','2017-01-01 01:00:00+01','2017-01-01 01:00:00+01','0'),
	 ('16029422366',3,'jasenka.banek@posteo.de','1234567890','Jasenka','Banek','168412529280','2017-01-01 01:00:00+01','2017-01-01 01:00:00+01','0'),
	 ('33089666125',3,'vuk.jevtic@proton.me','1234567890','Vuk','Jevtić','9708323043','2017-01-01 01:00:00+01','2017-01-01 01:00:00+01','0'),
	 ('70147057134',3,'gabrijela.pavicic@gmx.de','1234567890','Gabrijela','Pavičić','68088772622','2017-01-01 01:00:00+01','2017-01-01 01:00:00+01','0'),
	 ('90898833270',3,'barbara.prekupec@verizon.net','1234567890','Barbara','Prekupec','9270124917','2017-01-01 01:00:00+01','2017-01-01 01:00:00+01','0'),
	 ('07111429797',3,'borena.sagaj@gmx.com','1234567890','Borena','Sagaj','678647010','2017-01-01 01:00:00+01','2017-01-01 01:00:00+01','0'),
	 ('90517262827',3,'danko.perkovic@netcourrier.com','1234567890','Danko','Perković','227292076','2017-01-01 01:00:00+01','2017-01-01 01:00:00+01','0'),
	 ('16308479995',3,'strahimir.hren@monemail.com','1234567890','Strahimir','Hren','6916269515','2017-01-01 01:00:00+01','2017-01-01 01:00:00+01','0'),
	 ('30401182650',3,'lena.tadic@netc.eu','1234567890','Lena','Tadic','961180000','2017-01-01 01:00:00+01','2017-01-01 01:00:00+01','0'),
	 ('76096618993',3,'olga.stipanicev@verizon.net','1234567890','Olga','Stipaničev','6857604220','2017-01-01 01:00:00+01','2017-01-01 01:00:00+01','0'),
	 ('85783055683',3,'borislav.dulcic@protonmail.com','1234567890','Borislav','Dulčić','6178002924','2017-01-01 01:00:00+01','2017-01-01 01:00:00+01','0'),
	 ('76242951937',3,'stjepan.galovac@yahoo.com','1234567890','Stjepan','Galovac','467726243','2017-01-01 01:00:00+01','2017-01-01 01:00:00+01','0'),
	 ('42197299019',3,'lota.korac@monemail.com','1234567890','Lota','Korać','67873314356','2017-01-01 01:00:00+01','2017-01-01 01:00:00+01','0'),
	 ('08026207565',3,'iman.zebec@netcourrier.com','1234567890','Iman','Zebec','23821501170','2017-01-01 01:00:00+01','2017-01-01 01:00:00+01','0'),
	 ('10616030680',3,'zaneta.stankovic@hotmail.com','1234567890','Žaneta','Stanković','2972645694','2017-01-01 01:00:00+01','2017-01-01 01:00:00+01','0'),
	 ('67054835453',3,'blanka.baldigara@net.hr','1234567890','Blanka','Baldigara','96410947051','2017-01-01 01:00:00+01','2017-01-01 01:00:00+01','0'),
	 ('24585735711',3,'marijo.novotny@web.de','1234567890','Marijo','Novotny','2121885581','2017-01-01 01:00:00+01','2017-01-01 01:00:00+01','0'),
	 ('94691042498',3,'mihaela.posavec@net.hr','1234567890','Mihaela','Posavec','1868637806','2017-01-01 01:00:00+01','2017-01-01 01:00:00+01','0'),
	 ('48252371060',3,'dusko.vlatkovic@inet.hr','1234567890','Duško','Vlatković','6863215372','2017-01-01 01:00:00+01','2017-01-01 01:00:00+01','0'),
	 ('85920178034',3,'sandra.tokic@hotmail.com','1234567890','Sandra','Tokić','12429650955','2017-01-01 01:00:00+01','2017-01-01 01:00:00+01','0'),
	 ('06288243453',3,'farah.barbiric@verizon.net','1234567890','Farah','Barbirić','13407589700','2017-01-01 01:00:00+01','2017-01-01 01:00:00+01','0'),
	 ('90302542492',3,'josip.stanic@a1net.hr','1234567890','Josip','Stanić','438534046','2017-01-01 01:00:00+01','2017-01-01 01:00:00+01','0'),
	 ('82135792946',3,'maid.cernja@mailfence.com','1234567890','Maid','Černja','263506265','2017-01-01 01:00:00+01','2017-01-01 01:00:00+01','0'),
	 ('54428795834',3,'melina.setka@gmail.com','1234567890','Melina','Šetka','21252217446','2017-01-01 01:00:00+01','2017-01-01 01:00:00+01','0'),
	 ('08660482155',3,'igor.salig@verizon.net','1234567890','Igor','Šalig','244992025','2017-01-01 01:00:00+01','2017-01-01 01:00:00+01','0'),
	 ('30190505000',3,'blanka.tomas@mailo.eu','1234567890','Blanka','Tomas','441624631852','2017-01-01 01:00:00+01','2017-01-01 01:00:00+01','0'),
	 ('58744176459',3,'lora.galekovic@tcom.hr','1234567890','Lora','Galeković','6916649741','2017-01-01 01:00:00+01','2017-01-01 01:00:00+01','0'),
	 ('63860852297',3,'jasmina.dragic@carnet.hr','1234567890','Jasmina','Dragić','377365564','2017-01-01 01:00:00+01','2017-01-01 01:00:00+01','0'),
	 ('41931993436',3,'marino.simic@monemail.com','1234567890','Marino','Simić','2304798047','2017-01-01 01:00:00+01','2017-01-01 01:00:00+01','0'),
	 ('17891390027',3,'donald.bilan@netc.eu','1234567890','Donald','Bilan','886127588','2017-01-01 01:00:00+01','2017-01-01 01:00:00+01','0'),
	 ('97122298304',3,'boba.martincevic@inet.hr','1234567890','Boba','Martinčević','3808568798','2017-01-01 01:00:00+01','2017-01-01 01:00:00+01','0'),
	 ('44010622072',3,'abdulah.cebic@mailfence.com','1234567890','Abdulah','Cebić','2975975386','2017-01-01 01:00:00+01','2017-01-01 01:00:00+01','0'),
	 ('56611971015',3,'adijan.zigon@netc.eu','1234567890','Adijan','Žigon','6868144003','2017-01-01 01:00:00+01','2017-01-01 01:00:00+01','0'),
	 ('21052311046',3,'mladen.dzodan@inet.hr','1234567890','Mladen','Džodan','24019403207','2017-01-01 01:00:00+01','2017-01-01 01:00:00+01','0'),
	 ('25063458555',3,'fran.miskovic@live.com','1234567890','Fran','Mišković','1876365683','2017-01-01 01:00:00+01','2017-01-01 01:00:00+01','0'),
	 ('81972445159',3,'donatela.ludvig@amis.hr','1234567890','Donatela','Ludvig','599236545','2017-01-01 01:00:00+01','2017-01-01 01:00:00+01','0'),
	 ('70901217847',3,'ervin.filiplic@netcourrier.com','1234567890','Ervin','Filiplić','1242169330','2017-01-01 01:00:00+01','2017-01-01 01:00:00+01','0'),
	 ('90428302372',3,'dinka.males@lavache.com','1234567890','Dinka','Maleš','1721831863','2017-01-01 01:00:00+01','2017-01-01 01:00:00+01','0'),
	 ('64745331398',3,'trpimir.boskovic@aol.com','1234567890','Trpimir','Bošković','67765119891','2017-01-01 01:00:00+01','2017-01-01 01:00:00+01','0'),
	 ('24112939197',3,'irma.kavur@tcom.hr','1234567890','Irma','Kavur','502733020','2017-01-01 01:00:00+01','2017-01-01 01:00:00+01','0'),
	 ('34767637927',3,'emir.bilic@mailbox.org','1234567890','Emir','Bilić','67651194419','2017-01-01 01:00:00+01','2017-01-01 01:00:00+01','0'),
	 ('91190683409',3,'teo.kralj@amis.hr','1234567890','Teo','Kralj','68299258890','2017-01-01 01:00:00+01','2017-01-01 01:00:00+01','0'),
	 ('02719602317',3,'dubravka.bibulic@tcom.hr','1234567890','Dubravka','Bibulić','1341506','2017-01-01 01:00:00+01','2017-01-01 01:00:00+01','0'),
	 ('94107158984',3,'esma.bilac@live.com','1234567890','Esma','Bilač','67976160969','2017-01-01 01:00:00+01','2017-01-01 01:00:00+01','0'),
	 ('90475382966',3,'eldar.jankovic@mailfence.com','1234567890','Eldar','Janković','5008055018','2017-01-01 01:00:00+01','2017-01-01 01:00:00+01','0'),
	 ('57972371369',3,'milana.car@lavache.com','1234567890','Milana','Čar','6871969870','2017-01-01 01:00:00+01','2017-01-01 01:00:00+01','0'),
	 ('97466751541',3,'mile.zibrat@posteo.de','1234567890','Mile','Žibrat','5995586342','2017-01-01 01:00:00+01','2017-01-01 01:00:00+01','0'),
	 ('36864330440',3,'najla.ostric@net.hr','1234567890','Najla','Oštrić','1869739000','2017-01-01 01:00:00+01','2017-01-01 01:00:00+01','0'),
	 ('25967526447',3,'zana.baldigara@a1net.hr','1234567890','Zana','Baldigara','67244834714','2017-01-01 01:00:00+01','2017-01-01 01:00:00+01','0'),
	 ('83707059294',3,'ivan.fabris@startmail.com','1234567890','Ivan','Fabriš','852373201','2017-01-01 01:00:00+01','2017-01-01 01:00:00+01','0'),
	 ('49221274929',3,'lina.horak@amis.hr','1234567890','Lina','Horak','503810762','2017-01-01 01:00:00+01','2017-01-01 01:00:00+01','0'),
	 ('15477088147',3,'ian.duh@posteo.de','1234567890','Ian','Duh','2609975285','2017-01-01 01:00:00+01','2017-01-01 01:00:00+01','0'),
	 ('04241748994',3,'jura.bibulic@proton.me','1234567890','Jura','Bibulić','81591766','2017-01-01 01:00:00+01','2017-01-01 01:00:00+01','0'),
	 ('85235932409',3,'anes.pogacnik@netc.eu','1234567890','Anes','Pogacnik','261520366','2017-01-01 01:00:00+01','2017-01-01 01:00:00+01','0'),
	 ('08330097331',3,'borko.tadic@verizon.net','1234567890','Borko','Tadić','12645121240','2017-01-01 01:00:00+01','2017-01-01 01:00:00+01','0'),
	 ('18232179766',3,'ani.pavik@net.hr','1234567890','Ani','Pavik','77439036','2017-01-01 01:00:00+01','2017-01-01 01:00:00+01','0'),
	 ('37789122020',3,'lamija.juric@mailo.eu','1234567890','Lamija','Juric','912636630','2017-01-01 01:00:00+01','2017-01-01 01:00:00+01','0'),
	 ('40484063342',3,'mirjana.curkovic@msn.com','1234567890','Mirjana','Ćurković','6812622274','2017-01-01 01:00:00+01','2017-01-01 01:00:00+01','0'),
	 ('07164355503',3,'katica.busic@amis.hr','1234567890','Katica','Busić','35637659400','2017-01-01 01:00:00+01','2017-01-01 01:00:00+01','0'),
	 ('26700706602',3,'olga.ratkaj@mailbox.org','1234567890','Olga','Ratkaj','5037257355','2017-01-01 01:00:00+01','2017-01-01 01:00:00+01','0'),
	 ('98639599649',3,'andrijana.jovanovic@aol.com','1234567890','Andrijana','Jovanović','26127466736','2017-01-01 01:00:00+01','2017-01-01 01:00:00+01','0'),
	 ('87515494165',3,'pia.knezetic@tutanota.com','1234567890','Pia','Knezetić','9643565877','2017-01-01 01:00:00+01','2017-01-01 01:00:00+01','0'),
	 ('97295700143',3,'alena.premec@net.hr','1234567890','Alena','Premec','374216272','2017-01-01 01:00:00+01','2017-01-01 01:00:00+01','0'),
	 ('66227891226',3,'simun.jurisic@netcourrier.com','1234567890','Šimun','Jurišić','25774251685','2017-01-01 01:00:00+01','2017-01-01 01:00:00+01','0'),
	 ('56004918713',3,'sinisa.petrinjac@gmail.com','1234567890','Siniša','Petrinjac','2316506549','2017-01-01 01:00:00+01','2017-01-01 01:00:00+01','0'),
	 ('59623862355',3,'selma.ercegovac@monemail.com','1234567890','Selma','Ercegovac','6743050767','2017-01-01 01:00:00+01','2017-01-01 01:00:00+01','0'),
	 ('99871951799',3,'marica.koch@posteo.de','1234567890','Marica','Koch','577253561','2017-01-01 01:00:00+01','2017-01-01 01:00:00+01','0'),
	 ('94101565360',3,'medina.corazza@mailfence.com','1234567890','Medina','Corazza','6895925569','2017-01-01 01:00:00+01','2017-01-01 01:00:00+01','0'),
	 ('41207027454',3,'dragoslav.pesa@posteo.de','1234567890','Dragoslav','Peša','309562306','2017-01-01 01:00:00+01','2017-01-01 01:00:00+01','0'),
	 ('85464692655',3,'koko.niksic@live.com','1234567890','Koko','Nikšić','4959031868','2017-01-01 01:00:00+01','2017-01-01 01:00:00+01','0'),
	 ('35437124372',3,'rikardo.dvorski@tcom.hr','1234567890','Rikardo','Dvorski','26556679986','2017-01-01 01:00:00+01','2017-01-01 01:00:00+01','0'),
	 ('38877006773',3,'veseljko.puljko@mailo.eu','1234567890','Veseljko','Puljko','5236300450','2017-01-01 01:00:00+01','2017-01-01 01:00:00+01','0'),
	 ('68556264953',3,'ahmed.niksic@web.de','1234567890','Ahmed','Nikšić','995758432','2017-01-01 01:00:00+01','2017-01-01 01:00:00+01','0'),
	 ('90857311888',3,'roberta.prpic@carnet.hr','1234567890','Roberta','Prpić','624652170','2017-01-01 01:00:00+01','2017-01-01 01:00:00+01','0'),
	 ('27428509258',3,'aisa.kezic@tutanota.com','1234567890','Aiša','Kezić','8862913776','2017-01-01 01:00:00+01','2017-01-01 01:00:00+01','0'),
	 ('06596567766',3,'marina.valicek@live.com','1234567890','Marina','Valiček','2532837758','2017-01-01 01:00:00+01','2017-01-01 01:00:00+01','0'),
	 ('59677629522',3,'jura.priscan@inet.hr','1234567890','Jura','Priščan','24674437630','2017-01-01 01:00:00+01','2017-01-01 01:00:00+01','0'),
	 ('31968681386',3,'rejjan.greguric@hotmail.com','1234567890','Rejjan','Gregurić','29066738232','2017-01-01 01:00:00+01','2017-01-01 01:00:00+01','0'),
	 ('43959146190',3,'blazenka.antolic@yahoo.com','1234567890','Blaženka','Antolić','37044320011','2017-01-01 01:00:00+01','2017-01-01 01:00:00+01','0'),
	 ('50706509890',3,'jere.lorencin@gmx.de','1234567890','Jere','Lorencin','65164790','2017-01-01 01:00:00+01','2017-01-01 01:00:00+01','0'),
	 ('32366227510',3,'dzan.ivanovic@a1net.hr','1234567890','Džan','Ivanović','29878105520','2017-01-01 01:00:00+01','2017-01-01 01:00:00+01','0'),
	 ('45634399184',3,'danilo.miskulin@tcom.hr','1234567890','Danilo','Miškulin','24853337289','2017-01-01 01:00:00+01','2017-01-01 01:00:00+01','0'),
	 ('52325178609',3,'lara.jurasovic@monemail.com','1234567890','Lara','Jurasović','166494182295','2017-01-01 01:00:00+01','2017-01-01 01:00:00+01','0'),
	 ('79181008900',3,'zvonko.marusevec@a1net.hr','1234567890','Zvonko','Maruševec','30700816','2017-01-01 01:00:00+01','2017-01-01 01:00:00+01','0'),
	 ('36442296737',3,'gabrijel.kranic@tutanota.com','1234567890','Gabrijel','Kranić','3535832724','2017-01-01 01:00:00+01','2017-01-01 01:00:00+01','0'),
	 ('17750235740',3,'jere.snajder@gmx.de','1234567890','Jere','Šnajder','97743410664','2017-01-01 01:00:00+01','2017-01-01 01:00:00+01','0'),
	 ('56350100297',3,'tonci.covic@amis.hr','1234567890','Tonči','čović','178759548802','2017-01-01 01:00:00+01','2017-01-01 01:00:00+01','0'),
	 ('58561720673',3,'adriana.mendas@net.hr','1234567890','Adriana','Mendaš','1784513869','2017-01-01 01:00:00+01','2017-01-01 01:00:00+01','0'),
	 ('88662240085',3,'olja.ludvig@mailfence.com','1234567890','Olja','Ludvig','6784653701','2017-01-01 01:00:00+01','2017-01-01 01:00:00+01','0'),
	 ('57290771292',3,'antonija.mikus@gmx.com','1234567890','Antonija','Mikuš','262284883','2017-01-01 01:00:00+01','2017-01-01 01:00:00+01','0'),
	 ('97617740826',3,'leopold.jovic@aol.com','1234567890','Leopold','Jović','350514261','2017-01-01 01:00:00+01','2017-01-01 01:00:00+01','0'),
	 ('34962957879',3,'almina.jozic@mailbox.org','1234567890','Almina','Jozić','13455876265','2017-01-01 01:00:00+01','2017-01-01 01:00:00+01','0'),
	 ('77302727228',3,'sejla.petrovic@mailo.eu','1234567890','Šejla','Petrović','21270195723','2017-01-01 01:00:00+01','2017-01-01 01:00:00+01','0'),
	 ('37618070620',3,'emily.lenic@proton.me','1234567890','Emily','Lenić','9952919234','2017-01-01 01:00:00+01','2017-01-01 01:00:00+01','0'),
	 ('69847624125',3,'franko.spoljaric@tutanota.com','1234567890','Franko','Špoljarić','3713371779','2017-01-01 01:00:00+01','2017-01-01 01:00:00+01','0'),
	 ('24382565037',3,'adijan.bedekovic@mailfence.com','1234567890','Adijan','Bedeković','2585517941','2017-01-01 01:00:00+01','2017-01-01 01:00:00+01','0'),
	 ('44002619495',3,'gabrijel.stankovic@amis.hr','1234567890','Gabrijel','Stanković','63498425','2017-01-01 01:00:00+01','2017-01-01 01:00:00+01','0'),
	 ('40133835714',3,'fran.cuncic@tcom.hr','1234567890','Fran','Čunčić','51261697','2017-01-01 01:00:00+01','2017-01-01 01:00:00+01','0'),
	 ('02982057028',3,'matija.gulis@amis.hr','1234567890','Matija','Guliš','99452165935','2017-01-01 01:00:00+01','2017-01-01 01:00:00+01','0'),
	 ('40437914919',3,'nedjeljko.milkovic@tutanota.com','1234567890','Nedjeljko','Milković','45494221','2017-01-01 01:00:00+01','2017-01-01 01:00:00+01','0'),
	 ('34758182762',3,'jaksa.klapsa@gmail.com','1234567890','Jakša','Klapša','24919640716','2017-01-01 01:00:00+01','2017-01-01 01:00:00+01','0'),
	 ('41156568538',3,'bilal.kar@mailo.eu','1234567890','Bilal','Kar','598645319','2017-01-01 01:00:00+01','2017-01-01 01:00:00+01','0'),
	 ('86135887896',3,'dijana.derek@msn.com','1234567890','Dijana','Đerek','6168308161','2017-01-01 01:00:00+01','2017-01-01 01:00:00+01','0'),
	 ('76121278780',3,'vinko.kosirnik@netc.eu','1234567890','Vinko','Kosirnik','96244393197','2017-01-01 01:00:00+01','2017-01-01 01:00:00+01','0'),
	 ('46541131254',3,'amra.kunstek@protonmail.com','1234567890','Amra','Kunštek','39547791','2017-01-01 01:00:00+01','2017-01-01 01:00:00+01','0'),
	 ('90986212512',3,'nada.visintin@a1net.hr','1234567890','Nađa','Visintin','290681039','2017-01-01 01:00:00+01','2017-01-01 01:00:00+01','0'),
	 ('88846332004',3,'ines.zivkovic@mailo.eu','1234567890','Ines','Živković','88031743497','2017-01-01 01:00:00+01','2017-01-01 01:00:00+01','0'),
	 ('41360896426',3,'miodrag.montel@yahoo.com','1234567890','Miodrag','Montel','26596830402','2017-01-01 01:00:00+01','2017-01-01 01:00:00+01','0'),
	 ('43088239866',3,'vladimir.mihalinec@tcom.hr','1234567890','Vladimir','Mihalinec','96243928462','2017-01-01 01:00:00+01','2017-01-01 01:00:00+01','0'),
	 ('86827146662',3,'martin.weber@amis.hr','1234567890','Martin','Weber','18097147230','2017-01-01 01:00:00+01','2017-01-01 01:00:00+01','0'),
	 ('43782420429',3,'vatroslav.koc@tutanota.com','1234567890','Vatroslav','Koc','25571196456','2017-01-01 01:00:00+01','2017-01-01 01:00:00+01','0'),
	 ('43383365979',3,'eman.primorac@hotmail.com','1234567890','Eman','Primorac','126423559647','2017-01-01 01:00:00+01','2017-01-01 01:00:00+01','0'),
	 ('59457516978',3,'miroslav.galzina@mailo.eu','1234567890','Miroslav','Galzina','4380043673','2017-01-01 01:00:00+01','2017-01-01 01:00:00+01','0'),
	 ('25509581163',3,'mirta.blaskovic@yahoo.com','1234567890','Mirta','Blašković','372152163','2017-01-01 01:00:00+01','2017-01-01 01:00:00+01','0'),
	 ('75786775057',3,'stipe.vitez@live.com','1234567890','Stipe','Vitez','551129049','2017-01-01 01:00:00+01','2017-01-01 01:00:00+01','0'),
	 ('28288941285',3,'olga.soldo@a1net.hr','1234567890','Olga','Soldo','211770545','2017-01-01 01:00:00+01','2017-01-01 01:00:00+01','0'),
	 ('47648584903',3,'zaneta.krstanovic@mailo.eu','1234567890','Žaneta','Krstanović','2775030835','2017-01-01 01:00:00+01','2017-01-01 01:00:00+01','0'),
	 ('36891316580',3,'damir.jurjevic@web.de','1234567890','Damir','Jurjević','186917125046','2017-01-01 01:00:00+01','2017-01-01 01:00:00+01','0'),
	 ('15912185387',3,'dario.cordas@carnet.hr','1234567890','Dario','Čordaš','231835591','2017-01-01 01:00:00+01','2017-01-01 01:00:00+01','0'),
	 ('14926894997',3,'anes.cindric@startmail.com','1234567890','Anes','Cindrić','59340978843','2017-01-01 01:00:00+01','2017-01-01 01:00:00+01','0'),
	 ('79666131997',3,'tara.krstanovic@netc.eu','1234567890','Tara','Krstanović','682121408','2017-01-01 01:00:00+01','2017-01-01 01:00:00+01','0'),
	 ('21496462034',3,'petra.glavic@mailbox.org','1234567890','Petra','Glavić','260229229','2017-01-01 01:00:00+01','2017-01-01 01:00:00+01','0'),
	 ('88421826609',3,'kerim.zvorcec@net.hr','1234567890','Kerim','Zvorčec','8485260387','2017-01-01 01:00:00+01','2017-01-01 01:00:00+01','0'),
	 ('88456395202',3,'nemanja.lopec@gmail.com','1234567890','Nemanja','Lopec','4573572141','2017-01-01 01:00:00+01','2017-01-01 01:00:00+01','0'),
	 ('28486727705',3,'ana.krstic@amis.hr','1234567890','Ana','Krstić','68319250180','2017-01-01 01:00:00+01','2017-01-01 01:00:00+01','0'),
	 ('72576476285',3,'ella.miskovic@verizon.net','1234567890','Ella','Mišković','47161123','2017-01-01 01:00:00+01','2017-01-01 01:00:00+01','0'),
	 ('52048115260',3,'jere.javor@net.hr','1234567890','Jere','Javor','96156411346','2017-01-01 01:00:00+01','2017-01-01 01:00:00+01','0'),
	 ('96351415284',3,'lidia.mrkonjic@vip.hr','1234567890','Lidia','Mrkonjić','2914487358','2017-01-01 01:00:00+01','2017-01-01 01:00:00+01','0'),
	 ('03638123251',3,'nikica.tomljenovic@live.com','1234567890','Nikica','Tomljenović','96213790682','2017-01-01 01:00:00+01','2017-01-01 01:00:00+01','0'),
	 ('15646987369',3,'slaven.draskovic@tcom.hr','1234567890','Slaven','Drašković','645210015','2017-01-01 01:00:00+01','2017-01-01 01:00:00+01','0'),
	 ('55496898965',3,'davorko.sorgo@gmail.com','1234567890','Davorko','Šorgo','8236724993','2017-01-01 01:00:00+01','2017-01-01 01:00:00+01','0'),
	 ('06536295964',3,'gabrijel.malatestinic@carnet.hr','1234567890','Gabrijel','Malatestinić','457480901','2017-01-01 01:00:00+01','2017-01-01 01:00:00+01','0'),
	 ('12604986041',3,'dragan.kosec@gmx.com','1234567890','Dragan','Kosec','1721977905','2017-01-01 01:00:00+01','2017-01-01 01:00:00+01','0'),
	 ('98546535276',3,'amadej.vrbanac@startmail.com','1234567890','Amadej','Vrbanac','299859645','2017-01-01 01:00:00+01','2017-01-01 01:00:00+01','0'),
	 ('01388168193',3,'nada.toma@gmail.com','1234567890','Nada','Toma','17877372670','2017-01-01 01:00:00+01','2017-01-01 01:00:00+01','0'),
	 ('74078153286',3,'marita.jurica@msn.com','1234567890','Marita','Jurica','3115411381','2017-01-01 01:00:00+01','2017-01-01 01:00:00+01','0'),
	 ('87415343831',3,'ivor.kadoic@proton.me','1234567890','Ivor','Kadoić','922863076','2017-01-01 01:00:00+01','2017-01-01 01:00:00+01','0'),
	 ('21099708510',3,'irma.maras@amis.hr','1234567890','Irma','Maras','2438542033','2017-01-01 01:00:00+01','2017-01-01 01:00:00+01','0'),
	 ('19613757034',3,'borislav.ribanovic@gmx.de','1234567890','Borislav','Ribanović','5992909120','2017-01-01 01:00:00+01','2017-01-01 01:00:00+01','0'),
	 ('84300794482',3,'marijeta.novakovic@mailbox.org','1234567890','Marijeta','Novaković','351175044','2017-01-01 01:00:00+01','2017-01-01 01:00:00+01','0'),
	 ('19677801762',3,'antonio.zovko@startmail.com','1234567890','Antonio','Zovko','4155360625','2017-01-01 01:00:00+01','2017-01-01 01:00:00+01','0'),
	 ('21886903948',3,'ani.miskovic@gmx.de','1234567890','Ani','Mišković','51265954','2017-01-01 01:00:00+01','2017-01-01 01:00:00+01','0'),
	 ('27321725391',3,'natasa.faletar@netcourrier.com','1234567890','Nataša','Faletar','233585480','2017-01-01 01:00:00+01','2017-01-01 01:00:00+01','0'),
	 ('79232639107',3,'darina.demeter@protonmail.com','1234567890','Darina','Demeter','2642420678','2017-01-01 01:00:00+01','2017-01-01 01:00:00+01','0'),
	 ('91578208870',3,'cedomir.starcevic@yahoo.com','1234567890','Čedomir','Starčević','9748011908','2017-01-01 01:00:00+01','2017-01-01 01:00:00+01','0'),
	 ('66607105055',3,'lola.jurkovic@tutanota.com','1234567890','Lola','Jurković','6729847973','2017-01-01 01:00:00+01','2017-01-01 01:00:00+01','0'),
	 ('53430106273',3,'tajra.mendas@mailfence.com','1234567890','Tajra','Mendaš','29193073055','2017-01-01 01:00:00+01','2017-01-01 01:00:00+01','0'),
	 ('77659664658',3,'srecko.loncaric@gmx.com','1234567890','Srećko','Loncarić','9742948642','2017-01-01 01:00:00+01','2017-01-01 01:00:00+01','0'),
	 ('10093166543',3,'zlatibor.busic@gmail.com','1234567890','Zlatibor','Bušić','3541705425','2017-01-01 01:00:00+01','2017-01-01 01:00:00+01','0'),
	 ('40391561969',3,'dragan.basic@mailbox.org','1234567890','Dragan','Bašić','147350522313','2017-01-01 01:00:00+01','2017-01-01 01:00:00+01','0'),
	 ('40539901299',3,'vladimir.slovic@netc.eu','1234567890','Vladimir','Slovic','298654235','2017-01-01 01:00:00+01','2017-01-01 01:00:00+01','0'),
	 ('01246557154',3,'dragan.snajder@gmail.com','1234567890','Dragan','Šnajder','18766413140','2017-01-01 01:00:00+01','2017-01-01 01:00:00+01','0'),
	 ('08482203635',3,'vibor.balenovic@netc.eu','1234567890','Vibor','Balenović','5178646038','2017-01-01 01:00:00+01','2017-01-01 01:00:00+01','0'),
	 ('71453964550',3,'zdravko.protulipac@msn.com','1234567890','Zdravko','Protulipac','242925540','2017-01-01 01:00:00+01','2017-01-01 01:00:00+01','0'),
	 ('59429996014',3,'spomenko.suznjevic@lavache.com','1234567890','Spomenko','Sužnjević','4719055172','2017-01-01 01:00:00+01','2017-01-01 01:00:00+01','0'),
	 ('14378241921',3,'lota.rasic@protonmail.com','1234567890','Lota','Rašić','3514531891','2017-01-01 01:00:00+01','2017-01-01 01:00:00+01','0'),
	 ('46875197557',3,'mili.spajic@mailo.eu','1234567890','Mili','Spajić','962598199','2017-01-01 01:00:00+01','2017-01-01 01:00:00+01','0'),
	 ('89202574200',3,'karolina.tromba@vip.hr','1234567890','Karolina','Tromba','55914835','2017-01-01 01:00:00+01','2017-01-01 01:00:00+01','0'),
	 ('53254623876',3,'ermin.palaic@web.de','1234567890','Ermin','Palaić','37877111135','2017-01-01 01:00:00+01','2017-01-01 01:00:00+01','0'),
	 ('64636853454',3,'tina.gospodaric@aol.com','1234567890','Tina','Gospodarić','6871450407','2017-01-01 01:00:00+01','2017-01-01 01:00:00+01','0'),
	 ('91692905343',3,'dragoslav.homan@a1net.hr','1234567890','Dragoslav','Homan','3589500667','2017-01-01 01:00:00+01','2017-01-01 01:00:00+01','0'),
	 ('66078360916',3,'ankica.primorac@startmail.com','1234567890','Ankica','Primorac','6131671328','2017-01-01 01:00:00+01','2017-01-01 01:00:00+01','0'),
	 ('64465282553',3,'mile.greguric@inet.hr','1234567890','Mile','Gregurić','383111790','2017-01-01 01:00:00+01','2017-01-01 01:00:00+01','0'),
	 ('02066792689',3,'anita.hajduk@netcourrier.com','1234567890','Anita','Hajduk','134556980876','2017-01-01 01:00:00+01','2017-01-01 01:00:00+01','0'),
	 ('28876631298',3,'nevena.andelic@web.de','1234567890','Nevena','Anđelić','2129942829','2017-01-01 01:00:00+01','2017-01-01 01:00:00+01','0'),
	 ('88799379792',3,'domagoj.stresnjak@protonmail.com','1234567890','Domagoj','Strešnjak','3531176947','2017-01-01 01:00:00+01','2017-01-01 01:00:00+01','0');
INSERT INTO public.property_history (property_history_id,last_renovation_year,"yearly_data_JSON") VALUES
	 (6,'1976','{}'),
	 (7,'1991','{}'),
	 (8,'2012','{}'),
	 (9,'2021','{}'),
	 (4,'2022','{}'),
	 (3,'2004','{}'),
	 (2,'2010','{}'),
	 (1,'2020','{}'),
	 (10,'1975','{}'),
	 (11,'1995','{}'),
	 (12,'2013','{}'),
	 (13,'2007','{}'),
	 (14,'1974','{}'),
	 (15,'2010','{}'),
	 (16,'2001','{}'),
	 (17,'1979','{}'),
	 (18,'2006','{}'),
	 (19,'2012','{}'),
	 (20,'1974','{}'),
	 (21,'2002','{}'),
	 (22,'1999','{}'),
	 (23,'2011','{}'),
	 (24,'2009','{}'),
	 (25,'2017','{}'),
	 (26,'1992','{}'),
	 (27,'2009','{}'),
	 (28,'1986','{}'),
	 (29,'1988','{}'),
	 (30,'2017','{}'),
	 (31,'2022','{}'),
	 (32,'1980','{}'),
	 (33,'2008','{}'),
	 (34,'1995','{}'),
	 (35,'1985','{}'),
	 (36,'1979','{}'),
	 (37,'2016','{}'),
	 (38,'1989','{}'),
	 (39,'1970','{}'),
	 (40,'1996','{}'),
	 (41,'1991','{}'),
	 (42,'2007','{}'),
	 (43,'1985','{}'),
	 (44,'1987','{}'),
	 (45,'1988','{}'),
	 (46,'1976','{}'),
	 (47,'2010','{}'),
	 (48,'1996','{}'),
	 (49,'1998','{}'),
	 (50,'2009','{}'),
	 (51,'2018','{}'),
	 (52,'1996','{}'),
	 (53,'1993','{}'),
	 (54,'1977','{}'),
	 (55,'1971','{}'),
	 (56,'2017','{}'),
	 (57,'1991','{}'),
	 (58,'1980','{}'),
	 (59,'1991','{}'),
	 (60,'1984','{}'),
	 (61,'1990','{}'),
	 (62,'1975','{}'),
	 (63,'1993','{}'),
	 (64,'1973','{}'),
	 (65,'1975','{}'),
	 (66,'1985','{}'),
	 (67,'1975','{}'),
	 (68,'1982','{}'),
	 (69,'2011','{}'),
	 (70,'2001','{}'),
	 (71,'2007','{}'),
	 (72,'2012','{}'),
	 (73,'2006','{}'),
	 (74,'1986','{}'),
	 (75,'2006','{}'),
	 (76,'2017','{}'),
	 (77,'1983','{}'),
	 (78,'1994','{}'),
	 (79,'1991','{}'),
	 (80,'2010','{}'),
	 (81,'2005','{}'),
	 (82,'1983','{}'),
	 (83,'2010','{}'),
	 (84,'2001','{}'),
	 (85,'2022','{}'),
	 (86,'1995','{}'),
	 (87,'2009','{}'),
	 (88,'2000','{}'),
	 (89,'1993','{}'),
	 (90,'1991','{}'),
	 (91,'2010','{}'),
	 (92,'2005','{}'),
	 (93,'2021','{}'),
	 (94,'2008','{}'),
	 (95,'1976','{}'),
	 (96,'1986','{}'),
	 (97,'1983','{}'),
	 (98,'1982','{}'),
	 (99,'1981','{}'),
	 (100,'1972','{}'),
	 (101,'1971','{}'),
	 (102,'1998','{}'),
	 (103,'2007','{}'),
	 (104,'2020','{}'),
	 (105,'1972','{}'),
	 (106,'1975','{}'),
	 (107,'2013','{}'),
	 (108,'1976','{}'),
	 (109,'1994','{}'),
	 (110,'1976','{}'),
	 (111,'2003','{}'),
	 (112,'2020','{}'),
	 (113,'2012','{}'),
	 (114,'2003','{}'),
	 (115,'2002','{}'),
	 (116,'1977','{}'),
	 (117,'1987','{}'),
	 (118,'2015','{}'),
	 (119,'1974','{}'),
	 (120,'2002','{}'),
	 (121,'1998','{}'),
	 (122,'1997','{}'),
	 (123,'2011','{}'),
	 (124,'1989','{}'),
	 (125,'2013','{}'),
	 (126,'1971','{}'),
	 (127,'2014','{}'),
	 (128,'2020','{}'),
	 (129,'1980','{}'),
	 (130,'1990','{}'),
	 (131,'2004','{}'),
	 (132,'1971','{}'),
	 (133,'1982','{}'),
	 (134,'1988','{}'),
	 (135,'2009','{}'),
	 (136,'1976','{}'),
	 (137,'1998','{}'),
	 (138,'2012','{}'),
	 (139,'1999','{}'),
	 (140,'2017','{}'),
	 (141,'2005','{}'),
	 (142,'2003','{}'),
	 (143,'1976','{}'),
	 (144,'1986','{}'),
	 (145,'2011','{}'),
	 (146,'2013','{}'),
	 (147,'2016','{}'),
	 (148,'1988','{}'),
	 (149,'1976','{}'),
	 (150,'2021','{}'),
	 (151,'2021','{}'),
	 (152,'1991','{}'),
	 (153,'1977','{}'),
	 (154,'2001','{}'),
	 (155,'1996','{}'),
	 (156,'1997','{}'),
	 (157,'2009','{}'),
	 (158,'1988','{}'),
	 (159,'1977','{}'),
	 (160,'1970','{}'),
	 (161,'1983','{}'),
	 (162,'2015','{}'),
	 (163,'2019','{}'),
	 (164,'1974','{}'),
	 (165,'1995','{}'),
	 (166,'2002','{}'),
	 (167,'2007','{}'),
	 (168,'1993','{}'),
	 (169,'2016','{}'),
	 (170,'1995','{}'),
	 (171,'2001','{}'),
	 (172,'1997','{}'),
	 (173,'1985','{}'),
	 (174,'1980','{}'),
	 (175,'2020','{}'),
	 (176,'2018','{}'),
	 (177,'1991','{}'),
	 (178,'1994','{}'),
	 (179,'2001','{}'),
	 (180,'1970','{}'),
	 (181,'1978','{}'),
	 (182,'1996','{}'),
	 (183,'2014','{}'),
	 (184,'1981','{}'),
	 (185,'1991','{}'),
	 (186,'1982','{}'),
	 (187,'2016','{}'),
	 (188,'2004','{}'),
	 (189,'2015','{}'),
	 (190,'1981','{}'),
	 (191,'1989','{}'),
	 (192,'1980','{}'),
	 (193,'2005','{}'),
	 (194,'1998','{}'),
	 (195,'2003','{}'),
	 (196,'2013','{}'),
	 (197,'2006','{}'),
	 (198,'1971','{}'),
	 (199,'2014','{}'),
	 (200,'1978','{}'),
	 (201,'1976','{}'),
	 (202,'1993','{}'),
	 (203,'1994','{}'),
	 (204,'2003','{}'),
	 (205,'1990','{}'),
	 (206,'1993','{}'),
	 (207,'1975','{}'),
	 (208,'2020','{}'),
	 (209,'2004','{}'),
	 (210,'2000','{}'),
	 (211,'1976','{}'),
	 (212,'1985','{}'),
	 (213,'2009','{}'),
	 (214,'1976','{}'),
	 (215,'2015','{}'),
	 (216,'2010','{}'),
	 (217,'1970','{}'),
	 (218,'2008','{}'),
	 (219,'2006','{}'),
	 (220,'1982','{}'),
	 (221,'2008','{}'),
	 (222,'1972','{}'),
	 (223,'2001','{}'),
	 (224,'2005','{}'),
	 (225,'1975','{}'),
	 (226,'1991','{}'),
	 (227,'2015','{}'),
	 (228,'2009','{}'),
	 (229,'1999','{}'),
	 (230,'1976','{}'),
	 (231,'1982','{}'),
	 (232,'1989','{}'),
	 (233,'2003','{}'),
	 (234,'1992','{}'),
	 (235,'2017','{}'),
	 (236,'2007','{}'),
	 (237,'1972','{}'),
	 (238,'1981','{}'),
	 (239,'2014','{}'),
	 (240,'2020','{}'),
	 (241,'1977','{}'),
	 (242,'2018','{}'),
	 (243,'2022','{}'),
	 (244,'1984','{}'),
	 (245,'1975','{}'),
	 (246,'1974','{}'),
	 (247,'1993','{}'),
	 (248,'1998','{}'),
	 (249,'2006','{}'),
	 (250,'2016','{}'),
	 (251,'2012','{}'),
	 (252,'2021','{}'),
	 (253,'1988','{}'),
	 (254,'2001','{}'),
	 (255,'1992','{}'),
	 (256,'1973','{}'),
	 (257,'2015','{}'),
	 (258,'2011','{}'),
	 (259,'1997','{}'),
	 (260,'2021','{}'),
	 (261,'2001','{}'),
	 (262,'1988','{}'),
	 (263,'1991','{}'),
	 (264,'1997','{}'),
	 (265,'1988','{}'),
	 (266,'2009','{}'),
	 (267,'2004','{}'),
	 (268,'1987','{}'),
	 (269,'1982','{}'),
	 (270,'1977','{}'),
	 (271,'2008','{}'),
	 (272,'2012','{}'),
	 (273,'2017','{}'),
	 (274,'2008','{}'),
	 (275,'1975','{}'),
	 (276,'2013','{}'),
	 (277,'1973','{}'),
	 (278,'1986','{}'),
	 (279,'2000','{}'),
	 (280,'1971','{}'),
	 (281,'2021','{}'),
	 (282,'1986','{}'),
	 (283,'1973','{}'),
	 (284,'2006','{}'),
	 (285,'1987','{}'),
	 (286,'1983','{}'),
	 (287,'1971','{}'),
	 (288,'1972','{}'),
	 (289,'2022','{}'),
	 (290,'2014','{}'),
	 (291,'2015','{}'),
	 (292,'1983','{}'),
	 (293,'2006','{}'),
	 (294,'2015','{}'),
	 (295,'1989','{}'),
	 (296,'2011','{}'),
	 (297,'1997','{}'),
	 (298,'1994','{}'),
	 (299,'2018','{}'),
	 (300,'1988','{}'),
	 (301,'1993','{}'),
	 (302,'1975','{}'),
	 (303,'1986','{}'),
	 (304,'1998','{}'),
	 (305,'1977','{}'),
	 (306,'1970','{}'),
	 (307,'1974','{}'),
	 (308,'2002','{}'),
	 (309,'1995','{}'),
	 (310,'2002','{}'),
	 (311,'2022','{}'),
	 (312,'1998','{}'),
	 (313,'1981','{}'),
	 (314,'1996','{}'),
	 (315,'1970','{}'),
	 (316,'1985','{}'),
	 (317,'1985','{}'),
	 (318,'2007','{}'),
	 (319,'1980','{}'),
	 (320,'1975','{}'),
	 (321,'2007','{}'),
	 (322,'2001','{}'),
	 (323,'1987','{}'),
	 (324,'1991','{}'),
	 (325,'1984','{}'),
	 (326,'1995','{}'),
	 (327,'1975','{}'),
	 (328,'1971','{}'),
	 (329,'1988','{}'),
	 (330,'1987','{}'),
	 (331,'1985','{}'),
	 (332,'2001','{}'),
	 (333,'1991','{}'),
	 (334,'1981','{}'),
	 (335,'2000','{}'),
	 (336,'2015','{}'),
	 (337,'1970','{}'),
	 (338,'1997','{}'),
	 (339,'1998','{}'),
	 (340,'1986','{}'),
	 (341,'1979','{}'),
	 (342,'1991','{}'),
	 (343,'1999','{}'),
	 (344,'1989','{}'),
	 (345,'2014','{}'),
	 (346,'1987','{}'),
	 (347,'1971','{}'),
	 (348,'1980','{}'),
	 (349,'2015','{}'),
	 (350,'1974','{}'),
	 (351,'1995','{}'),
	 (352,'2013','{}'),
	 (353,'1984','{}'),
	 (354,'2012','{}'),
	 (355,'2004','{}'),
	 (356,'2014','{}'),
	 (357,'2011','{}'),
	 (358,'2017','{}'),
	 (359,'1984','{}'),
	 (360,'2005','{}'),
	 (361,'2018','{}'),
	 (362,'1972','{}'),
	 (363,'1984','{}'),
	 (364,'1978','{}'),
	 (365,'1987','{}'),
	 (366,'1991','{}'),
	 (367,'1976','{}'),
	 (368,'1970','{}'),
	 (369,'2018','{}'),
	 (370,'1977','{}'),
	 (371,'1984','{}'),
	 (372,'2011','{}'),
	 (373,'1978','{}'),
	 (374,'2017','{}'),
	 (375,'2019','{}'),
	 (376,'1985','{}'),
	 (377,'1972','{}'),
	 (378,'2020','{}'),
	 (379,'2000','{}'),
	 (380,'2020','{}'),
	 (381,'1993','{}'),
	 (382,'2018','{}'),
	 (383,'1979','{}'),
	 (384,'1984','{}'),
	 (385,'2014','{}'),
	 (386,'1995','{}'),
	 (387,'1987','{}'),
	 (388,'2001','{}'),
	 (389,'1999','{}'),
	 (390,'2008','{}'),
	 (391,'1974','{}'),
	 (392,'1975','{}'),
	 (393,'1983','{}'),
	 (394,'2016','{}'),
	 (395,'1991','{}'),
	 (396,'1976','{}'),
	 (397,'1977','{}'),
	 (398,'1990','{}'),
	 (399,'1972','{}'),
	 (400,'1992','{}'),
	 (401,'1981','{}'),
	 (402,'1970','{}'),
	 (403,'1984','{}'),
	 (404,'2007','{}'),
	 (405,'2012','{}'),
	 (406,'2007','{}'),
	 (407,'2004','{}'),
	 (408,'1989','{}'),
	 (409,'2016','{}'),
	 (410,'1988','{}'),
	 (411,'2012','{}'),
	 (412,'2013','{}'),
	 (413,'1987','{}'),
	 (414,'1987','{}'),
	 (415,'1981','{}'),
	 (416,'2022','{}'),
	 (417,'2016','{}'),
	 (418,'1970','{}'),
	 (419,'1987','{}'),
	 (420,'2014','{}'),
	 (421,'1974','{}'),
	 (422,'1997','{}'),
	 (423,'1993','{}'),
	 (424,'1979','{}'),
	 (425,'1973','{}'),
	 (426,'1979','{}'),
	 (427,'1998','{}'),
	 (428,'1985','{}'),
	 (429,'1995','{}'),
	 (430,'2012','{}'),
	 (431,'1978','{}'),
	 (432,'2004','{}'),
	 (433,'2018','{}'),
	 (434,'1977','{}'),
	 (435,'2008','{}'),
	 (436,'1993','{}'),
	 (437,'2003','{}'),
	 (438,'1994','{}'),
	 (439,'1994','{}'),
	 (440,'1977','{}'),
	 (441,'2014','{}'),
	 (442,'2020','{}'),
	 (443,'2008','{}'),
	 (444,'1981','{}'),
	 (445,'2019','{}'),
	 (446,'1984','{}'),
	 (447,'2010','{}'),
	 (448,'2018','{}'),
	 (449,'2004','{}'),
	 (450,'1991','{}'),
	 (451,'1983','{}'),
	 (452,'1977','{}'),
	 (453,'1973','{}'),
	 (454,'1981','{}'),
	 (455,'1988','{}'),
	 (456,'2006','{}'),
	 (457,'1999','{}'),
	 (458,'1974','{}'),
	 (459,'2004','{}'),
	 (460,'2003','{}'),
	 (461,'1979','{}'),
	 (462,'1988','{}'),
	 (463,'2016','{}'),
	 (464,'1973','{}'),
	 (465,'1980','{}'),
	 (466,'1978','{}'),
	 (467,'2018','{}'),
	 (468,'1980','{}'),
	 (469,'2001','{}'),
	 (470,'2011','{}'),
	 (471,'1989','{}'),
	 (472,'1991','{}'),
	 (473,'1998','{}'),
	 (474,'1980','{}'),
	 (475,'1970','{}'),
	 (476,'1976','{}'),
	 (477,'2012','{}'),
	 (478,'1982','{}'),
	 (479,'1983','{}'),
	 (480,'2011','{}'),
	 (481,'1991','{}'),
	 (482,'2002','{}'),
	 (483,'2003','{}'),
	 (484,'1974','{}'),
	 (485,'1999','{}'),
	 (486,'1971','{}'),
	 (487,'2000','{}'),
	 (488,'2007','{}'),
	 (489,'2011','{}'),
	 (490,'1971','{}'),
	 (491,'2016','{}'),
	 (492,'1998','{}'),
	 (493,'2013','{}'),
	 (494,'2014','{}'),
	 (495,'2020','{}');
INSERT INTO public.property_type (property_type_id,property_tpe_name,description) VALUES
	 (3,'Office',NULL),
	 (2,'House',NULL),
	 (1,'Apartment',NULL);
INSERT INTO public.property (property_id,property_type_id,landlord_oib,property_name,property_size,address_id,property_value,description,"features_JSON",property_history_id,status) VALUES
	 (253,1,'55040984243','City center apartment','37',253,257379.0,'Spacious apartment in city center.','{"numberOfParkingSpaces":2,"numberOfBathrooms":3,"numberOfBedrooms":3,"freeWifi":false,"cabelTV":true,"energyClass":"A","heatingSystem":"gas","utilities":["freezer","fridge","air conditioning"]}',253,'leased'),
	 (111,1,'59417451337','City center apartment','35',111,1484947.0,'Spacious apartment in city center.','{"numberOfParkingSpaces":0,"numberOfBathrooms":1,"numberOfBedrooms":2,"freeWifi":false,"cabelTV":false,"energyClass":"B","heatingSystem":"electric","utilities":["balcony","freezer","fridge","air conditioning"]}',111,'leased'),
	 (331,3,'76799652475','Coworking space','80',331,991814.0,'Productive place to get all Your work done.','{"numberOfParkingSpaces":1,"numberOfBathrooms":2,"numberOfBedrooms":3,"freeWifi":false,"cabelTV":true,"energyClass":"A","heatingSystem":"AC","utilities":["loggia","fridge","air conditioning"]}',331,'leased'),
	 (334,3,'16265522503','Coworking space','127',334,913779.0,'Productive place to get all Your work done.','{"numberOfParkingSpaces":1,"numberOfBathrooms":1,"numberOfBedrooms":1,"freeWifi":false,"cabelTV":false,"energyClass":"C","heatingSystem":"gas","utilities":["balcony","freezer","fridge"]}',334,'leased'),
	 (118,3,'13149279120','Coworking space','40',118,573459.0,'Productive place to get all Your work done.','{"numberOfParkingSpaces":0,"numberOfBathrooms":1,"numberOfBedrooms":2,"freeWifi":false,"cabelTV":false,"energyClass":"D","heatingSystem":"electric","utilities":["freezer","fridge"]}',118,'leased'),
	 (121,3,'94762451705','Coworking space','29',121,1097339.0,'Productive place to get all Your work done.','{"numberOfParkingSpaces":2,"numberOfBathrooms":3,"numberOfBedrooms":3,"freeWifi":false,"cabelTV":true,"energyClass":"A","heatingSystem":"gas","utilities":["freezer","fridge","air conditioning"]}',121,'leased'),
	 (128,3,'95480513180','Coworking space','37',128,99218.0,'Productive place to get all Your work done.','{"numberOfParkingSpaces":0,"numberOfBathrooms":1,"numberOfBedrooms":2,"freeWifi":false,"cabelTV":false,"energyClass":"B","heatingSystem":"electric","utilities":["balcony","freezer","fridge","air conditioning"]}',128,'leased'),
	 (156,3,'96380267098','Coworking space','193',156,506196.0,'Productive place to get all Your work done.','{"numberOfParkingSpaces":1,"numberOfBathrooms":2,"numberOfBedrooms":3,"freeWifi":false,"cabelTV":true,"energyClass":"A","heatingSystem":"AC","utilities":["loggia","fridge","air conditioning"]}',156,'leased'),
	 (159,3,'01073191732','Coworking space','140',159,939809.0,'Productive place to get all Your work done.','{"numberOfParkingSpaces":1,"numberOfBathrooms":1,"numberOfBedrooms":1,"freeWifi":false,"cabelTV":false,"energyClass":"C","heatingSystem":"gas","utilities":["balcony","freezer","fridge"]}',159,'leased'),
	 (280,3,'50515266208','Coworking space','67',280,63754.0,'Productive place to get all Your work done.','{"numberOfParkingSpaces":0,"numberOfBathrooms":1,"numberOfBedrooms":2,"freeWifi":false,"cabelTV":false,"energyClass":"D","heatingSystem":"electric","utilities":["freezer","fridge"]}',280,'leased'),
	 (281,3,'42769746260','Coworking space','88',281,194802.0,'Productive place to get all Your work done.','{"numberOfParkingSpaces":2,"numberOfBathrooms":3,"numberOfBedrooms":3,"freeWifi":false,"cabelTV":true,"energyClass":"A","heatingSystem":"gas","utilities":["freezer","fridge","air conditioning"]}',281,'leased'),
	 (284,3,'21169986117','Coworking space','215',284,1225970.0,'Productive place to get all Your work done.','{"numberOfParkingSpaces":0,"numberOfBathrooms":1,"numberOfBedrooms":2,"freeWifi":false,"cabelTV":false,"energyClass":"B","heatingSystem":"electric","utilities":["balcony","freezer","fridge","air conditioning"]}',284,'leased'),
	 (293,3,'29457759124','Coworking space','132',293,708740.0,'Productive place to get all Your work done.','{"numberOfParkingSpaces":1,"numberOfBathrooms":2,"numberOfBedrooms":3,"freeWifi":false,"cabelTV":true,"energyClass":"A","heatingSystem":"AC","utilities":["loggia","fridge","air conditioning"]}',293,'leased'),
	 (308,3,'17674114429','Coworking space','223',308,1260956.0,'Productive place to get all Your work done.','{"numberOfParkingSpaces":1,"numberOfBathrooms":1,"numberOfBedrooms":1,"freeWifi":false,"cabelTV":false,"energyClass":"C","heatingSystem":"gas","utilities":["balcony","freezer","fridge"]}',308,'leased'),
	 (311,3,'84711702897','Coworking space','82',311,758438.0,'Productive place to get all Your work done.','{"numberOfParkingSpaces":0,"numberOfBathrooms":1,"numberOfBedrooms":2,"freeWifi":false,"cabelTV":false,"energyClass":"D","heatingSystem":"electric","utilities":["freezer","fridge"]}',311,'leased'),
	 (327,3,'95480513180','Coworking space','155',327,771383.0,'Productive place to get all Your work done.','{"numberOfParkingSpaces":2,"numberOfBathrooms":3,"numberOfBedrooms":3,"freeWifi":false,"cabelTV":true,"energyClass":"A","heatingSystem":"gas","utilities":["freezer","fridge","air conditioning"]}',327,'leased'),
	 (333,3,'29308207014','Coworking space','243',333,421834.0,'Productive place to get all Your work done.','{"numberOfParkingSpaces":0,"numberOfBathrooms":1,"numberOfBedrooms":2,"freeWifi":false,"cabelTV":false,"energyClass":"B","heatingSystem":"electric","utilities":["balcony","freezer","fridge","air conditioning"]}',333,'leased'),
	 (341,3,'93998845042','Coworking space','121',341,371118.0,'Productive place to get all Your work done.','{"numberOfParkingSpaces":1,"numberOfBathrooms":2,"numberOfBedrooms":3,"freeWifi":false,"cabelTV":true,"energyClass":"A","heatingSystem":"AC","utilities":["loggia","fridge","air conditioning"]}',341,'leased'),
	 (344,3,'01641785120','Coworking space','125',344,1065199.0,'Productive place to get all Your work done.','{"numberOfParkingSpaces":1,"numberOfBathrooms":1,"numberOfBedrooms":1,"freeWifi":false,"cabelTV":false,"energyClass":"C","heatingSystem":"gas","utilities":["balcony","freezer","fridge"]}',344,'leased'),
	 (222,1,'61448313873','Luxury suite','135',222,344374.0,'Luxurious suite with all the features You can imagine.','{"numberOfParkingSpaces":0,"numberOfBathrooms":1,"numberOfBedrooms":2,"freeWifi":false,"cabelTV":false,"energyClass":"D","heatingSystem":"electric","utilities":["freezer","fridge"]}',222,'leased'),
	 (260,1,'78479455629','Luxury suite','168',260,465829.0,'Luxurious suite with all the features You can imagine.','{"numberOfParkingSpaces":2,"numberOfBathrooms":3,"numberOfBedrooms":3,"freeWifi":false,"cabelTV":true,"energyClass":"A","heatingSystem":"gas","utilities":["freezer","fridge","air conditioning"]}',260,'leased'),
	 (124,1,'82525694074','Luxury suite','77',124,378971.0,'Luxurious suite with all the features You can imagine.','{"numberOfParkingSpaces":0,"numberOfBathrooms":1,"numberOfBedrooms":2,"freeWifi":false,"cabelTV":false,"energyClass":"B","heatingSystem":"electric","utilities":["balcony","freezer","fridge","air conditioning"]}',124,'leased'),
	 (112,1,'84711702897','Luxury suite','141',112,351650.0,'Luxurious suite with all the features You can imagine.','{"numberOfParkingSpaces":1,"numberOfBathrooms":2,"numberOfBedrooms":3,"freeWifi":false,"cabelTV":true,"energyClass":"A","heatingSystem":"AC","utilities":["loggia","fridge","air conditioning"]}',112,'leased'),
	 (130,1,'41164163565','Luxury suite','89',130,1053880.0,'Luxurious suite with all the features You can imagine.','{"numberOfParkingSpaces":1,"numberOfBathrooms":1,"numberOfBedrooms":1,"freeWifi":false,"cabelTV":false,"energyClass":"C","heatingSystem":"gas","utilities":["balcony","freezer","fridge"]}',130,'leased'),
	 (150,1,'81439021726','Luxury suite','212',150,750405.0,'Luxurious suite with all the features You can imagine.','{"numberOfParkingSpaces":0,"numberOfBathrooms":1,"numberOfBedrooms":2,"freeWifi":false,"cabelTV":false,"energyClass":"D","heatingSystem":"electric","utilities":["freezer","fridge"]}',150,'leased'),
	 (154,1,'18572281213','Luxury suite','116',154,103479.0,'Luxurious suite with all the features You can imagine.','{"numberOfParkingSpaces":2,"numberOfBathrooms":3,"numberOfBedrooms":3,"freeWifi":false,"cabelTV":true,"energyClass":"A","heatingSystem":"gas","utilities":["freezer","fridge","air conditioning"]}',154,'leased'),
	 (158,1,'50098945877','Luxury suite','189',158,1482079.0,'Luxurious suite with all the features You can imagine.','{"numberOfParkingSpaces":0,"numberOfBathrooms":1,"numberOfBedrooms":2,"freeWifi":false,"cabelTV":false,"energyClass":"B","heatingSystem":"electric","utilities":["balcony","freezer","fridge","air conditioning"]}',158,'leased'),
	 (162,1,'30668607361','Luxury suite','233',162,834434.0,'Luxurious suite with all the features You can imagine.','{"numberOfParkingSpaces":1,"numberOfBathrooms":2,"numberOfBedrooms":3,"freeWifi":false,"cabelTV":true,"energyClass":"A","heatingSystem":"AC","utilities":["loggia","fridge","air conditioning"]}',162,'leased'),
	 (110,1,'44904178810','Luxury suite','154',110,1492773.0,'Luxurious suite with all the features You can imagine.','{"numberOfParkingSpaces":1,"numberOfBathrooms":1,"numberOfBedrooms":1,"freeWifi":false,"cabelTV":false,"energyClass":"C","heatingSystem":"gas","utilities":["balcony","freezer","fridge"]}',110,'leased'),
	 (114,1,'00088960444','Luxury suite','86',114,454337.0,'Luxurious suite with all the features You can imagine.','{"numberOfParkingSpaces":0,"numberOfBathrooms":1,"numberOfBedrooms":2,"freeWifi":false,"cabelTV":false,"energyClass":"D","heatingSystem":"electric","utilities":["freezer","fridge"]}',114,'leased'),
	 (126,1,'75360157083','Luxury suite','205',126,1031010.0,'Luxurious suite with all the features You can imagine.','{"numberOfParkingSpaces":2,"numberOfBathrooms":3,"numberOfBedrooms":3,"freeWifi":false,"cabelTV":true,"energyClass":"A","heatingSystem":"gas","utilities":["freezer","fridge","air conditioning"]}',126,'leased'),
	 (120,1,'47027187531','Luxury suite','238',120,215674.0,'Luxurious suite with all the features You can imagine.','{"numberOfParkingSpaces":0,"numberOfBathrooms":1,"numberOfBedrooms":2,"freeWifi":false,"cabelTV":false,"energyClass":"B","heatingSystem":"electric","utilities":["balcony","freezer","fridge","air conditioning"]}',120,'leased'),
	 (228,1,'81648004364','Luxury suite','37',228,858951.0,'Luxurious suite with all the features You can imagine.','{"numberOfParkingSpaces":1,"numberOfBathrooms":2,"numberOfBedrooms":3,"freeWifi":false,"cabelTV":true,"energyClass":"A","heatingSystem":"AC","utilities":["loggia","fridge","air conditioning"]}',228,'leased'),
	 (254,1,'17710408069','Luxury suite','211',254,1192951.0,'Luxurious suite with all the features You can imagine.','{"numberOfParkingSpaces":1,"numberOfBathrooms":1,"numberOfBedrooms":1,"freeWifi":false,"cabelTV":false,"energyClass":"C","heatingSystem":"gas","utilities":["balcony","freezer","fridge"]}',254,'leased'),
	 (266,1,'53799586805','Luxury suite','169',266,565245.0,'Luxurious suite with all the features You can imagine.','{"numberOfParkingSpaces":0,"numberOfBathrooms":1,"numberOfBedrooms":2,"freeWifi":false,"cabelTV":false,"energyClass":"D","heatingSystem":"electric","utilities":["freezer","fridge"]}',266,'leased'),
	 (294,1,'68149317735','Luxury suite','104',294,1201404.0,'Luxurious suite with all the features You can imagine.','{"numberOfParkingSpaces":2,"numberOfBathrooms":3,"numberOfBedrooms":3,"freeWifi":false,"cabelTV":true,"energyClass":"A","heatingSystem":"gas","utilities":["freezer","fridge","air conditioning"]}',294,'leased'),
	 (182,1,'91954504216','Luxury suite','115',182,901271.0,'Luxurious suite with all the features You can imagine.','{"numberOfParkingSpaces":0,"numberOfBathrooms":1,"numberOfBedrooms":2,"freeWifi":false,"cabelTV":false,"energyClass":"B","heatingSystem":"electric","utilities":["balcony","freezer","fridge","air conditioning"]}',182,'leased'),
	 (186,1,'87720647674','Luxury suite','225',186,189630.0,'Luxurious suite with all the features You can imagine.','{"numberOfParkingSpaces":1,"numberOfBathrooms":2,"numberOfBedrooms":3,"freeWifi":false,"cabelTV":true,"energyClass":"A","heatingSystem":"AC","utilities":["loggia","fridge","air conditioning"]}',186,'leased'),
	 (188,1,'92439677228','Luxury suite','99',188,1334025.0,'Luxurious suite with all the features You can imagine.','{"numberOfParkingSpaces":1,"numberOfBathrooms":1,"numberOfBedrooms":1,"freeWifi":false,"cabelTV":false,"energyClass":"C","heatingSystem":"gas","utilities":["balcony","freezer","fridge"]}',188,'leased'),
	 (198,1,'50629276619','Luxury suite','107',198,1235804.0,'Luxurious suite with all the features You can imagine.','{"numberOfParkingSpaces":0,"numberOfBathrooms":1,"numberOfBedrooms":2,"freeWifi":false,"cabelTV":false,"energyClass":"D","heatingSystem":"electric","utilities":["freezer","fridge"]}',198,'leased'),
	 (224,1,'72847078766','Luxury suite','34',224,746436.0,'Luxurious suite with all the features You can imagine.','{"numberOfParkingSpaces":2,"numberOfBathrooms":3,"numberOfBedrooms":3,"freeWifi":false,"cabelTV":true,"energyClass":"A","heatingSystem":"gas","utilities":["freezer","fridge","air conditioning"]}',224,'leased'),
	 (226,1,'02218298989','Luxury suite','140',226,480600.0,'Luxurious suite with all the features You can imagine.','{"numberOfParkingSpaces":0,"numberOfBathrooms":1,"numberOfBedrooms":2,"freeWifi":false,"cabelTV":false,"energyClass":"B","heatingSystem":"electric","utilities":["balcony","freezer","fridge","air conditioning"]}',226,'leased'),
	 (250,1,'16951721445','Luxury suite','191',250,523815.0,'Luxurious suite with all the features You can imagine.','{"numberOfParkingSpaces":1,"numberOfBathrooms":2,"numberOfBedrooms":3,"freeWifi":false,"cabelTV":true,"energyClass":"A","heatingSystem":"AC","utilities":["loggia","fridge","air conditioning"]}',250,'leased'),
	 (216,1,'04176017226','Luxury suite','33',216,681543.0,'Luxurious suite with all the features You can imagine.','{"numberOfParkingSpaces":1,"numberOfBathrooms":1,"numberOfBedrooms":1,"freeWifi":false,"cabelTV":false,"energyClass":"C","heatingSystem":"gas","utilities":["balcony","freezer","fridge"]}',216,'leased'),
	 (160,1,'13835303020','Luxury suite','159',160,160166.0,'Luxurious suite with all the features You can imagine.','{"numberOfParkingSpaces":0,"numberOfBathrooms":1,"numberOfBedrooms":2,"freeWifi":false,"cabelTV":false,"energyClass":"D","heatingSystem":"electric","utilities":["freezer","fridge"]}',160,'leased'),
	 (286,1,'95504740478','Luxury suite','33',286,1358051.0,'Luxurious suite with all the features You can imagine.','{"numberOfParkingSpaces":2,"numberOfBathrooms":3,"numberOfBedrooms":3,"freeWifi":false,"cabelTV":true,"energyClass":"A","heatingSystem":"gas","utilities":["freezer","fridge","air conditioning"]}',286,'leased'),
	 (271,1,'25675100280','City center apartment','246',271,1363503.0,'Spacious apartment in city center.','{"numberOfParkingSpaces":0,"numberOfBathrooms":1,"numberOfBedrooms":2,"freeWifi":false,"cabelTV":false,"energyClass":"B","heatingSystem":"electric","utilities":["balcony","freezer","fridge","air conditioning"]}',271,'leased'),
	 (316,1,'66862043991','Luxury suite','42',316,471186.0,'Luxurious suite with all the features You can imagine.','{"numberOfParkingSpaces":1,"numberOfBathrooms":2,"numberOfBedrooms":3,"freeWifi":false,"cabelTV":true,"energyClass":"A","heatingSystem":"AC","utilities":["loggia","fridge","air conditioning"]}',316,'leased'),
	 (305,1,'37958812721','City center apartment','176',305,424497.0,'Spacious apartment in city center.','{"numberOfParkingSpaces":1,"numberOfBathrooms":1,"numberOfBedrooms":1,"freeWifi":false,"cabelTV":false,"energyClass":"C","heatingSystem":"gas","utilities":["balcony","freezer","fridge"]}',305,'leased'),
	 (321,1,'03092221688','City center apartment','237',321,296204.0,'Spacious apartment in city center.','{"numberOfParkingSpaces":0,"numberOfBathrooms":1,"numberOfBedrooms":2,"freeWifi":false,"cabelTV":false,"energyClass":"D","heatingSystem":"electric","utilities":["freezer","fridge"]}',321,'leased'),
	 (343,1,'48148083196','City center apartment','94',343,538053.0,'Spacious apartment in city center.','{"numberOfParkingSpaces":2,"numberOfBathrooms":3,"numberOfBedrooms":3,"freeWifi":false,"cabelTV":true,"energyClass":"A","heatingSystem":"gas","utilities":["freezer","fridge","air conditioning"]}',343,'leased'),
	 (161,1,'41001106812','City center apartment','114',161,160159.0,'Spacious apartment in city center.','{"numberOfParkingSpaces":0,"numberOfBathrooms":1,"numberOfBedrooms":2,"freeWifi":false,"cabelTV":false,"energyClass":"B","heatingSystem":"electric","utilities":["balcony","freezer","fridge","air conditioning"]}',161,'leased'),
	 (291,1,'85101569249','City center apartment','55',291,292677.0,'Spacious apartment in city center.','{"numberOfParkingSpaces":1,"numberOfBathrooms":2,"numberOfBedrooms":3,"freeWifi":false,"cabelTV":true,"energyClass":"A","heatingSystem":"AC","utilities":["loggia","fridge","air conditioning"]}',291,'leased'),
	 (163,1,'97720438239','City center apartment','201',163,1478647.0,'Spacious apartment in city center.','{"numberOfParkingSpaces":1,"numberOfBathrooms":1,"numberOfBedrooms":1,"freeWifi":false,"cabelTV":false,"energyClass":"C","heatingSystem":"gas","utilities":["balcony","freezer","fridge"]}',163,'leased'),
	 (165,1,'72031149944','City center apartment','50',165,498149.0,'Spacious apartment in city center.','{"numberOfParkingSpaces":0,"numberOfBathrooms":1,"numberOfBedrooms":2,"freeWifi":false,"cabelTV":false,"energyClass":"D","heatingSystem":"electric","utilities":["freezer","fridge"]}',165,'leased'),
	 (217,3,'23295051333','Coworking space','45',217,1051288.0,'Productive place to get all Your work done.','{"numberOfParkingSpaces":2,"numberOfBathrooms":3,"numberOfBedrooms":3,"freeWifi":false,"cabelTV":true,"energyClass":"A","heatingSystem":"gas","utilities":["freezer","fridge","air conditioning"]}',217,'leased'),
	 (252,3,'99096267190','Coworking space','47',252,110578.0,'Productive place to get all Your work done.','{"numberOfParkingSpaces":0,"numberOfBathrooms":1,"numberOfBedrooms":2,"freeWifi":false,"cabelTV":false,"energyClass":"B","heatingSystem":"electric","utilities":["balcony","freezer","fridge","air conditioning"]}',252,'leased'),
	 (270,3,'68543878647','Coworking space','147',270,828274.0,'Productive place to get all Your work done.','{"numberOfParkingSpaces":1,"numberOfBathrooms":2,"numberOfBedrooms":3,"freeWifi":false,"cabelTV":true,"energyClass":"A","heatingSystem":"AC","utilities":["loggia","fridge","air conditioning"]}',270,'leased'),
	 (109,1,'17674114429','City center apartment','134',109,968421.0,'Spacious apartment in city center.','{"numberOfParkingSpaces":1,"numberOfBathrooms":1,"numberOfBedrooms":1,"freeWifi":false,"cabelTV":false,"energyClass":"C","heatingSystem":"gas","utilities":["balcony","freezer","fridge"]}',109,'leased'),
	 (102,3,'05378482390','Coworking space','54',102,1076755.0,'Productive place to get all Your work done.','{"numberOfParkingSpaces":0,"numberOfBathrooms":1,"numberOfBedrooms":2,"freeWifi":false,"cabelTV":false,"energyClass":"D","heatingSystem":"electric","utilities":["freezer","fridge"]}',102,'leased'),
	 (125,3,'32294448196','Coworking space','132',125,356453.0,'Productive place to get all Your work done.','{"numberOfParkingSpaces":2,"numberOfBathrooms":3,"numberOfBedrooms":3,"freeWifi":false,"cabelTV":true,"energyClass":"A","heatingSystem":"gas","utilities":["freezer","fridge","air conditioning"]}',125,'leased'),
	 (127,3,'89706441650','Coworking space','34',127,1032719.0,'Productive place to get all Your work done.','{"numberOfParkingSpaces":0,"numberOfBathrooms":1,"numberOfBedrooms":2,"freeWifi":false,"cabelTV":false,"energyClass":"B","heatingSystem":"electric","utilities":["balcony","freezer","fridge","air conditioning"]}',127,'leased'),
	 (276,3,'59148023203','Coworking space','124',276,696666.0,'Productive place to get all Your work done.','{"numberOfParkingSpaces":1,"numberOfBathrooms":2,"numberOfBedrooms":3,"freeWifi":false,"cabelTV":true,"energyClass":"A","heatingSystem":"AC","utilities":["loggia","fridge","air conditioning"]}',276,'leased'),
	 (297,3,'18028612443','Coworking space','180',297,1407508.0,'Productive place to get all Your work done.','{"numberOfParkingSpaces":1,"numberOfBathrooms":1,"numberOfBedrooms":1,"freeWifi":false,"cabelTV":false,"energyClass":"C","heatingSystem":"gas","utilities":["balcony","freezer","fridge"]}',297,'leased'),
	 (307,3,'08587553584','Coworking space','219',307,819776.0,'Productive place to get all Your work done.','{"numberOfParkingSpaces":0,"numberOfBathrooms":1,"numberOfBedrooms":2,"freeWifi":false,"cabelTV":false,"energyClass":"D","heatingSystem":"electric","utilities":["freezer","fridge"]}',307,'leased'),
	 (231,3,'67511908826','Coworking space','133',231,1007223.0,'Productive place to get all Your work done.','{"numberOfParkingSpaces":2,"numberOfBathrooms":3,"numberOfBedrooms":3,"freeWifi":false,"cabelTV":true,"energyClass":"A","heatingSystem":"gas","utilities":["freezer","fridge","air conditioning"]}',231,'leased'),
	 (247,3,'64545946876','Coworking space','138',247,1270116.0,'Productive place to get all Your work done.','{"numberOfParkingSpaces":0,"numberOfBathrooms":1,"numberOfBedrooms":2,"freeWifi":false,"cabelTV":false,"energyClass":"B","heatingSystem":"electric","utilities":["balcony","freezer","fridge","air conditioning"]}',247,'leased'),
	 (251,3,'60884004764','Coworking space','134',251,1361457.0,'Productive place to get all Your work done.','{"numberOfParkingSpaces":1,"numberOfBathrooms":2,"numberOfBedrooms":3,"freeWifi":false,"cabelTV":true,"energyClass":"A","heatingSystem":"AC","utilities":["loggia","fridge","air conditioning"]}',251,'leased'),
	 (262,3,'79011835887','Coworking space','59',262,1149925.0,'Productive place to get all Your work done.','{"numberOfParkingSpaces":1,"numberOfBathrooms":1,"numberOfBedrooms":1,"freeWifi":false,"cabelTV":false,"energyClass":"C","heatingSystem":"gas","utilities":["balcony","freezer","fridge"]}',262,'leased'),
	 (104,3,'65592260352','Coworking space','247',104,867092.0,'Productive place to get all Your work done.','{"numberOfParkingSpaces":0,"numberOfBathrooms":1,"numberOfBedrooms":2,"freeWifi":false,"cabelTV":false,"energyClass":"D","heatingSystem":"electric","utilities":["freezer","fridge"]}',104,'leased'),
	 (135,3,'16265522503','Coworking space','141',135,296437.0,'Productive place to get all Your work done.','{"numberOfParkingSpaces":2,"numberOfBathrooms":3,"numberOfBedrooms":3,"freeWifi":false,"cabelTV":true,"energyClass":"A","heatingSystem":"gas","utilities":["freezer","fridge","air conditioning"]}',135,'leased'),
	 (136,3,'22634418455','Coworking space','197',136,891345.0,'Productive place to get all Your work done.','{"numberOfParkingSpaces":0,"numberOfBathrooms":1,"numberOfBedrooms":2,"freeWifi":false,"cabelTV":false,"energyClass":"B","heatingSystem":"electric","utilities":["balcony","freezer","fridge","air conditioning"]}',136,'leased'),
	 (142,3,'93998845042','Coworking space','153',142,578734.0,'Productive place to get all Your work done.','{"numberOfParkingSpaces":1,"numberOfBathrooms":2,"numberOfBedrooms":3,"freeWifi":false,"cabelTV":true,"energyClass":"A","heatingSystem":"AC","utilities":["loggia","fridge","air conditioning"]}',142,'leased'),
	 (146,3,'52920028547','Coworking space','69',146,1016467.0,'Productive place to get all Your work done.','{"numberOfParkingSpaces":1,"numberOfBathrooms":1,"numberOfBedrooms":1,"freeWifi":false,"cabelTV":false,"energyClass":"C","heatingSystem":"gas","utilities":["balcony","freezer","fridge"]}',146,'leased'),
	 (214,3,'66915574979','Coworking space','243',214,105207.0,'Productive place to get all Your work done.','{"numberOfParkingSpaces":0,"numberOfBathrooms":1,"numberOfBedrooms":2,"freeWifi":false,"cabelTV":false,"energyClass":"D","heatingSystem":"electric","utilities":["freezer","fridge"]}',214,'leased'),
	 (235,3,'57507771225','Coworking space','62',235,665331.0,'Productive place to get all Your work done.','{"numberOfParkingSpaces":2,"numberOfBathrooms":3,"numberOfBedrooms":3,"freeWifi":false,"cabelTV":true,"energyClass":"A","heatingSystem":"gas","utilities":["freezer","fridge","air conditioning"]}',235,'leased'),
	 (113,1,'47567911607','City center apartment','142',113,1279592.0,'Spacious apartment in city center.','{"numberOfParkingSpaces":0,"numberOfBathrooms":1,"numberOfBedrooms":2,"freeWifi":false,"cabelTV":false,"energyClass":"B","heatingSystem":"electric","utilities":["balcony","freezer","fridge","air conditioning"]}',113,'leased'),
	 (129,1,'33536816867','City center apartment','167',129,1374247.0,'Spacious apartment in city center.','{"numberOfParkingSpaces":1,"numberOfBathrooms":2,"numberOfBedrooms":3,"freeWifi":false,"cabelTV":true,"energyClass":"A","heatingSystem":"AC","utilities":["loggia","fridge","air conditioning"]}',129,'leased'),
	 (131,1,'82653742264','City center apartment','215',131,1327862.0,'Spacious apartment in city center.','{"numberOfParkingSpaces":1,"numberOfBathrooms":1,"numberOfBedrooms":1,"freeWifi":false,"cabelTV":false,"energyClass":"C","heatingSystem":"gas","utilities":["balcony","freezer","fridge"]}',131,'leased'),
	 (143,1,'39747913108','City center apartment','172',143,751257.0,'Spacious apartment in city center.','{"numberOfParkingSpaces":0,"numberOfBathrooms":1,"numberOfBedrooms":2,"freeWifi":false,"cabelTV":false,"energyClass":"D","heatingSystem":"electric","utilities":["freezer","fridge"]}',143,'leased'),
	 (179,1,'38279484782','City center apartment','132',179,950626.0,'Spacious apartment in city center.','{"numberOfParkingSpaces":2,"numberOfBathrooms":3,"numberOfBedrooms":3,"freeWifi":false,"cabelTV":true,"energyClass":"A","heatingSystem":"gas","utilities":["freezer","fridge","air conditioning"]}',179,'leased'),
	 (263,3,'68227624775','Coworking space','103',263,1316155.0,'Productive place to get all Your work done.','{"numberOfParkingSpaces":0,"numberOfBathrooms":1,"numberOfBedrooms":2,"freeWifi":false,"cabelTV":false,"energyClass":"B","heatingSystem":"electric","utilities":["balcony","freezer","fridge","air conditioning"]}',263,'leased'),
	 (313,3,'00088960444','Coworking space','72',313,637773.0,'Productive place to get all Your work done.','{"numberOfParkingSpaces":1,"numberOfBathrooms":2,"numberOfBedrooms":3,"freeWifi":false,"cabelTV":true,"energyClass":"A","heatingSystem":"AC","utilities":["loggia","fridge","air conditioning"]}',313,'leased'),
	 (315,3,'01445079960','Coworking space','98',315,1339743.0,'Productive place to get all Your work done.','{"numberOfParkingSpaces":1,"numberOfBathrooms":1,"numberOfBedrooms":1,"freeWifi":false,"cabelTV":false,"energyClass":"C","heatingSystem":"gas","utilities":["balcony","freezer","fridge"]}',315,'leased'),
	 (325,3,'75360157083','Coworking space','79',325,590928.0,'Productive place to get all Your work done.','{"numberOfParkingSpaces":0,"numberOfBathrooms":1,"numberOfBedrooms":2,"freeWifi":false,"cabelTV":false,"energyClass":"D","heatingSystem":"electric","utilities":["freezer","fridge"]}',325,'leased'),
	 (332,3,'93921135358','Coworking space','209',332,1394332.0,'Productive place to get all Your work done.','{"numberOfParkingSpaces":2,"numberOfBathrooms":3,"numberOfBedrooms":3,"freeWifi":false,"cabelTV":true,"energyClass":"A","heatingSystem":"gas","utilities":["freezer","fridge","air conditioning"]}',332,'leased'),
	 (107,3,'50665509433','Coworking space','60',107,640906.0,'Productive place to get all Your work done.','{"numberOfParkingSpaces":0,"numberOfBathrooms":1,"numberOfBedrooms":2,"freeWifi":false,"cabelTV":false,"energyClass":"B","heatingSystem":"electric","utilities":["balcony","freezer","fridge","air conditioning"]}',107,'leased'),
	 (133,3,'93921135358','Coworking space','141',133,1147606.0,'Productive place to get all Your work done.','{"numberOfParkingSpaces":1,"numberOfBathrooms":2,"numberOfBedrooms":3,"freeWifi":false,"cabelTV":true,"energyClass":"A","heatingSystem":"AC","utilities":["loggia","fridge","air conditioning"]}',133,'leased'),
	 (134,3,'29308207014','Coworking space','184',134,763862.0,'Productive place to get all Your work done.','{"numberOfParkingSpaces":1,"numberOfBathrooms":1,"numberOfBedrooms":1,"freeWifi":false,"cabelTV":false,"energyClass":"C","heatingSystem":"gas","utilities":["balcony","freezer","fridge"]}',134,'leased'),
	 (138,3,'38804871273','Coworking space','78',138,1261287.0,'Productive place to get all Your work done.','{"numberOfParkingSpaces":0,"numberOfBathrooms":1,"numberOfBedrooms":2,"freeWifi":false,"cabelTV":false,"energyClass":"D","heatingSystem":"electric","utilities":["freezer","fridge"]}',138,'leased'),
	 (197,3,'34290541390','Coworking space','58',197,161545.0,'Productive place to get all Your work done.','{"numberOfParkingSpaces":2,"numberOfBathrooms":3,"numberOfBedrooms":3,"freeWifi":false,"cabelTV":true,"energyClass":"A","heatingSystem":"gas","utilities":["freezer","fridge","air conditioning"]}',197,'leased'),
	 (240,3,'34743948890','Coworking space','133',240,1441324.0,'Productive place to get all Your work done.','{"numberOfParkingSpaces":0,"numberOfBathrooms":1,"numberOfBedrooms":2,"freeWifi":false,"cabelTV":false,"energyClass":"B","heatingSystem":"electric","utilities":["balcony","freezer","fridge","air conditioning"]}',240,'leased'),
	 (108,3,'08587553584','Coworking space','244',108,189690.0,'Productive place to get all Your work done.','{"numberOfParkingSpaces":1,"numberOfBathrooms":2,"numberOfBedrooms":3,"freeWifi":false,"cabelTV":true,"energyClass":"A","heatingSystem":"AC","utilities":["loggia","fridge","air conditioning"]}',108,'leased'),
	 (219,1,'32057855703','City center apartment','116',219,982366.0,'Spacious apartment in city center.','{"numberOfParkingSpaces":1,"numberOfBathrooms":1,"numberOfBedrooms":1,"freeWifi":false,"cabelTV":false,"energyClass":"C","heatingSystem":"gas","utilities":["balcony","freezer","fridge"]}',219,'leased'),
	 (202,3,'43933021497','Coworking space','212',202,175951.0,'Productive place to get all Your work done.','{"numberOfParkingSpaces":0,"numberOfBathrooms":1,"numberOfBedrooms":2,"freeWifi":false,"cabelTV":false,"energyClass":"D","heatingSystem":"electric","utilities":["freezer","fridge"]}',202,'leased'),
	 (206,3,'18135341075','Coworking space','141',206,1325494.0,'Productive place to get all Your work done.','{"numberOfParkingSpaces":2,"numberOfBathrooms":3,"numberOfBedrooms":3,"freeWifi":false,"cabelTV":true,"energyClass":"A","heatingSystem":"gas","utilities":["freezer","fridge","air conditioning"]}',206,'leased'),
	 (208,3,'25225765223','Coworking space','216',208,349397.0,'Productive place to get all Your work done.','{"numberOfParkingSpaces":0,"numberOfBathrooms":1,"numberOfBedrooms":2,"freeWifi":false,"cabelTV":false,"energyClass":"B","heatingSystem":"electric","utilities":["balcony","freezer","fridge","air conditioning"]}',208,'leased'),
	 (167,3,'55019370671','Coworking space','199',167,1091567.0,'Productive place to get all Your work done.','{"numberOfParkingSpaces":1,"numberOfBathrooms":2,"numberOfBedrooms":3,"freeWifi":false,"cabelTV":true,"energyClass":"A","heatingSystem":"AC","utilities":["loggia","fridge","air conditioning"]}',167,'leased'),
	 (169,3,'58144441648','Coworking space','62',169,145292.0,'Productive place to get all Your work done.','{"numberOfParkingSpaces":1,"numberOfBathrooms":1,"numberOfBedrooms":1,"freeWifi":false,"cabelTV":false,"energyClass":"C","heatingSystem":"gas","utilities":["balcony","freezer","fridge"]}',169,'leased'),
	 (170,3,'14491369255','Coworking space','44',170,1260155.0,'Productive place to get all Your work done.','{"numberOfParkingSpaces":0,"numberOfBathrooms":1,"numberOfBedrooms":2,"freeWifi":false,"cabelTV":false,"energyClass":"D","heatingSystem":"electric","utilities":["freezer","fridge"]}',170,'leased'),
	 (171,3,'71211090386','Coworking space','209',171,1336772.0,'Productive place to get all Your work done.','{"numberOfParkingSpaces":2,"numberOfBathrooms":3,"numberOfBedrooms":3,"freeWifi":false,"cabelTV":true,"energyClass":"A","heatingSystem":"gas","utilities":["freezer","fridge","air conditioning"]}',171,'leased'),
	 (172,3,'72210857063','Coworking space','210',172,1447592.0,'Productive place to get all Your work done.','{"numberOfParkingSpaces":0,"numberOfBathrooms":1,"numberOfBedrooms":2,"freeWifi":false,"cabelTV":false,"energyClass":"B","heatingSystem":"electric","utilities":["balcony","freezer","fridge","air conditioning"]}',172,'leased'),
	 (175,3,'04768517006','Coworking space','92',175,878365.0,'Productive place to get all Your work done.','{"numberOfParkingSpaces":1,"numberOfBathrooms":2,"numberOfBedrooms":3,"freeWifi":false,"cabelTV":true,"energyClass":"A","heatingSystem":"AC","utilities":["loggia","fridge","air conditioning"]}',175,'leased'),
	 (177,3,'45222912690','Coworking space','136',177,899649.0,'Productive place to get all Your work done.','{"numberOfParkingSpaces":1,"numberOfBathrooms":1,"numberOfBedrooms":1,"freeWifi":false,"cabelTV":false,"energyClass":"C","heatingSystem":"gas","utilities":["balcony","freezer","fridge"]}',177,'leased'),
	 (178,3,'34825237240','Coworking space','49',178,1358930.0,'Productive place to get all Your work done.','{"numberOfParkingSpaces":0,"numberOfBathrooms":1,"numberOfBedrooms":2,"freeWifi":false,"cabelTV":false,"energyClass":"D","heatingSystem":"electric","utilities":["freezer","fridge"]}',178,'leased'),
	 (115,3,'14954512106','Coworking space','123',115,911255.0,'Productive place to get all Your work done.','{"numberOfParkingSpaces":2,"numberOfBathrooms":3,"numberOfBedrooms":3,"freeWifi":false,"cabelTV":true,"energyClass":"A","heatingSystem":"gas","utilities":["freezer","fridge","air conditioning"]}',115,'leased'),
	 (116,3,'01445079960','Coworking space','177',116,955442.0,'Productive place to get all Your work done.','{"numberOfParkingSpaces":0,"numberOfBathrooms":1,"numberOfBedrooms":2,"freeWifi":false,"cabelTV":false,"energyClass":"B","heatingSystem":"electric","utilities":["balcony","freezer","fridge","air conditioning"]}',116,'leased'),
	 (132,3,'76799652475','Coworking space','227',132,406510.0,'Productive place to get all Your work done.','{"numberOfParkingSpaces":1,"numberOfBathrooms":2,"numberOfBedrooms":3,"freeWifi":false,"cabelTV":true,"energyClass":"A","heatingSystem":"AC","utilities":["loggia","fridge","air conditioning"]}',132,'leased'),
	 (244,3,'59073720051','Coworking space','37',244,1413649.0,'Productive place to get all Your work done.','{"numberOfParkingSpaces":1,"numberOfBathrooms":1,"numberOfBedrooms":1,"freeWifi":false,"cabelTV":false,"energyClass":"C","heatingSystem":"gas","utilities":["balcony","freezer","fridge"]}',244,'leased'),
	 (258,3,'41328981067','Coworking space','71',258,570254.0,'Productive place to get all Your work done.','{"numberOfParkingSpaces":0,"numberOfBathrooms":1,"numberOfBedrooms":2,"freeWifi":false,"cabelTV":false,"energyClass":"D","heatingSystem":"electric","utilities":["freezer","fridge"]}',258,'leased'),
	 (264,3,'17792227457','Coworking space','111',264,1330086.0,'Productive place to get all Your work done.','{"numberOfParkingSpaces":2,"numberOfBathrooms":3,"numberOfBedrooms":3,"freeWifi":false,"cabelTV":true,"energyClass":"A","heatingSystem":"gas","utilities":["freezer","fridge","air conditioning"]}',264,'leased'),
	 (268,3,'62024795751','Coworking space','81',268,761794.0,'Productive place to get all Your work done.','{"numberOfParkingSpaces":0,"numberOfBathrooms":1,"numberOfBedrooms":2,"freeWifi":false,"cabelTV":false,"energyClass":"B","heatingSystem":"electric","utilities":["balcony","freezer","fridge","air conditioning"]}',268,'leased'),
	 (272,3,'72547717650','Coworking space','97',272,430253.0,'Productive place to get all Your work done.','{"numberOfParkingSpaces":1,"numberOfBathrooms":2,"numberOfBedrooms":3,"freeWifi":false,"cabelTV":true,"energyClass":"A","heatingSystem":"AC","utilities":["loggia","fridge","air conditioning"]}',272,'leased'),
	 (320,3,'94762451705','Coworking space','204',320,831582.0,'Productive place to get all Your work done.','{"numberOfParkingSpaces":1,"numberOfBathrooms":1,"numberOfBedrooms":1,"freeWifi":false,"cabelTV":false,"energyClass":"C","heatingSystem":"gas","utilities":["balcony","freezer","fridge"]}',320,'leased'),
	 (205,1,'80402200798','City center apartment','101',205,421992.0,'Spacious apartment in city center.','{"numberOfParkingSpaces":0,"numberOfBathrooms":1,"numberOfBedrooms":2,"freeWifi":false,"cabelTV":false,"energyClass":"D","heatingSystem":"electric","utilities":["freezer","fridge"]}',205,'leased'),
	 (207,1,'68397610249','City center apartment','27',207,673185.0,'Spacious apartment in city center.','{"numberOfParkingSpaces":2,"numberOfBathrooms":3,"numberOfBedrooms":3,"freeWifi":false,"cabelTV":true,"energyClass":"A","heatingSystem":"gas","utilities":["freezer","fridge","air conditioning"]}',207,'leased'),
	 (187,1,'63516292742','City center apartment','103',187,982559.0,'Spacious apartment in city center.','{"numberOfParkingSpaces":0,"numberOfBathrooms":1,"numberOfBedrooms":2,"freeWifi":false,"cabelTV":false,"energyClass":"B","heatingSystem":"electric","utilities":["balcony","freezer","fridge","air conditioning"]}',187,'leased'),
	 (189,1,'14768178714','City center apartment','36',189,777057.0,'Spacious apartment in city center.','{"numberOfParkingSpaces":1,"numberOfBathrooms":2,"numberOfBedrooms":3,"freeWifi":false,"cabelTV":true,"energyClass":"A","heatingSystem":"AC","utilities":["loggia","fridge","air conditioning"]}',189,'leased'),
	 (193,1,'02526352184','City center apartment','211',193,1062541.0,'Spacious apartment in city center.','{"numberOfParkingSpaces":1,"numberOfBathrooms":1,"numberOfBedrooms":1,"freeWifi":false,"cabelTV":false,"energyClass":"C","heatingSystem":"gas","utilities":["balcony","freezer","fridge"]}',193,'leased'),
	 (195,1,'80224877853','City center apartment','53',195,1341969.0,'Spacious apartment in city center.','{"numberOfParkingSpaces":0,"numberOfBathrooms":1,"numberOfBedrooms":2,"freeWifi":false,"cabelTV":false,"energyClass":"D","heatingSystem":"electric","utilities":["freezer","fridge"]}',195,'leased'),
	 (209,1,'57205516587','City center apartment','210',209,1483528.0,'Spacious apartment in city center.','{"numberOfParkingSpaces":2,"numberOfBathrooms":3,"numberOfBedrooms":3,"freeWifi":false,"cabelTV":true,"energyClass":"A","heatingSystem":"gas","utilities":["freezer","fridge","air conditioning"]}',209,'leased'),
	 (223,1,'10477702238','City center apartment','180',223,803943.0,'Spacious apartment in city center.','{"numberOfParkingSpaces":0,"numberOfBathrooms":1,"numberOfBedrooms":2,"freeWifi":false,"cabelTV":false,"energyClass":"B","heatingSystem":"electric","utilities":["balcony","freezer","fridge","air conditioning"]}',223,'leased'),
	 (243,1,'50927664455','City center apartment','219',243,473619.0,'Spacious apartment in city center.','{"numberOfParkingSpaces":1,"numberOfBathrooms":2,"numberOfBedrooms":3,"freeWifi":false,"cabelTV":true,"energyClass":"A","heatingSystem":"AC","utilities":["loggia","fridge","air conditioning"]}',243,'leased'),
	 (180,3,'03327529225','Coworking space','137',180,1243119.0,'Productive place to get all Your work done.','{"numberOfParkingSpaces":1,"numberOfBathrooms":1,"numberOfBedrooms":1,"freeWifi":false,"cabelTV":false,"energyClass":"C","heatingSystem":"gas","utilities":["balcony","freezer","fridge"]}',180,'leased'),
	 (213,3,'87521231629','Coworking space','89',213,877596.0,'Productive place to get all Your work done.','{"numberOfParkingSpaces":0,"numberOfBathrooms":1,"numberOfBedrooms":2,"freeWifi":false,"cabelTV":false,"energyClass":"D","heatingSystem":"electric","utilities":["freezer","fridge"]}',213,'leased'),
	 (218,3,'76253902196','Coworking space','34',218,587564.0,'Productive place to get all Your work done.','{"numberOfParkingSpaces":2,"numberOfBathrooms":3,"numberOfBedrooms":3,"freeWifi":false,"cabelTV":true,"energyClass":"A","heatingSystem":"gas","utilities":["freezer","fridge","air conditioning"]}',218,'leased'),
	 (233,3,'89860416422','Coworking space','233',233,1053913.0,'Productive place to get all Your work done.','{"numberOfParkingSpaces":0,"numberOfBathrooms":1,"numberOfBedrooms":2,"freeWifi":false,"cabelTV":false,"energyClass":"B","heatingSystem":"electric","utilities":["balcony","freezer","fridge","air conditioning"]}',233,'leased'),
	 (234,3,'99828047662','Coworking space','82',234,61303.0,'Productive place to get all Your work done.','{"numberOfParkingSpaces":1,"numberOfBathrooms":2,"numberOfBedrooms":3,"freeWifi":false,"cabelTV":true,"energyClass":"A","heatingSystem":"AC","utilities":["loggia","fridge","air conditioning"]}',234,'leased'),
	 (211,3,'39936287765','Coworking space','38',211,808675.0,'Productive place to get all Your work done.','{"numberOfParkingSpaces":1,"numberOfBathrooms":1,"numberOfBedrooms":1,"freeWifi":false,"cabelTV":false,"energyClass":"C","heatingSystem":"gas","utilities":["balcony","freezer","fridge"]}',211,'leased'),
	 (215,3,'82728200438','Coworking space','97',215,1067931.0,'Productive place to get all Your work done.','{"numberOfParkingSpaces":0,"numberOfBathrooms":1,"numberOfBedrooms":2,"freeWifi":false,"cabelTV":false,"energyClass":"D","heatingSystem":"electric","utilities":["freezer","fridge"]}',215,'leased'),
	 (230,3,'63328919256','Coworking space','91',230,1437651.0,'Productive place to get all Your work done.','{"numberOfParkingSpaces":2,"numberOfBathrooms":3,"numberOfBedrooms":3,"freeWifi":false,"cabelTV":true,"energyClass":"A","heatingSystem":"gas","utilities":["freezer","fridge","air conditioning"]}',230,'leased'),
	 (236,3,'04494190867','Coworking space','90',236,513860.0,'Productive place to get all Your work done.','{"numberOfParkingSpaces":0,"numberOfBathrooms":1,"numberOfBedrooms":2,"freeWifi":false,"cabelTV":false,"energyClass":"B","heatingSystem":"electric","utilities":["balcony","freezer","fridge","air conditioning"]}',236,'leased'),
	 (296,3,'94262034943','Coworking space','127',296,855667.0,'Productive place to get all Your work done.','{"numberOfParkingSpaces":1,"numberOfBathrooms":2,"numberOfBedrooms":3,"freeWifi":false,"cabelTV":true,"energyClass":"A","heatingSystem":"AC","utilities":["loggia","fridge","air conditioning"]}',296,'leased'),
	 (299,3,'88914800880','Coworking space','145',299,824860.0,'Productive place to get all Your work done.','{"numberOfParkingSpaces":1,"numberOfBathrooms":1,"numberOfBedrooms":1,"freeWifi":false,"cabelTV":false,"energyClass":"C","heatingSystem":"gas","utilities":["balcony","freezer","fridge"]}',299,'leased'),
	 (302,3,'66684148065','Coworking space','109',302,580069.0,'Productive place to get all Your work done.','{"numberOfParkingSpaces":0,"numberOfBathrooms":1,"numberOfBedrooms":2,"freeWifi":false,"cabelTV":false,"energyClass":"D","heatingSystem":"electric","utilities":["freezer","fridge"]}',302,'leased'),
	 (303,3,'65592260352','Coworking space','94',303,412387.0,'Productive place to get all Your work done.','{"numberOfParkingSpaces":2,"numberOfBathrooms":3,"numberOfBedrooms":3,"freeWifi":false,"cabelTV":true,"energyClass":"A","heatingSystem":"gas","utilities":["freezer","fridge","air conditioning"]}',303,'leased'),
	 (306,3,'50665509433','Coworking space','242',306,1287347.0,'Productive place to get all Your work done.','{"numberOfParkingSpaces":0,"numberOfBathrooms":1,"numberOfBedrooms":2,"freeWifi":false,"cabelTV":false,"energyClass":"B","heatingSystem":"electric","utilities":["balcony","freezer","fridge","air conditioning"]}',306,'leased'),
	 (245,1,'46349544424','City center apartment','174',245,1485687.0,'Spacious apartment in city center.','{"numberOfParkingSpaces":1,"numberOfBathrooms":2,"numberOfBedrooms":3,"freeWifi":false,"cabelTV":true,"energyClass":"A","heatingSystem":"AC","utilities":["loggia","fridge","air conditioning"]}',245,'leased'),
	 (249,1,'13069613427','City center apartment','27',249,545634.0,'Spacious apartment in city center.','{"numberOfParkingSpaces":1,"numberOfBathrooms":1,"numberOfBedrooms":1,"freeWifi":false,"cabelTV":false,"energyClass":"C","heatingSystem":"gas","utilities":["balcony","freezer","fridge"]}',249,'leased'),
	 (257,1,'40948322895','City center apartment','83',257,794736.0,'Spacious apartment in city center.','{"numberOfParkingSpaces":0,"numberOfBathrooms":1,"numberOfBedrooms":2,"freeWifi":false,"cabelTV":false,"energyClass":"D","heatingSystem":"electric","utilities":["freezer","fridge"]}',257,'leased'),
	 (269,1,'94201071125','City center apartment','56',269,349717.0,'Spacious apartment in city center.','{"numberOfParkingSpaces":2,"numberOfBathrooms":3,"numberOfBedrooms":3,"freeWifi":false,"cabelTV":true,"energyClass":"A","heatingSystem":"gas","utilities":["freezer","fridge","air conditioning"]}',269,'leased'),
	 (275,1,'52871752366','City center apartment','118',275,964762.0,'Spacious apartment in city center.','{"numberOfParkingSpaces":0,"numberOfBathrooms":1,"numberOfBedrooms":2,"freeWifi":false,"cabelTV":false,"energyClass":"B","heatingSystem":"electric","utilities":["balcony","freezer","fridge","air conditioning"]}',275,'leased'),
	 (238,3,'78487973879','Coworking space','28',238,1168229.0,'Productive place to get all Your work done.','{"numberOfParkingSpaces":1,"numberOfBathrooms":2,"numberOfBedrooms":3,"freeWifi":false,"cabelTV":true,"energyClass":"A","heatingSystem":"AC","utilities":["loggia","fridge","air conditioning"]}',238,'leased'),
	 (241,3,'74523203614','Coworking space','30',241,1067287.0,'Productive place to get all Your work done.','{"numberOfParkingSpaces":1,"numberOfBathrooms":1,"numberOfBedrooms":1,"freeWifi":false,"cabelTV":false,"energyClass":"C","heatingSystem":"gas","utilities":["balcony","freezer","fridge"]}',241,'leased'),
	 (255,3,'71936540059','Coworking space','57',255,1473386.0,'Productive place to get all Your work done.','{"numberOfParkingSpaces":0,"numberOfBathrooms":1,"numberOfBedrooms":2,"freeWifi":false,"cabelTV":false,"energyClass":"D","heatingSystem":"electric","utilities":["freezer","fridge"]}',255,'leased'),
	 (256,3,'12599386466','Coworking space','63',256,1472826.0,'Productive place to get all Your work done.','{"numberOfParkingSpaces":2,"numberOfBathrooms":3,"numberOfBedrooms":3,"freeWifi":false,"cabelTV":true,"energyClass":"A","heatingSystem":"gas","utilities":["freezer","fridge","air conditioning"]}',256,'leased'),
	 (265,3,'11266003590','Coworking space','79',265,895671.0,'Productive place to get all Your work done.','{"numberOfParkingSpaces":0,"numberOfBathrooms":1,"numberOfBedrooms":2,"freeWifi":false,"cabelTV":false,"energyClass":"B","heatingSystem":"electric","utilities":["balcony","freezer","fridge","air conditioning"]}',265,'leased'),
	 (287,3,'64218462377','Coworking space','31',287,421781.0,'Productive place to get all Your work done.','{"numberOfParkingSpaces":1,"numberOfBathrooms":2,"numberOfBedrooms":3,"freeWifi":false,"cabelTV":true,"energyClass":"A","heatingSystem":"AC","utilities":["loggia","fridge","air conditioning"]}',287,'leased'),
	 (289,3,'69537853523','Coworking space','248',289,410624.0,'Productive place to get all Your work done.','{"numberOfParkingSpaces":1,"numberOfBathrooms":1,"numberOfBedrooms":1,"freeWifi":false,"cabelTV":false,"energyClass":"C","heatingSystem":"gas","utilities":["balcony","freezer","fridge"]}',289,'leased'),
	 (301,3,'05378482390','Coworking space','47',301,1386667.0,'Productive place to get all Your work done.','{"numberOfParkingSpaces":0,"numberOfBathrooms":1,"numberOfBedrooms":2,"freeWifi":false,"cabelTV":false,"energyClass":"D","heatingSystem":"electric","utilities":["freezer","fridge"]}',301,'leased'),
	 (304,3,'44893834660','Coworking space','89',304,1164172.0,'Productive place to get all Your work done.','{"numberOfParkingSpaces":2,"numberOfBathrooms":3,"numberOfBedrooms":3,"freeWifi":false,"cabelTV":true,"energyClass":"A","heatingSystem":"gas","utilities":["freezer","fridge","air conditioning"]}',304,'leased'),
	 (201,3,'79628175146','Coworking space','221',201,1349353.0,'Productive place to get all Your work done.','{"numberOfParkingSpaces":0,"numberOfBathrooms":1,"numberOfBedrooms":2,"freeWifi":false,"cabelTV":false,"energyClass":"B","heatingSystem":"electric","utilities":["balcony","freezer","fridge","air conditioning"]}',201,'leased'),
	 (319,3,'47027187531','Coworking space','216',319,79267.0,'Productive place to get all Your work done.','{"numberOfParkingSpaces":1,"numberOfBathrooms":2,"numberOfBedrooms":3,"freeWifi":false,"cabelTV":true,"energyClass":"A","heatingSystem":"AC","utilities":["loggia","fridge","air conditioning"]}',319,'leased'),
	 (322,3,'43330921662','Coworking space','224',322,284220.0,'Productive place to get all Your work done.','{"numberOfParkingSpaces":1,"numberOfBathrooms":1,"numberOfBedrooms":1,"freeWifi":false,"cabelTV":false,"energyClass":"C","heatingSystem":"gas","utilities":["balcony","freezer","fridge"]}',322,'leased'),
	 (326,3,'89706441650','Coworking space','229',326,109615.0,'Productive place to get all Your work done.','{"numberOfParkingSpaces":0,"numberOfBathrooms":1,"numberOfBedrooms":2,"freeWifi":false,"cabelTV":false,"energyClass":"D","heatingSystem":"electric","utilities":["freezer","fridge"]}',326,'leased'),
	 (101,1,'63249610069','City center apartment','172',101,373114.0,'Spacious apartment in city center.','{"numberOfParkingSpaces":2,"numberOfBathrooms":3,"numberOfBedrooms":3,"freeWifi":false,"cabelTV":true,"energyClass":"A","heatingSystem":"gas","utilities":["freezer","fridge","air conditioning"]}',101,'leased'),
	 (153,1,'55302287700','City center apartment','68',153,293833.0,'Spacious apartment in city center.','{"numberOfParkingSpaces":0,"numberOfBathrooms":1,"numberOfBedrooms":2,"freeWifi":false,"cabelTV":false,"energyClass":"B","heatingSystem":"electric","utilities":["balcony","freezer","fridge","air conditioning"]}',153,'leased'),
	 (155,1,'15304637109','City center apartment','165',155,318182.0,'Spacious apartment in city center.','{"numberOfParkingSpaces":1,"numberOfBathrooms":2,"numberOfBedrooms":3,"freeWifi":false,"cabelTV":true,"energyClass":"A","heatingSystem":"AC","utilities":["loggia","fridge","air conditioning"]}',155,'leased'),
	 (168,1,'00870906326','Luxury suite','207',168,689976.0,'Luxurious suite with all the features You can imagine.','{"numberOfParkingSpaces":1,"numberOfBathrooms":1,"numberOfBedrooms":1,"freeWifi":false,"cabelTV":false,"energyClass":"C","heatingSystem":"gas","utilities":["balcony","freezer","fridge"]}',168,'leased'),
	 (176,1,'43217546641','Luxury suite','249',176,254573.0,'Luxurious suite with all the features You can imagine.','{"numberOfParkingSpaces":0,"numberOfBathrooms":1,"numberOfBedrooms":2,"freeWifi":false,"cabelTV":false,"energyClass":"D","heatingSystem":"electric","utilities":["freezer","fridge"]}',176,'leased'),
	 (204,1,'62221497599','Luxury suite','59',204,846575.0,'Luxurious suite with all the features You can imagine.','{"numberOfParkingSpaces":2,"numberOfBathrooms":3,"numberOfBedrooms":3,"freeWifi":false,"cabelTV":true,"energyClass":"A","heatingSystem":"gas","utilities":["freezer","fridge","air conditioning"]}',204,'leased'),
	 (285,1,'68630760379','City center apartment','114',285,837218.0,'Spacious apartment in city center.','{"numberOfParkingSpaces":0,"numberOfBathrooms":1,"numberOfBedrooms":2,"freeWifi":false,"cabelTV":false,"energyClass":"B","heatingSystem":"electric","utilities":["balcony","freezer","fridge","air conditioning"]}',285,'leased'),
	 (295,1,'09409685906','City center apartment','206',295,607836.0,'Spacious apartment in city center.','{"numberOfParkingSpaces":1,"numberOfBathrooms":2,"numberOfBedrooms":3,"freeWifi":false,"cabelTV":true,"energyClass":"A","heatingSystem":"AC","utilities":["loggia","fridge","air conditioning"]}',295,'leased'),
	 (309,1,'44904178810','City center apartment','243',309,1137374.0,'Spacious apartment in city center.','{"numberOfParkingSpaces":1,"numberOfBathrooms":1,"numberOfBedrooms":1,"freeWifi":false,"cabelTV":false,"energyClass":"C","heatingSystem":"gas","utilities":["balcony","freezer","fridge"]}',309,'leased'),
	 (323,1,'82525694074','City center apartment','102',323,298760.0,'Spacious apartment in city center.','{"numberOfParkingSpaces":0,"numberOfBathrooms":1,"numberOfBedrooms":2,"freeWifi":false,"cabelTV":false,"energyClass":"D","heatingSystem":"electric","utilities":["freezer","fridge"]}',323,'leased'),
	 (335,1,'22634418455','City center apartment','134',335,779461.0,'Spacious apartment in city center.','{"numberOfParkingSpaces":2,"numberOfBathrooms":3,"numberOfBedrooms":3,"freeWifi":false,"cabelTV":true,"energyClass":"A","heatingSystem":"gas","utilities":["freezer","fridge","air conditioning"]}',335,'leased'),
	 (337,1,'38804871273','City center apartment','150',337,1451559.0,'Spacious apartment in city center.','{"numberOfParkingSpaces":0,"numberOfBathrooms":1,"numberOfBedrooms":2,"freeWifi":false,"cabelTV":false,"energyClass":"B","heatingSystem":"electric","utilities":["balcony","freezer","fridge","air conditioning"]}',337,'leased'),
	 (184,3,'15743552013','Coworking space','162',184,368513.0,'Productive place to get all Your work done.','{"numberOfParkingSpaces":1,"numberOfBathrooms":2,"numberOfBedrooms":3,"freeWifi":false,"cabelTV":true,"energyClass":"A","heatingSystem":"AC","utilities":["loggia","fridge","air conditioning"]}',184,'leased'),
	 (191,3,'53793203662','Coworking space','211',191,358834.0,'Productive place to get all Your work done.','{"numberOfParkingSpaces":1,"numberOfBathrooms":1,"numberOfBedrooms":1,"freeWifi":false,"cabelTV":false,"energyClass":"C","heatingSystem":"gas","utilities":["balcony","freezer","fridge"]}',191,'leased'),
	 (194,3,'12067858596','Coworking space','180',194,953222.0,'Productive place to get all Your work done.','{"numberOfParkingSpaces":0,"numberOfBathrooms":1,"numberOfBedrooms":2,"freeWifi":false,"cabelTV":false,"energyClass":"D","heatingSystem":"electric","utilities":["freezer","fridge"]}',194,'leased'),
	 (196,3,'33931372285','Coworking space','161',196,125875.0,'Productive place to get all Your work done.','{"numberOfParkingSpaces":2,"numberOfBathrooms":3,"numberOfBedrooms":3,"freeWifi":false,"cabelTV":true,"energyClass":"A","heatingSystem":"gas","utilities":["freezer","fridge","air conditioning"]}',196,'leased'),
	 (292,1,'61540225636','Luxury suite','250',292,1071896.0,'Luxurious suite with all the features You can imagine.','{"numberOfParkingSpaces":0,"numberOfBathrooms":1,"numberOfBedrooms":2,"freeWifi":false,"cabelTV":false,"energyClass":"B","heatingSystem":"electric","utilities":["balcony","freezer","fridge","air conditioning"]}',292,'leased'),
	 (324,1,'32294448196','Luxury suite','226',324,1398561.0,'Luxurious suite with all the features You can imagine.','{"numberOfParkingSpaces":1,"numberOfBathrooms":2,"numberOfBedrooms":3,"freeWifi":false,"cabelTV":true,"energyClass":"A","heatingSystem":"AC","utilities":["loggia","fridge","air conditioning"]}',324,'leased'),
	 (314,1,'14954512106','Luxury suite','38',314,616852.0,'Luxurious suite with all the features You can imagine.','{"numberOfParkingSpaces":1,"numberOfBathrooms":1,"numberOfBedrooms":1,"freeWifi":false,"cabelTV":false,"energyClass":"C","heatingSystem":"gas","utilities":["balcony","freezer","fridge"]}',314,'leased'),
	 (145,1,'01641785120','City center apartment','82',145,421913.0,'Spacious apartment in city center.','{"numberOfParkingSpaces":0,"numberOfBathrooms":1,"numberOfBedrooms":2,"freeWifi":false,"cabelTV":false,"energyClass":"D","heatingSystem":"electric","utilities":["freezer","fridge"]}',145,'leased'),
	 (328,1,'33536816867','Luxury suite','121',328,1395393.0,'Luxurious suite with all the features You can imagine.','{"numberOfParkingSpaces":2,"numberOfBathrooms":3,"numberOfBedrooms":3,"freeWifi":false,"cabelTV":true,"energyClass":"A","heatingSystem":"gas","utilities":["freezer","fridge","air conditioning"]}',328,'leased'),
	 (338,1,'71903101757','Luxury suite','172',338,413857.0,'Luxurious suite with all the features You can imagine.','{"numberOfParkingSpaces":0,"numberOfBathrooms":1,"numberOfBedrooms":2,"freeWifi":false,"cabelTV":false,"energyClass":"B","heatingSystem":"electric","utilities":["balcony","freezer","fridge","air conditioning"]}',338,'leased'),
	 (340,1,'34567595799','Luxury suite','49',340,667681.0,'Luxurious suite with all the features You can imagine.','{"numberOfParkingSpaces":1,"numberOfBathrooms":2,"numberOfBedrooms":3,"freeWifi":false,"cabelTV":true,"energyClass":"A","heatingSystem":"AC","utilities":["loggia","fridge","air conditioning"]}',340,'leased'),
	 (137,2,'11862290428','Family house','155',137,620305.0,'Warm house for a loving family.','{"numberOfParkingSpaces":1,"numberOfBathrooms":1,"numberOfBedrooms":1,"freeWifi":false,"cabelTV":false,"energyClass":"C","heatingSystem":"gas","utilities":["balcony","freezer","fridge"]}',137,'leased'),
	 (140,2,'30543862104','Family house','162',140,625739.0,'Warm house for a loving family.','{"numberOfParkingSpaces":0,"numberOfBathrooms":1,"numberOfBedrooms":2,"freeWifi":false,"cabelTV":false,"energyClass":"D","heatingSystem":"electric","utilities":["freezer","fridge"]}',140,'leased'),
	 (210,2,'89739047164','Family house','67',210,1284748.0,'Warm house for a loving family.','{"numberOfParkingSpaces":2,"numberOfBathrooms":3,"numberOfBedrooms":3,"freeWifi":false,"cabelTV":true,"energyClass":"A","heatingSystem":"gas","utilities":["freezer","fridge","air conditioning"]}',210,'leased'),
	 (221,2,'22566640193','Family house','54',221,1334342.0,'Warm house for a loving family.','{"numberOfParkingSpaces":0,"numberOfBathrooms":1,"numberOfBedrooms":2,"freeWifi":false,"cabelTV":false,"energyClass":"B","heatingSystem":"electric","utilities":["balcony","freezer","fridge","air conditioning"]}',221,'leased'),
	 (246,2,'57432380717','Family house','104',246,409930.0,'Warm house for a loving family.','{"numberOfParkingSpaces":1,"numberOfBathrooms":2,"numberOfBedrooms":3,"freeWifi":false,"cabelTV":true,"energyClass":"A","heatingSystem":"AC","utilities":["loggia","fridge","air conditioning"]}',246,'leased'),
	 (274,2,'42484214035','Family house','123',274,1300644.0,'Warm house for a loving family.','{"numberOfParkingSpaces":1,"numberOfBathrooms":1,"numberOfBedrooms":1,"freeWifi":false,"cabelTV":false,"energyClass":"C","heatingSystem":"gas","utilities":["balcony","freezer","fridge"]}',274,'leased'),
	 (282,2,'31362906152','Family house','51',282,765277.0,'Warm house for a loving family.','{"numberOfParkingSpaces":0,"numberOfBathrooms":1,"numberOfBedrooms":2,"freeWifi":false,"cabelTV":false,"energyClass":"D","heatingSystem":"electric","utilities":["freezer","fridge"]}',282,'leased'),
	 (312,2,'47567911607','Family house','209',312,413200.0,'Warm house for a loving family.','{"numberOfParkingSpaces":2,"numberOfBathrooms":3,"numberOfBedrooms":3,"freeWifi":false,"cabelTV":true,"energyClass":"A","heatingSystem":"gas","utilities":["freezer","fridge","air conditioning"]}',312,'leased'),
	 (317,2,'13149279120','Family house','132',317,1309825.0,'Warm house for a loving family.','{"numberOfParkingSpaces":0,"numberOfBathrooms":1,"numberOfBedrooms":2,"freeWifi":false,"cabelTV":false,"energyClass":"B","heatingSystem":"electric","utilities":["balcony","freezer","fridge","air conditioning"]}',317,'leased'),
	 (339,2,'30543862104','Family house','57',339,214477.0,'Warm house for a loving family.','{"numberOfParkingSpaces":1,"numberOfBathrooms":2,"numberOfBedrooms":3,"freeWifi":false,"cabelTV":true,"energyClass":"A","heatingSystem":"AC","utilities":["loggia","fridge","air conditioning"]}',339,'leased'),
	 (103,2,'66684148065','Family house','239',103,679561.0,'Warm house for a loving family.','{"numberOfParkingSpaces":1,"numberOfBathrooms":1,"numberOfBedrooms":1,"freeWifi":false,"cabelTV":false,"energyClass":"C","heatingSystem":"gas","utilities":["balcony","freezer","fridge"]}',103,'leased'),
	 (105,2,'44893834660','Family house','28',105,204829.0,'Warm house for a loving family.','{"numberOfParkingSpaces":0,"numberOfBathrooms":1,"numberOfBedrooms":2,"freeWifi":false,"cabelTV":false,"energyClass":"D","heatingSystem":"electric","utilities":["freezer","fridge"]}',105,'leased'),
	 (122,2,'03092221688','Family house','126',122,855501.0,'Warm house for a loving family.','{"numberOfParkingSpaces":2,"numberOfBathrooms":3,"numberOfBedrooms":3,"freeWifi":false,"cabelTV":true,"energyClass":"A","heatingSystem":"gas","utilities":["freezer","fridge","air conditioning"]}',122,'leased'),
	 (139,2,'71903101757','Family house','138',139,248299.0,'Warm house for a loving family.','{"numberOfParkingSpaces":0,"numberOfBathrooms":1,"numberOfBedrooms":2,"freeWifi":false,"cabelTV":false,"energyClass":"B","heatingSystem":"electric","utilities":["balcony","freezer","fridge","air conditioning"]}',139,'leased'),
	 (157,2,'75489386755','Family house','203',157,1263880.0,'Warm house for a loving family.','{"numberOfParkingSpaces":1,"numberOfBathrooms":2,"numberOfBedrooms":3,"freeWifi":false,"cabelTV":true,"energyClass":"A","heatingSystem":"AC","utilities":["loggia","fridge","air conditioning"]}',157,'leased'),
	 (164,2,'25338718307','Family house','67',164,596613.0,'Warm house for a loving family.','{"numberOfParkingSpaces":1,"numberOfBathrooms":1,"numberOfBedrooms":1,"freeWifi":false,"cabelTV":false,"energyClass":"C","heatingSystem":"gas","utilities":["balcony","freezer","fridge"]}',164,'leased'),
	 (106,2,'37958812721','Family house','219',106,957807.0,'Warm house for a loving family.','{"numberOfParkingSpaces":0,"numberOfBathrooms":1,"numberOfBedrooms":2,"freeWifi":false,"cabelTV":false,"energyClass":"D","heatingSystem":"electric","utilities":["freezer","fridge"]}',106,'leased'),
	 (123,2,'43330921662','Family house','226',123,822589.0,'Warm house for a loving family.','{"numberOfParkingSpaces":2,"numberOfBathrooms":3,"numberOfBedrooms":3,"freeWifi":false,"cabelTV":true,"energyClass":"A","heatingSystem":"gas","utilities":["freezer","fridge","air conditioning"]}',123,'leased'),
	 (141,2,'34567595799','Family house','50',141,1480072.0,'Warm house for a loving family.','{"numberOfParkingSpaces":0,"numberOfBathrooms":1,"numberOfBedrooms":2,"freeWifi":false,"cabelTV":false,"energyClass":"B","heatingSystem":"electric","utilities":["balcony","freezer","fridge","air conditioning"]}',141,'leased'),
	 (203,2,'55033140462','Family house','111',203,123010.0,'Warm house for a loving family.','{"numberOfParkingSpaces":1,"numberOfBathrooms":2,"numberOfBedrooms":3,"freeWifi":false,"cabelTV":true,"energyClass":"A","heatingSystem":"AC","utilities":["loggia","fridge","air conditioning"]}',203,'leased'),
	 (173,2,'24036237326','Family house','79',173,1083556.0,'Warm house for a loving family.','{"numberOfParkingSpaces":1,"numberOfBathrooms":1,"numberOfBedrooms":1,"freeWifi":false,"cabelTV":false,"energyClass":"C","heatingSystem":"gas","utilities":["balcony","freezer","fridge"]}',173,'leased'),
	 (174,2,'15664716161','Family house','84',174,356452.0,'Warm house for a loving family.','{"numberOfParkingSpaces":0,"numberOfBathrooms":1,"numberOfBedrooms":2,"freeWifi":false,"cabelTV":false,"energyClass":"D","heatingSystem":"electric","utilities":["freezer","fridge"]}',174,'leased'),
	 (220,2,'81542996621','Family house','66',220,1070847.0,'Warm house for a loving family.','{"numberOfParkingSpaces":2,"numberOfBathrooms":3,"numberOfBedrooms":3,"freeWifi":false,"cabelTV":true,"energyClass":"A","heatingSystem":"gas","utilities":["freezer","fridge","air conditioning"]}',220,'leased'),
	 (225,2,'73093430160','Family house','94',225,1495774.0,'Warm house for a loving family.','{"numberOfParkingSpaces":0,"numberOfBathrooms":1,"numberOfBedrooms":2,"freeWifi":false,"cabelTV":false,"energyClass":"B","heatingSystem":"electric","utilities":["balcony","freezer","fridge","air conditioning"]}',225,'leased'),
	 (227,2,'03590458072','Family house','140',227,413627.0,'Warm house for a loving family.','{"numberOfParkingSpaces":1,"numberOfBathrooms":2,"numberOfBedrooms":3,"freeWifi":false,"cabelTV":true,"energyClass":"A","heatingSystem":"AC","utilities":["loggia","fridge","air conditioning"]}',227,'leased'),
	 (229,2,'29904357773','Family house','178',229,1327947.0,'Warm house for a loving family.','{"numberOfParkingSpaces":1,"numberOfBathrooms":1,"numberOfBedrooms":1,"freeWifi":false,"cabelTV":false,"energyClass":"C","heatingSystem":"gas","utilities":["balcony","freezer","fridge"]}',229,'leased'),
	 (232,2,'95305922619','Family house','108',232,891129.0,'Warm house for a loving family.','{"numberOfParkingSpaces":0,"numberOfBathrooms":1,"numberOfBedrooms":2,"freeWifi":false,"cabelTV":false,"energyClass":"D","heatingSystem":"electric","utilities":["freezer","fridge"]}',232,'leased'),
	 (181,2,'73406960701','Family house','183',181,878552.0,'Warm house for a loving family.','{"numberOfParkingSpaces":2,"numberOfBathrooms":3,"numberOfBedrooms":3,"freeWifi":false,"cabelTV":true,"energyClass":"A","heatingSystem":"gas","utilities":["freezer","fridge","air conditioning"]}',181,'leased'),
	 (183,2,'99343933769','Family house','32',183,1458287.0,'Warm house for a loving family.','{"numberOfParkingSpaces":0,"numberOfBathrooms":1,"numberOfBedrooms":2,"freeWifi":false,"cabelTV":false,"energyClass":"B","heatingSystem":"electric","utilities":["balcony","freezer","fridge","air conditioning"]}',183,'leased'),
	 (185,2,'55063500270','Family house','232',185,200252.0,'Warm house for a loving family.','{"numberOfParkingSpaces":1,"numberOfBathrooms":2,"numberOfBedrooms":3,"freeWifi":false,"cabelTV":true,"energyClass":"A","heatingSystem":"AC","utilities":["loggia","fridge","air conditioning"]}',185,'leased'),
	 (190,2,'20261187908','Family house','29',190,900070.0,'Warm house for a loving family.','{"numberOfParkingSpaces":1,"numberOfBathrooms":1,"numberOfBedrooms":1,"freeWifi":false,"cabelTV":false,"energyClass":"C","heatingSystem":"gas","utilities":["balcony","freezer","fridge"]}',190,'leased'),
	 (192,2,'59714337783','Family house','172',192,999129.0,'Warm house for a loving family.','{"numberOfParkingSpaces":0,"numberOfBathrooms":1,"numberOfBedrooms":2,"freeWifi":false,"cabelTV":false,"energyClass":"D","heatingSystem":"electric","utilities":["freezer","fridge"]}',192,'leased'),
	 (199,2,'37555418365','Family house','27',199,387318.0,'Warm house for a loving family.','{"numberOfParkingSpaces":2,"numberOfBathrooms":3,"numberOfBedrooms":3,"freeWifi":false,"cabelTV":true,"energyClass":"A","heatingSystem":"gas","utilities":["freezer","fridge","air conditioning"]}',199,'leased'),
	 (200,2,'97054548925','Family house','165',200,1028246.0,'Warm house for a loving family.','{"numberOfParkingSpaces":0,"numberOfBathrooms":1,"numberOfBedrooms":2,"freeWifi":false,"cabelTV":false,"energyClass":"B","heatingSystem":"electric","utilities":["balcony","freezer","fridge","air conditioning"]}',200,'leased'),
	 (237,2,'64354881940','Family house','194',237,55000.0,'Warm house for a loving family.','{"numberOfParkingSpaces":1,"numberOfBathrooms":2,"numberOfBedrooms":3,"freeWifi":false,"cabelTV":true,"energyClass":"A","heatingSystem":"AC","utilities":["loggia","fridge","air conditioning"]}',237,'leased'),
	 (239,2,'52098691992','Family house','64',239,323499.0,'Warm house for a loving family.','{"numberOfParkingSpaces":1,"numberOfBathrooms":1,"numberOfBedrooms":1,"freeWifi":false,"cabelTV":false,"energyClass":"C","heatingSystem":"gas","utilities":["balcony","freezer","fridge"]}',239,'leased'),
	 (149,2,'16817360056','Family house','237',149,439846.0,'Warm house for a loving family.','{"numberOfParkingSpaces":0,"numberOfBathrooms":1,"numberOfBedrooms":2,"freeWifi":false,"cabelTV":false,"energyClass":"D","heatingSystem":"electric","utilities":["freezer","fridge"]}',149,'leased'),
	 (242,2,'72150008362','Family house','122',242,767068.0,'Warm house for a loving family.','{"numberOfParkingSpaces":2,"numberOfBathrooms":3,"numberOfBedrooms":3,"freeWifi":false,"cabelTV":true,"energyClass":"A","heatingSystem":"gas","utilities":["freezer","fridge","air conditioning"]}',242,'leased'),
	 (248,2,'86237074009','Family house','241',248,1472766.0,'Warm house for a loving family.','{"numberOfParkingSpaces":0,"numberOfBathrooms":1,"numberOfBedrooms":2,"freeWifi":false,"cabelTV":false,"energyClass":"B","heatingSystem":"electric","utilities":["balcony","freezer","fridge","air conditioning"]}',248,'leased'),
	 (259,2,'17396870167','Family house','166',259,1330970.0,'Warm house for a loving family.','{"numberOfParkingSpaces":1,"numberOfBathrooms":2,"numberOfBedrooms":3,"freeWifi":false,"cabelTV":true,"energyClass":"A","heatingSystem":"AC","utilities":["loggia","fridge","air conditioning"]}',259,'leased'),
	 (261,2,'11158226802','Family house','30',261,779021.0,'Warm house for a loving family.','{"numberOfParkingSpaces":1,"numberOfBathrooms":1,"numberOfBedrooms":1,"freeWifi":false,"cabelTV":false,"energyClass":"C","heatingSystem":"gas","utilities":["balcony","freezer","fridge"]}',261,'leased'),
	 (267,2,'09984701501','Family house','27',267,554063.0,'Warm house for a loving family.','{"numberOfParkingSpaces":0,"numberOfBathrooms":1,"numberOfBedrooms":2,"freeWifi":false,"cabelTV":false,"energyClass":"D","heatingSystem":"electric","utilities":["freezer","fridge"]}',267,'leased'),
	 (273,2,'95359205348','Family house','69',273,222627.0,'Warm house for a loving family.','{"numberOfParkingSpaces":2,"numberOfBathrooms":3,"numberOfBedrooms":3,"freeWifi":false,"cabelTV":true,"energyClass":"A","heatingSystem":"gas","utilities":["freezer","fridge","air conditioning"]}',273,'leased'),
	 (277,2,'80526942370','Family house','94',277,1230051.0,'Warm house for a loving family.','{"numberOfParkingSpaces":0,"numberOfBathrooms":1,"numberOfBedrooms":2,"freeWifi":false,"cabelTV":false,"energyClass":"B","heatingSystem":"electric","utilities":["balcony","freezer","fridge","air conditioning"]}',277,'leased'),
	 (278,2,'75125984687','Family house','97',278,582703.0,'Warm house for a loving family.','{"numberOfParkingSpaces":1,"numberOfBathrooms":2,"numberOfBedrooms":3,"freeWifi":false,"cabelTV":true,"energyClass":"A","heatingSystem":"AC","utilities":["loggia","fridge","air conditioning"]}',278,'leased'),
	 (117,2,'66862043991','Family house','165',117,125229.0,'Warm house for a loving family.','{"numberOfParkingSpaces":1,"numberOfBathrooms":1,"numberOfBedrooms":1,"freeWifi":false,"cabelTV":false,"energyClass":"C","heatingSystem":"gas","utilities":["balcony","freezer","fridge"]}',117,'leased'),
	 (119,2,'50867685509','Family house','232',119,893569.0,'Warm house for a loving family.','{"numberOfParkingSpaces":0,"numberOfBathrooms":1,"numberOfBedrooms":2,"freeWifi":false,"cabelTV":false,"energyClass":"D","heatingSystem":"electric","utilities":["freezer","fridge"]}',119,'leased'),
	 (144,2,'48148083196','Family house','78',144,309356.0,'Warm house for a loving family.','{"numberOfParkingSpaces":2,"numberOfBathrooms":3,"numberOfBedrooms":3,"freeWifi":false,"cabelTV":true,"energyClass":"A","heatingSystem":"gas","utilities":["freezer","fridge","air conditioning"]}',144,'leased'),
	 (147,2,'53535239098','Family house','125',147,1460419.0,'Warm house for a loving family.','{"numberOfParkingSpaces":0,"numberOfBathrooms":1,"numberOfBedrooms":2,"freeWifi":false,"cabelTV":false,"energyClass":"B","heatingSystem":"electric","utilities":["balcony","freezer","fridge","air conditioning"]}',147,'leased'),
	 (148,2,'83899294981','Family house','249',148,455680.0,'Warm house for a loving family.','{"numberOfParkingSpaces":1,"numberOfBathrooms":2,"numberOfBedrooms":3,"freeWifi":false,"cabelTV":true,"energyClass":"A","heatingSystem":"AC","utilities":["loggia","fridge","air conditioning"]}',148,'leased'),
	 (151,2,'18502115410','Family house','247',151,284993.0,'Warm house for a loving family.','{"numberOfParkingSpaces":1,"numberOfBathrooms":1,"numberOfBedrooms":1,"freeWifi":false,"cabelTV":false,"energyClass":"C","heatingSystem":"gas","utilities":["balcony","freezer","fridge"]}',151,'leased'),
	 (152,2,'87150415859','Family house','175',152,1108593.0,'Warm house for a loving family.','{"numberOfParkingSpaces":0,"numberOfBathrooms":1,"numberOfBedrooms":2,"freeWifi":false,"cabelTV":false,"energyClass":"D","heatingSystem":"electric","utilities":["freezer","fridge"]}',152,'leased'),
	 (279,2,'52615109854','Family house','189',279,295012.0,'Warm house for a loving family.','{"numberOfParkingSpaces":2,"numberOfBathrooms":3,"numberOfBedrooms":3,"freeWifi":false,"cabelTV":true,"energyClass":"A","heatingSystem":"gas","utilities":["freezer","fridge","air conditioning"]}',279,'leased'),
	 (283,2,'41375044004','Family house','227',283,1245026.0,'Warm house for a loving family.','{"numberOfParkingSpaces":0,"numberOfBathrooms":1,"numberOfBedrooms":2,"freeWifi":false,"cabelTV":false,"energyClass":"B","heatingSystem":"electric","utilities":["balcony","freezer","fridge","air conditioning"]}',283,'leased'),
	 (288,2,'37167171968','Family house','121',288,824373.0,'Warm house for a loving family.','{"numberOfParkingSpaces":1,"numberOfBathrooms":2,"numberOfBedrooms":3,"freeWifi":false,"cabelTV":true,"energyClass":"A","heatingSystem":"AC","utilities":["loggia","fridge","air conditioning"]}',288,'leased'),
	 (290,2,'22775352563','Family house','243',290,447332.0,'Warm house for a loving family.','{"numberOfParkingSpaces":1,"numberOfBathrooms":1,"numberOfBedrooms":1,"freeWifi":false,"cabelTV":false,"energyClass":"C","heatingSystem":"gas","utilities":["balcony","freezer","fridge"]}',290,'leased'),
	 (298,2,'82905354002','Family house','146',298,227739.0,'Warm house for a loving family.','{"numberOfParkingSpaces":0,"numberOfBathrooms":1,"numberOfBedrooms":2,"freeWifi":false,"cabelTV":false,"energyClass":"D","heatingSystem":"electric","utilities":["freezer","fridge"]}',298,'leased'),
	 (300,2,'63249610069','Family house','30',300,1173040.0,'Warm house for a loving family.','{"numberOfParkingSpaces":2,"numberOfBathrooms":3,"numberOfBedrooms":3,"freeWifi":false,"cabelTV":true,"energyClass":"A","heatingSystem":"gas","utilities":["freezer","fridge","air conditioning"]}',300,'leased'),
	 (310,2,'59417451337','Family house','247',310,381574.0,'Warm house for a loving family.','{"numberOfParkingSpaces":0,"numberOfBathrooms":1,"numberOfBedrooms":2,"freeWifi":false,"cabelTV":false,"energyClass":"B","heatingSystem":"electric","utilities":["balcony","freezer","fridge","air conditioning"]}',310,'leased'),
	 (318,2,'50867685509','Family house','29',318,451347.0,'Warm house for a loving family.','{"numberOfParkingSpaces":1,"numberOfBathrooms":2,"numberOfBedrooms":3,"freeWifi":false,"cabelTV":true,"energyClass":"A","heatingSystem":"AC","utilities":["loggia","fridge","air conditioning"]}',318,'leased'),
	 (329,2,'41164163565','Family house','184',329,622373.0,'Warm house for a loving family.','{"numberOfParkingSpaces":1,"numberOfBathrooms":1,"numberOfBedrooms":1,"freeWifi":false,"cabelTV":false,"energyClass":"C","heatingSystem":"gas","utilities":["balcony","freezer","fridge"]}',329,'leased'),
	 (330,2,'82653742264','Family house','41',330,1030701.0,'Warm house for a loving family.','{"numberOfParkingSpaces":0,"numberOfBathrooms":1,"numberOfBedrooms":2,"freeWifi":false,"cabelTV":false,"energyClass":"D","heatingSystem":"electric","utilities":["freezer","fridge"]}',330,'leased'),
	 (336,2,'11862290428','Family house','158',336,1015249.0,'Warm house for a loving family.','{"numberOfParkingSpaces":2,"numberOfBathrooms":3,"numberOfBedrooms":3,"freeWifi":false,"cabelTV":true,"energyClass":"A","heatingSystem":"gas","utilities":["freezer","fridge","air conditioning"]}',336,'leased'),
	 (342,2,'39747913108','Family house','127',342,289120.0,'Warm house for a loving family.','{"numberOfParkingSpaces":0,"numberOfBathrooms":1,"numberOfBedrooms":2,"freeWifi":false,"cabelTV":false,"energyClass":"B","heatingSystem":"electric","utilities":["balcony","freezer","fridge","air conditioning"]}',342,'leased'),
	 (99,2,'82905354002','Family house','194',99,1418446.0,'Warm house for a loving family.','{"numberOfParkingSpaces":1,"numberOfBathrooms":2,"numberOfBedrooms":3,"freeWifi":false,"cabelTV":true,"energyClass":"A","heatingSystem":"AC","utilities":["loggia","fridge","air conditioning"]}',99,'free'),
	 (35,2,'99828047662','Family house','111',35,247697.0,'Warm house for a loving family.','{"numberOfParkingSpaces":1,"numberOfBathrooms":1,"numberOfBedrooms":1,"freeWifi":false,"cabelTV":false,"energyClass":"C","heatingSystem":"gas","utilities":["balcony","freezer","fridge"]}',35,'free'),
	 (50,2,'13069613427','Family house','143',50,555788.0,'Warm house for a loving family.','{"numberOfParkingSpaces":0,"numberOfBathrooms":1,"numberOfBedrooms":2,"freeWifi":false,"cabelTV":false,"energyClass":"D","heatingSystem":"electric","utilities":["freezer","fridge"]}',50,'free'),
	 (51,2,'16951721445','Family house','93',51,1120862.0,'Warm house for a loving family.','{"numberOfParkingSpaces":2,"numberOfBathrooms":3,"numberOfBedrooms":3,"freeWifi":false,"cabelTV":true,"energyClass":"A","heatingSystem":"gas","utilities":["freezer","fridge","air conditioning"]}',51,'free'),
	 (65,2,'17792227457','Family house','110',65,209631.0,'Warm house for a loving family.','{"numberOfParkingSpaces":0,"numberOfBathrooms":1,"numberOfBedrooms":2,"freeWifi":false,"cabelTV":false,"energyClass":"B","heatingSystem":"electric","utilities":["balcony","freezer","fridge","air conditioning"]}',65,'free'),
	 (69,2,'62024795751','Family house','238',69,1228873.0,'Warm house for a loving family.','{"numberOfParkingSpaces":1,"numberOfBathrooms":2,"numberOfBedrooms":3,"freeWifi":false,"cabelTV":true,"energyClass":"A","heatingSystem":"AC","utilities":["loggia","fridge","air conditioning"]}',69,'free'),
	 (76,2,'52871752366','Family house','55',76,290864.0,'Warm house for a loving family.','{"numberOfParkingSpaces":1,"numberOfBathrooms":1,"numberOfBedrooms":1,"freeWifi":false,"cabelTV":false,"energyClass":"C","heatingSystem":"gas","utilities":["balcony","freezer","fridge"]}',76,'free'),
	 (1,1,'79628175146','City center apartment','65',1,75000.0,'Spacious apartment in city center.','{"numberOfParkingSpaces":0,"numberOfBathrooms":1,"numberOfBedrooms":2,"freeWifi":false,"cabelTV":false,"energyClass":"D","heatingSystem":"electric","utilities":["freezer","fridge"]}',1,'free'),
	 (14,3,'87521231629','Coworking space','144',14,377102.0,'Productive place to get all Your work done.','{"numberOfParkingSpaces":2,"numberOfBathrooms":3,"numberOfBedrooms":3,"freeWifi":false,"cabelTV":true,"energyClass":"A","heatingSystem":"gas","utilities":["freezer","fridge","air conditioning"]}',14,'free'),
	 (20,3,'32057855703','Coworking space','54',20,216636.0,'Productive place to get all Your work done.','{"numberOfParkingSpaces":0,"numberOfBathrooms":1,"numberOfBedrooms":2,"freeWifi":false,"cabelTV":false,"energyClass":"B","heatingSystem":"electric","utilities":["balcony","freezer","fridge","air conditioning"]}',20,'free'),
	 (21,3,'81542996621','Coworking space','68',21,170046.0,'Productive place to get all Your work done.','{"numberOfParkingSpaces":1,"numberOfBathrooms":2,"numberOfBedrooms":3,"freeWifi":false,"cabelTV":true,"energyClass":"A","heatingSystem":"AC","utilities":["loggia","fridge","air conditioning"]}',21,'free'),
	 (49,3,'86237074009','Coworking space','107',49,664971.0,'Productive place to get all Your work done.','{"numberOfParkingSpaces":1,"numberOfBathrooms":1,"numberOfBedrooms":1,"freeWifi":false,"cabelTV":false,"energyClass":"C","heatingSystem":"gas","utilities":["balcony","freezer","fridge"]}',49,'free'),
	 (52,3,'60884004764','Coworking space','166',52,661011.0,'Productive place to get all Your work done.','{"numberOfParkingSpaces":0,"numberOfBathrooms":1,"numberOfBedrooms":2,"freeWifi":false,"cabelTV":false,"energyClass":"D","heatingSystem":"electric","utilities":["freezer","fridge"]}',52,'free'),
	 (53,3,'99096267190','Coworking space','166',53,754100.0,'Productive place to get all Your work done.','{"numberOfParkingSpaces":2,"numberOfBathrooms":3,"numberOfBedrooms":3,"freeWifi":false,"cabelTV":true,"energyClass":"A","heatingSystem":"gas","utilities":["freezer","fridge","air conditioning"]}',53,'free'),
	 (56,3,'71936540059','Coworking space','164',56,1484026.0,'Productive place to get all Your work done.','{"numberOfParkingSpaces":0,"numberOfBathrooms":1,"numberOfBedrooms":2,"freeWifi":false,"cabelTV":false,"energyClass":"B","heatingSystem":"electric","utilities":["balcony","freezer","fridge","air conditioning"]}',56,'free'),
	 (64,3,'68227624775','Coworking space','197',64,1006453.0,'Productive place to get all Your work done.','{"numberOfParkingSpaces":1,"numberOfBathrooms":2,"numberOfBedrooms":3,"freeWifi":false,"cabelTV":true,"energyClass":"A","heatingSystem":"AC","utilities":["loggia","fridge","air conditioning"]}',64,'free'),
	 (66,3,'11266003590','Coworking space','214',66,937416.0,'Productive place to get all Your work done.','{"numberOfParkingSpaces":1,"numberOfBathrooms":1,"numberOfBedrooms":1,"freeWifi":false,"cabelTV":false,"energyClass":"C","heatingSystem":"gas","utilities":["balcony","freezer","fridge"]}',66,'free'),
	 (48,3,'64545946876','Coworking space','136',48,685423.0,'Productive place to get all Your work done.','{"numberOfParkingSpaces":0,"numberOfBathrooms":1,"numberOfBedrooms":2,"freeWifi":false,"cabelTV":false,"energyClass":"D","heatingSystem":"electric","utilities":["freezer","fridge"]}',48,'free'),
	 (67,3,'53799586805','Coworking space','127',67,698770.0,'Productive place to get all Your work done.','{"numberOfParkingSpaces":2,"numberOfBathrooms":3,"numberOfBedrooms":3,"freeWifi":false,"cabelTV":true,"energyClass":"A","heatingSystem":"gas","utilities":["freezer","fridge","air conditioning"]}',67,'free'),
	 (71,3,'68543878647','Coworking space','195',71,102602.0,'Productive place to get all Your work done.','{"numberOfParkingSpaces":0,"numberOfBathrooms":1,"numberOfBedrooms":2,"freeWifi":false,"cabelTV":false,"energyClass":"B","heatingSystem":"electric","utilities":["balcony","freezer","fridge","air conditioning"]}',71,'free'),
	 (83,3,'31362906152','Coworking space','79',83,1428830.0,'Productive place to get all Your work done.','{"numberOfParkingSpaces":1,"numberOfBathrooms":2,"numberOfBedrooms":3,"freeWifi":false,"cabelTV":true,"energyClass":"A","heatingSystem":"AC","utilities":["loggia","fridge","air conditioning"]}',83,'free'),
	 (96,3,'09409685906','Coworking space','246',96,1193931.0,'Productive place to get all Your work done.','{"numberOfParkingSpaces":1,"numberOfBathrooms":1,"numberOfBedrooms":1,"freeWifi":false,"cabelTV":false,"energyClass":"C","heatingSystem":"gas","utilities":["balcony","freezer","fridge"]}',96,'free'),
	 (98,3,'18028612443','Coworking space','171',98,1157711.0,'Productive place to get all Your work done.','{"numberOfParkingSpaces":0,"numberOfBathrooms":1,"numberOfBedrooms":2,"freeWifi":false,"cabelTV":false,"energyClass":"D","heatingSystem":"electric","utilities":["freezer","fridge"]}',98,'free'),
	 (2,1,'43933021497','Luxury suite','130',8,225000.0,'Luxurious suite with all the features You can imagine.','{"numberOfParkingSpaces":2,"numberOfBathrooms":3,"numberOfBedrooms":3,"freeWifi":false,"cabelTV":true,"energyClass":"A","heatingSystem":"gas","utilities":["freezer","fridge","air conditioning"]}',2,'free'),
	 (12,1,'39936287765','Luxury suite','212',12,432346.0,'Luxurious suite with all the features You can imagine.','{"numberOfParkingSpaces":0,"numberOfBathrooms":1,"numberOfBedrooms":2,"freeWifi":false,"cabelTV":false,"energyClass":"B","heatingSystem":"electric","utilities":["balcony","freezer","fridge","air conditioning"]}',12,'free'),
	 (42,1,'74523203614','Luxury suite','133',42,799846.0,'Luxurious suite with all the features You can imagine.','{"numberOfParkingSpaces":1,"numberOfBathrooms":2,"numberOfBedrooms":3,"freeWifi":false,"cabelTV":true,"energyClass":"A","heatingSystem":"AC","utilities":["loggia","fridge","air conditioning"]}',42,'free'),
	 (88,1,'64218462377','Luxury suite','212',88,1325021.0,'Luxurious suite with all the features You can imagine.','{"numberOfParkingSpaces":1,"numberOfBathrooms":1,"numberOfBedrooms":1,"freeWifi":false,"cabelTV":false,"energyClass":"C","heatingSystem":"gas","utilities":["balcony","freezer","fridge"]}',88,'free'),
	 (92,1,'85101569249','Luxury suite','236',92,652250.0,'Luxurious suite with all the features You can imagine.','{"numberOfParkingSpaces":0,"numberOfBathrooms":1,"numberOfBedrooms":2,"freeWifi":false,"cabelTV":false,"energyClass":"D","heatingSystem":"electric","utilities":["freezer","fridge"]}',92,'free'),
	 (82,1,'42769746260','Luxury suite','198',82,1393934.0,'Luxurious suite with all the features You can imagine.','{"numberOfParkingSpaces":2,"numberOfBathrooms":3,"numberOfBedrooms":3,"freeWifi":false,"cabelTV":true,"energyClass":"A","heatingSystem":"gas","utilities":["freezer","fridge","air conditioning"]}',82,'free'),
	 (94,1,'29457759124','Luxury suite','233',94,1141584.0,'Luxurious suite with all the features You can imagine.','{"numberOfParkingSpaces":0,"numberOfBathrooms":1,"numberOfBedrooms":2,"freeWifi":false,"cabelTV":false,"energyClass":"B","heatingSystem":"electric","utilities":["balcony","freezer","fridge","air conditioning"]}',94,'free'),
	 (80,1,'52615109854','Luxury suite','134',80,670558.0,'Luxurious suite with all the features You can imagine.','{"numberOfParkingSpaces":1,"numberOfBathrooms":2,"numberOfBedrooms":3,"freeWifi":false,"cabelTV":true,"energyClass":"A","heatingSystem":"AC","utilities":["loggia","fridge","air conditioning"]}',80,'free'),
	 (34,1,'89860416422','Luxury suite','29',34,107590.0,'Luxurious suite with all the features You can imagine.','{"numberOfParkingSpaces":1,"numberOfBathrooms":1,"numberOfBedrooms":1,"freeWifi":false,"cabelTV":false,"energyClass":"C","heatingSystem":"gas","utilities":["balcony","freezer","fridge"]}',34,'free'),
	 (36,1,'57507771225','Luxury suite','200',36,1098374.0,'Luxurious suite with all the features You can imagine.','{"numberOfParkingSpaces":0,"numberOfBathrooms":1,"numberOfBedrooms":2,"freeWifi":false,"cabelTV":false,"energyClass":"D","heatingSystem":"electric","utilities":["freezer","fridge"]}',36,'free'),
	 (40,1,'52098691992','Luxury suite','115',40,239662.0,'Luxurious suite with all the features You can imagine.','{"numberOfParkingSpaces":2,"numberOfBathrooms":3,"numberOfBedrooms":3,"freeWifi":false,"cabelTV":true,"energyClass":"A","heatingSystem":"gas","utilities":["freezer","fridge","air conditioning"]}',40,'free'),
	 (44,1,'50927664455','Luxury suite','113',44,1086384.0,'Luxurious suite with all the features You can imagine.','{"numberOfParkingSpaces":0,"numberOfBathrooms":1,"numberOfBedrooms":2,"freeWifi":false,"cabelTV":false,"energyClass":"B","heatingSystem":"electric","utilities":["balcony","freezer","fridge","air conditioning"]}',44,'free'),
	 (58,1,'40948322895','Luxury suite','46',58,82894.0,'Luxurious suite with all the features You can imagine.','{"numberOfParkingSpaces":1,"numberOfBathrooms":2,"numberOfBedrooms":3,"freeWifi":false,"cabelTV":true,"energyClass":"A","heatingSystem":"AC","utilities":["loggia","fridge","air conditioning"]}',58,'free'),
	 (62,1,'11158226802','Luxury suite','72',62,1362222.0,'Luxurious suite with all the features You can imagine.','{"numberOfParkingSpaces":1,"numberOfBathrooms":1,"numberOfBedrooms":1,"freeWifi":false,"cabelTV":false,"energyClass":"C","heatingSystem":"gas","utilities":["balcony","freezer","fridge"]}',62,'free'),
	 (68,1,'09984701501','Luxury suite','247',68,229290.0,'Luxurious suite with all the features You can imagine.','{"numberOfParkingSpaces":0,"numberOfBathrooms":1,"numberOfBedrooms":2,"freeWifi":false,"cabelTV":false,"energyClass":"D","heatingSystem":"electric","utilities":["freezer","fridge"]}',68,'free'),
	 (72,1,'25675100280','Luxury suite','191',72,173607.0,'Luxurious suite with all the features You can imagine.','{"numberOfParkingSpaces":2,"numberOfBathrooms":3,"numberOfBedrooms":3,"freeWifi":false,"cabelTV":true,"energyClass":"A","heatingSystem":"gas","utilities":["freezer","fridge","air conditioning"]}',72,'free'),
	 (84,1,'41375044004','Luxury suite','41',84,347639.0,'Luxurious suite with all the features You can imagine.','{"numberOfParkingSpaces":0,"numberOfBathrooms":1,"numberOfBedrooms":2,"freeWifi":false,"cabelTV":false,"energyClass":"B","heatingSystem":"electric","utilities":["balcony","freezer","fridge","air conditioning"]}',84,'free'),
	 (86,1,'68630760379','Luxury suite','181',86,806657.0,'Luxurious suite with all the features You can imagine.','{"numberOfParkingSpaces":1,"numberOfBathrooms":2,"numberOfBedrooms":3,"freeWifi":false,"cabelTV":true,"energyClass":"A","heatingSystem":"AC","utilities":["loggia","fridge","air conditioning"]}',86,'free'),
	 (90,1,'69537853523','Luxury suite','200',90,262503.0,'Luxurious suite with all the features You can imagine.','{"numberOfParkingSpaces":1,"numberOfBathrooms":1,"numberOfBedrooms":1,"freeWifi":false,"cabelTV":false,"energyClass":"C","heatingSystem":"gas","utilities":["balcony","freezer","fridge"]}',90,'free'),
	 (3,2,'55033140462','Family house','300',11,350000.0,'Warm house for a loving family.','{"numberOfParkingSpaces":0,"numberOfBathrooms":1,"numberOfBedrooms":2,"freeWifi":false,"cabelTV":false,"energyClass":"D","heatingSystem":"electric","utilities":["freezer","fridge"]}',3,'free'),
	 (9,2,'25225765223','Family house','29',9,883529.0,'Warm house for a loving family.','{"numberOfParkingSpaces":2,"numberOfBathrooms":3,"numberOfBedrooms":3,"freeWifi":false,"cabelTV":true,"energyClass":"A","heatingSystem":"gas","utilities":["freezer","fridge","air conditioning"]}',9,'free'),
	 (37,2,'04494190867','Family house','97',37,152365.0,'Warm house for a loving family.','{"numberOfParkingSpaces":0,"numberOfBathrooms":1,"numberOfBedrooms":2,"freeWifi":false,"cabelTV":false,"energyClass":"B","heatingSystem":"electric","utilities":["balcony","freezer","fridge","air conditioning"]}',37,'free'),
	 (73,2,'72547717650','Family house','112',73,148167.0,'Warm house for a loving family.','{"numberOfParkingSpaces":1,"numberOfBathrooms":2,"numberOfBedrooms":3,"freeWifi":false,"cabelTV":true,"energyClass":"A","heatingSystem":"AC","utilities":["loggia","fridge","air conditioning"]}',73,'free'),
	 (24,2,'10477702238','Family house','73',24,834913.0,'Warm house for a loving family.','{"numberOfParkingSpaces":1,"numberOfBathrooms":1,"numberOfBedrooms":1,"freeWifi":false,"cabelTV":false,"energyClass":"C","heatingSystem":"gas","utilities":["balcony","freezer","fridge"]}',24,'free'),
	 (31,2,'63328919256','Family house','148',31,1352623.0,'Warm house for a loving family.','{"numberOfParkingSpaces":0,"numberOfBathrooms":1,"numberOfBedrooms":2,"freeWifi":false,"cabelTV":false,"energyClass":"D","heatingSystem":"electric","utilities":["freezer","fridge"]}',31,'free'),
	 (57,2,'12599386466','Family house','211',57,1478443.0,'Warm house for a loving family.','{"numberOfParkingSpaces":2,"numberOfBathrooms":3,"numberOfBedrooms":3,"freeWifi":false,"cabelTV":true,"energyClass":"A","heatingSystem":"gas","utilities":["freezer","fridge","air conditioning"]}',57,'free'),
	 (59,2,'41328981067','Family house','162',59,1229179.0,'Warm house for a loving family.','{"numberOfParkingSpaces":0,"numberOfBathrooms":1,"numberOfBedrooms":2,"freeWifi":false,"cabelTV":false,"energyClass":"B","heatingSystem":"electric","utilities":["balcony","freezer","fridge","air conditioning"]}',59,'free'),
	 (33,1,'95305922619','City center apartment','116',33,103387.0,'Spacious apartment in city center.','{"numberOfParkingSpaces":1,"numberOfBathrooms":2,"numberOfBedrooms":3,"freeWifi":false,"cabelTV":true,"energyClass":"A","heatingSystem":"AC","utilities":["loggia","fridge","air conditioning"]}',33,'free'),
	 (26,3,'73093430160','Coworking space','36',26,786056.0,'Productive place to get all Your work done.','{"numberOfParkingSpaces":1,"numberOfBathrooms":1,"numberOfBedrooms":1,"freeWifi":false,"cabelTV":false,"energyClass":"C","heatingSystem":"gas","utilities":["balcony","freezer","fridge"]}',26,'free'),
	 (39,3,'78487973879','Coworking space','166',39,1163623.0,'Productive place to get all Your work done.','{"numberOfParkingSpaces":0,"numberOfBathrooms":1,"numberOfBedrooms":2,"freeWifi":false,"cabelTV":false,"energyClass":"D","heatingSystem":"electric","utilities":["freezer","fridge"]}',39,'free'),
	 (78,3,'80526942370','Coworking space','118',78,1054059.0,'Productive place to get all Your work done.','{"numberOfParkingSpaces":2,"numberOfBathrooms":3,"numberOfBedrooms":3,"freeWifi":false,"cabelTV":true,"energyClass":"A","heatingSystem":"gas","utilities":["freezer","fridge","air conditioning"]}',78,'free'),
	 (70,2,'94201071125','Family house','93',70,245613.0,'Warm house for a loving family.','{"numberOfParkingSpaces":0,"numberOfBathrooms":1,"numberOfBedrooms":2,"freeWifi":false,"cabelTV":false,"energyClass":"B","heatingSystem":"electric","utilities":["balcony","freezer","fridge","air conditioning"]}',70,'free'),
	 (75,2,'42484214035','Family house','49',75,1027561.0,'Warm house for a loving family.','{"numberOfParkingSpaces":1,"numberOfBathrooms":2,"numberOfBedrooms":3,"freeWifi":false,"cabelTV":true,"energyClass":"A","heatingSystem":"AC","utilities":["loggia","fridge","air conditioning"]}',75,'free'),
	 (93,2,'61540225636','Family house','239',93,391496.0,'Warm house for a loving family.','{"numberOfParkingSpaces":1,"numberOfBathrooms":1,"numberOfBedrooms":1,"freeWifi":false,"cabelTV":false,"energyClass":"C","heatingSystem":"gas","utilities":["balcony","freezer","fridge"]}',93,'free'),
	 (4,3,'62221497599','Coworking space','80',14,150000.0,'Productive place to get all Your work done.','{"numberOfParkingSpaces":0,"numberOfBathrooms":1,"numberOfBedrooms":2,"freeWifi":false,"cabelTV":false,"energyClass":"D","heatingSystem":"electric","utilities":["freezer","fridge"]}',4,'free'),
	 (43,3,'72150008362','Coworking space','119',43,920310.0,'Productive place to get all Your work done.','{"numberOfParkingSpaces":2,"numberOfBathrooms":3,"numberOfBedrooms":3,"freeWifi":false,"cabelTV":true,"energyClass":"A","heatingSystem":"gas","utilities":["freezer","fridge","air conditioning"]}',43,'free'),
	 (55,3,'17710408069','Coworking space','213',55,369719.0,'Productive place to get all Your work done.','{"numberOfParkingSpaces":0,"numberOfBathrooms":1,"numberOfBedrooms":2,"freeWifi":false,"cabelTV":false,"energyClass":"B","heatingSystem":"electric","utilities":["balcony","freezer","fridge","air conditioning"]}',55,'free'),
	 (63,3,'79011835887','Coworking space','178',63,1218287.0,'Productive place to get all Your work done.','{"numberOfParkingSpaces":1,"numberOfBathrooms":2,"numberOfBedrooms":3,"freeWifi":false,"cabelTV":true,"energyClass":"A","heatingSystem":"AC","utilities":["loggia","fridge","air conditioning"]}',63,'free'),
	 (77,3,'59148023203','Coworking space','219',77,495898.0,'Productive place to get all Your work done.','{"numberOfParkingSpaces":1,"numberOfBathrooms":1,"numberOfBedrooms":1,"freeWifi":false,"cabelTV":false,"energyClass":"C","heatingSystem":"gas","utilities":["balcony","freezer","fridge"]}',77,'free'),
	 (79,3,'75125984687','Coworking space','59',79,613318.0,'Productive place to get all Your work done.','{"numberOfParkingSpaces":0,"numberOfBathrooms":1,"numberOfBedrooms":2,"freeWifi":false,"cabelTV":false,"energyClass":"D","heatingSystem":"electric","utilities":["freezer","fridge"]}',79,'free'),
	 (85,3,'21169986117','Coworking space','101',85,1407503.0,'Productive place to get all Your work done.','{"numberOfParkingSpaces":2,"numberOfBathrooms":3,"numberOfBedrooms":3,"freeWifi":false,"cabelTV":true,"energyClass":"A","heatingSystem":"gas","utilities":["freezer","fridge","air conditioning"]}',85,'free'),
	 (89,3,'37167171968','Coworking space','58',89,1392254.0,'Productive place to get all Your work done.','{"numberOfParkingSpaces":0,"numberOfBathrooms":1,"numberOfBedrooms":2,"freeWifi":false,"cabelTV":false,"energyClass":"B","heatingSystem":"electric","utilities":["balcony","freezer","fridge","air conditioning"]}',89,'free'),
	 (97,1,'94262034943','City center apartment','176',97,1133260.0,'Spacious apartment in city center.','{"numberOfParkingSpaces":1,"numberOfBathrooms":2,"numberOfBedrooms":3,"freeWifi":false,"cabelTV":true,"energyClass":"A","heatingSystem":"AC","utilities":["loggia","fridge","air conditioning"]}',97,'free'),
	 (15,3,'66915574979','Coworking space','30',15,58948.0,'Productive place to get all Your work done.','{"numberOfParkingSpaces":1,"numberOfBathrooms":1,"numberOfBedrooms":1,"freeWifi":false,"cabelTV":false,"energyClass":"C","heatingSystem":"gas","utilities":["balcony","freezer","fridge"]}',15,'free'),
	 (46,3,'46349544424','Coworking space','32',46,791856.0,'Productive place to get all Your work done.','{"numberOfParkingSpaces":0,"numberOfBathrooms":1,"numberOfBedrooms":2,"freeWifi":false,"cabelTV":false,"energyClass":"D","heatingSystem":"electric","utilities":["freezer","fridge"]}',46,'free'),
	 (100,3,'88914800880','Coworking space','111',100,1464522.0,'Productive place to get all Your work done.','{"numberOfParkingSpaces":2,"numberOfBathrooms":3,"numberOfBedrooms":3,"freeWifi":false,"cabelTV":true,"energyClass":"A","heatingSystem":"gas","utilities":["freezer","fridge","air conditioning"]}',100,'free'),
	 (13,3,'36585467088','Coworking space','128',13,1060821.0,'Productive place to get all Your work done.','{"numberOfParkingSpaces":0,"numberOfBathrooms":1,"numberOfBedrooms":2,"freeWifi":false,"cabelTV":false,"energyClass":"B","heatingSystem":"electric","utilities":["balcony","freezer","fridge","air conditioning"]}',13,'free'),
	 (11,3,'89739047164','Coworking space','102',11,214064.0,'Productive place to get all Your work done.','{"numberOfParkingSpaces":1,"numberOfBathrooms":2,"numberOfBedrooms":3,"freeWifi":false,"cabelTV":true,"energyClass":"A","heatingSystem":"AC","utilities":["loggia","fridge","air conditioning"]}',11,'free'),
	 (22,3,'22566640193','Coworking space','143',22,179418.0,'Productive place to get all Your work done.','{"numberOfParkingSpaces":1,"numberOfBathrooms":1,"numberOfBedrooms":1,"freeWifi":false,"cabelTV":false,"energyClass":"C","heatingSystem":"gas","utilities":["balcony","freezer","fridge"]}',22,'free'),
	 (47,3,'57432380717','Coworking space','114',47,519890.0,'Productive place to get all Your work done.','{"numberOfParkingSpaces":0,"numberOfBathrooms":1,"numberOfBedrooms":2,"freeWifi":false,"cabelTV":false,"energyClass":"D","heatingSystem":"electric","utilities":["freezer","fridge"]}',47,'free'),
	 (19,1,'76253902196','City center apartment','137',19,1419670.0,'Spacious apartment in city center.','{"numberOfParkingSpaces":2,"numberOfBathrooms":3,"numberOfBedrooms":3,"freeWifi":false,"cabelTV":true,"energyClass":"A","heatingSystem":"gas","utilities":["freezer","fridge","air conditioning"]}',19,'free'),
	 (29,1,'81648004364','City center apartment','195',29,824499.0,'Spacious apartment in city center.','{"numberOfParkingSpaces":0,"numberOfBathrooms":1,"numberOfBedrooms":2,"freeWifi":false,"cabelTV":false,"energyClass":"B","heatingSystem":"electric","utilities":["balcony","freezer","fridge","air conditioning"]}',29,'free'),
	 (41,1,'34743948890','City center apartment','167',41,865692.0,'Spacious apartment in city center.','{"numberOfParkingSpaces":1,"numberOfBathrooms":2,"numberOfBedrooms":3,"freeWifi":false,"cabelTV":true,"energyClass":"A","heatingSystem":"AC","utilities":["loggia","fridge","air conditioning"]}',41,'free'),
	 (45,1,'59073720051','City center apartment','56',45,563695.0,'Spacious apartment in city center.','{"numberOfParkingSpaces":1,"numberOfBathrooms":1,"numberOfBedrooms":1,"freeWifi":false,"cabelTV":false,"energyClass":"C","heatingSystem":"gas","utilities":["balcony","freezer","fridge"]}',45,'free'),
	 (61,1,'78479455629','City center apartment','219',61,720812.0,'Spacious apartment in city center.','{"numberOfParkingSpaces":0,"numberOfBathrooms":1,"numberOfBedrooms":2,"freeWifi":false,"cabelTV":false,"energyClass":"D","heatingSystem":"electric","utilities":["freezer","fridge"]}',61,'free'),
	 (87,1,'95504740478','City center apartment','69',87,1040202.0,'Spacious apartment in city center.','{"numberOfParkingSpaces":2,"numberOfBathrooms":3,"numberOfBedrooms":3,"freeWifi":false,"cabelTV":true,"energyClass":"A","heatingSystem":"gas","utilities":["freezer","fridge","air conditioning"]}',87,'free'),
	 (91,1,'22775352563','City center apartment','232',91,563498.0,'Spacious apartment in city center.','{"numberOfParkingSpaces":0,"numberOfBathrooms":1,"numberOfBedrooms":2,"freeWifi":false,"cabelTV":false,"energyClass":"B","heatingSystem":"electric","utilities":["balcony","freezer","fridge","air conditioning"]}',91,'free'),
	 (6,1,'80402200798','Luxury suite','224',6,295450.0,'Luxurious suite with all the features You can imagine.','{"numberOfParkingSpaces":1,"numberOfBathrooms":2,"numberOfBedrooms":3,"freeWifi":false,"cabelTV":true,"energyClass":"A","heatingSystem":"AC","utilities":["loggia","fridge","air conditioning"]}',6,'free'),
	 (18,1,'23295051333','Luxury suite','194',18,135167.0,'Luxurious suite with all the features You can imagine.','{"numberOfParkingSpaces":1,"numberOfBathrooms":1,"numberOfBedrooms":1,"freeWifi":false,"cabelTV":false,"energyClass":"C","heatingSystem":"gas","utilities":["balcony","freezer","fridge"]}',18,'free'),
	 (30,1,'29904357773','Luxury suite','123',30,892155.0,'Luxurious suite with all the features You can imagine.','{"numberOfParkingSpaces":0,"numberOfBathrooms":1,"numberOfBedrooms":2,"freeWifi":false,"cabelTV":false,"energyClass":"D","heatingSystem":"electric","utilities":["freezer","fridge"]}',30,'free'),
	 (8,1,'68397610249','Luxury suite','195',8,1171461.0,'Luxurious suite with all the features You can imagine.','{"numberOfParkingSpaces":2,"numberOfBathrooms":3,"numberOfBedrooms":3,"freeWifi":false,"cabelTV":true,"energyClass":"A","heatingSystem":"gas","utilities":["freezer","fridge","air conditioning"]}',8,'free'),
	 (10,1,'57205516587','Luxury suite','36',10,938884.0,'Luxurious suite with all the features You can imagine.','{"numberOfParkingSpaces":0,"numberOfBathrooms":1,"numberOfBedrooms":2,"freeWifi":false,"cabelTV":false,"energyClass":"B","heatingSystem":"electric","utilities":["balcony","freezer","fridge","air conditioning"]}',10,'free'),
	 (25,2,'72847078766','Family house','184',25,739968.0,'Warm house for a loving family.','{"numberOfParkingSpaces":1,"numberOfBathrooms":2,"numberOfBedrooms":3,"freeWifi":false,"cabelTV":true,"energyClass":"A","heatingSystem":"AC","utilities":["loggia","fridge","air conditioning"]}',25,'free'),
	 (27,2,'02218298989','Family house','177',27,704568.0,'Warm house for a loving family.','{"numberOfParkingSpaces":1,"numberOfBathrooms":1,"numberOfBedrooms":1,"freeWifi":false,"cabelTV":false,"energyClass":"C","heatingSystem":"gas","utilities":["balcony","freezer","fridge"]}',27,'free'),
	 (28,2,'03590458072','Family house','116',28,1394115.0,'Warm house for a loving family.','{"numberOfParkingSpaces":0,"numberOfBathrooms":1,"numberOfBedrooms":2,"freeWifi":false,"cabelTV":false,"energyClass":"D","heatingSystem":"electric","utilities":["freezer","fridge"]}',28,'free'),
	 (32,2,'67511908826','Family house','60',32,598187.0,'Warm house for a loving family.','{"numberOfParkingSpaces":2,"numberOfBathrooms":3,"numberOfBedrooms":3,"freeWifi":false,"cabelTV":true,"energyClass":"A","heatingSystem":"gas","utilities":["freezer","fridge","air conditioning"]}',32,'free'),
	 (38,2,'64354881940','Family house','179',38,1359012.0,'Warm house for a loving family.','{"numberOfParkingSpaces":0,"numberOfBathrooms":1,"numberOfBedrooms":2,"freeWifi":false,"cabelTV":false,"energyClass":"B","heatingSystem":"electric","utilities":["balcony","freezer","fridge","air conditioning"]}',38,'free'),
	 (54,2,'55040984243','Family house','225',54,348965.0,'Warm house for a loving family.','{"numberOfParkingSpaces":1,"numberOfBathrooms":2,"numberOfBedrooms":3,"freeWifi":false,"cabelTV":true,"energyClass":"A","heatingSystem":"AC","utilities":["loggia","fridge","air conditioning"]}',54,'free'),
	 (74,2,'95359205348','Family house','110',74,557487.0,'Warm house for a loving family.','{"numberOfParkingSpaces":1,"numberOfBathrooms":1,"numberOfBedrooms":1,"freeWifi":false,"cabelTV":false,"energyClass":"C","heatingSystem":"gas","utilities":["balcony","freezer","fridge"]}',74,'free'),
	 (95,2,'68149317735','Family house','171',95,593275.0,'Warm house for a loving family.','{"numberOfParkingSpaces":0,"numberOfBathrooms":1,"numberOfBedrooms":2,"freeWifi":false,"cabelTV":false,"energyClass":"D","heatingSystem":"electric","utilities":["freezer","fridge"]}',95,'free'),
	 (60,2,'17396870167','Family house','147',60,1209288.0,'Warm house for a loving family.','{"numberOfParkingSpaces":2,"numberOfBathrooms":3,"numberOfBedrooms":3,"freeWifi":false,"cabelTV":true,"energyClass":"A","heatingSystem":"gas","utilities":["freezer","fridge","air conditioning"]}',60,'free'),
	 (355,1,'96380267098','City center apartment','61',355,1084507.0,'Spacious apartment in city center.','{"numberOfParkingSpaces":0,"numberOfBathrooms":1,"numberOfBedrooms":2,"freeWifi":false,"cabelTV":false,"energyClass":"B","heatingSystem":"electric","utilities":["balcony","freezer","fridge","air conditioning"]}',355,'free'),
	 (365,1,'77025152305','City center apartment','74',365,693527.0,'Spacious apartment in city center.','{"numberOfParkingSpaces":1,"numberOfBathrooms":2,"numberOfBedrooms":3,"freeWifi":false,"cabelTV":true,"energyClass":"A","heatingSystem":"AC","utilities":["loggia","fridge","air conditioning"]}',365,'free'),
	 (393,1,'12067858596','City center apartment','108',393,739458.0,'Spacious apartment in city center.','{"numberOfParkingSpaces":1,"numberOfBathrooms":1,"numberOfBedrooms":1,"freeWifi":false,"cabelTV":false,"energyClass":"C","heatingSystem":"gas","utilities":["balcony","freezer","fridge"]}',393,'free'),
	 (389,1,'20261187908','City center apartment','67',389,271915.0,'Spacious apartment in city center.','{"numberOfParkingSpaces":0,"numberOfBathrooms":1,"numberOfBedrooms":2,"freeWifi":false,"cabelTV":false,"energyClass":"D","heatingSystem":"electric","utilities":["freezer","fridge"]}',389,'free'),
	 (386,2,'63516292742','Family house','99',386,472914.0,'Warm house for a loving family.','{"numberOfParkingSpaces":2,"numberOfBathrooms":3,"numberOfBedrooms":3,"freeWifi":false,"cabelTV":true,"energyClass":"A","heatingSystem":"gas","utilities":["freezer","fridge","air conditioning"]}',386,'free'),
	 (479,1,'52615109854','City center apartment','120',479,75650.0,'Spacious apartment in city center.','{"numberOfParkingSpaces":0,"numberOfBathrooms":1,"numberOfBedrooms":2,"freeWifi":false,"cabelTV":false,"energyClass":"B","heatingSystem":"electric","utilities":["balcony","freezer","fridge","air conditioning"]}',479,'free'),
	 (405,1,'80402200798','City center apartment','160',405,1063108.0,'Spacious apartment in city center.','{"numberOfParkingSpaces":1,"numberOfBathrooms":2,"numberOfBedrooms":3,"freeWifi":false,"cabelTV":true,"energyClass":"A","heatingSystem":"AC","utilities":["loggia","fridge","air conditioning"]}',405,'free'),
	 (441,1,'74523203614','City center apartment','152',441,1362797.0,'Spacious apartment in city center.','{"numberOfParkingSpaces":1,"numberOfBathrooms":1,"numberOfBedrooms":1,"freeWifi":false,"cabelTV":false,"energyClass":"C","heatingSystem":"gas","utilities":["balcony","freezer","fridge"]}',441,'free'),
	 (81,1,'50515266208','City center apartment','121',81,1144848.0,'Spacious apartment in city center.','{"numberOfParkingSpaces":0,"numberOfBathrooms":1,"numberOfBedrooms":2,"freeWifi":false,"cabelTV":false,"energyClass":"D","heatingSystem":"electric","utilities":["freezer","fridge"]}',81,'free'),
	 (7,2,'18135341075','Family house','96',7,629502.0,'Warm house for a loving family.','{"numberOfParkingSpaces":2,"numberOfBathrooms":3,"numberOfBedrooms":3,"freeWifi":false,"cabelTV":true,"energyClass":"A","heatingSystem":"gas","utilities":["freezer","fridge","air conditioning"]}',7,'free'),
	 (16,2,'82728200438','Family house','148',16,890964.0,'Warm house for a loving family.','{"numberOfParkingSpaces":0,"numberOfBathrooms":1,"numberOfBedrooms":2,"freeWifi":false,"cabelTV":false,"energyClass":"B","heatingSystem":"electric","utilities":["balcony","freezer","fridge","air conditioning"]}',16,'free'),
	 (17,2,'04176017226','Family house','60',17,220786.0,'Warm house for a loving family.','{"numberOfParkingSpaces":1,"numberOfBathrooms":2,"numberOfBedrooms":3,"freeWifi":false,"cabelTV":true,"energyClass":"A","heatingSystem":"AC","utilities":["loggia","fridge","air conditioning"]}',17,'free'),
	 (23,2,'61448313873','Family house','107',23,1087855.0,'Warm house for a loving family.','{"numberOfParkingSpaces":1,"numberOfBathrooms":1,"numberOfBedrooms":1,"freeWifi":false,"cabelTV":false,"energyClass":"C","heatingSystem":"gas","utilities":["balcony","freezer","fridge"]}',23,'free'),
	 (457,1,'40948322895','City center apartment','98',457,1344233.0,'Spacious apartment in city center.','{"numberOfParkingSpaces":0,"numberOfBathrooms":1,"numberOfBedrooms":2,"freeWifi":false,"cabelTV":false,"energyClass":"D","heatingSystem":"electric","utilities":["freezer","fridge"]}',457,'free'),
	 (371,1,'72210857063','City center apartment','158',371,719744.0,'Spacious apartment in city center.','{"numberOfParkingSpaces":2,"numberOfBathrooms":3,"numberOfBedrooms":3,"freeWifi":false,"cabelTV":true,"energyClass":"A","heatingSystem":"gas","utilities":["freezer","fridge","air conditioning"]}',371,'free'),
	 (377,3,'34825237240','Coworking space','29',377,1253340.0,'Productive place to get all Your work done.','{"numberOfParkingSpaces":0,"numberOfBathrooms":1,"numberOfBedrooms":2,"freeWifi":false,"cabelTV":false,"energyClass":"B","heatingSystem":"electric","utilities":["balcony","freezer","fridge","air conditioning"]}',377,'free'),
	 (384,3,'55063500270','Coworking space','193',384,1073932.0,'Productive place to get all Your work done.','{"numberOfParkingSpaces":1,"numberOfBathrooms":2,"numberOfBedrooms":3,"freeWifi":false,"cabelTV":true,"energyClass":"A","heatingSystem":"AC","utilities":["loggia","fridge","air conditioning"]}',384,'free'),
	 (395,3,'33931372285','Coworking space','242',395,1240361.0,'Productive place to get all Your work done.','{"numberOfParkingSpaces":1,"numberOfBathrooms":1,"numberOfBedrooms":1,"freeWifi":false,"cabelTV":false,"energyClass":"C","heatingSystem":"gas","utilities":["balcony","freezer","fridge"]}',395,'free'),
	 (400,3,'19014630758','Coworking space','246',400,1185868.0,'Productive place to get all Your work done.','{"numberOfParkingSpaces":0,"numberOfBathrooms":1,"numberOfBedrooms":2,"freeWifi":false,"cabelTV":false,"energyClass":"D","heatingSystem":"electric","utilities":["freezer","fridge"]}',400,'free'),
	 (410,3,'89739047164','Coworking space','189',410,1457317.0,'Productive place to get all Your work done.','{"numberOfParkingSpaces":2,"numberOfBathrooms":3,"numberOfBedrooms":3,"freeWifi":false,"cabelTV":true,"energyClass":"A","heatingSystem":"gas","utilities":["freezer","fridge","air conditioning"]}',410,'free'),
	 (418,3,'76253902196','Coworking space','165',418,334237.0,'Productive place to get all Your work done.','{"numberOfParkingSpaces":0,"numberOfBathrooms":1,"numberOfBedrooms":2,"freeWifi":false,"cabelTV":false,"energyClass":"B","heatingSystem":"electric","utilities":["balcony","freezer","fridge","air conditioning"]}',418,'free'),
	 (461,1,'11158226802','City center apartment','190',461,573198.0,'Spacious apartment in city center.','{"numberOfParkingSpaces":1,"numberOfBathrooms":2,"numberOfBedrooms":3,"freeWifi":false,"cabelTV":true,"energyClass":"A","heatingSystem":"AC","utilities":["loggia","fridge","air conditioning"]}',461,'free'),
	 (421,3,'22566640193','Coworking space','243',421,1125409.0,'Productive place to get all Your work done.','{"numberOfParkingSpaces":1,"numberOfBathrooms":1,"numberOfBedrooms":1,"freeWifi":false,"cabelTV":false,"energyClass":"C","heatingSystem":"gas","utilities":["balcony","freezer","fridge"]}',421,'free'),
	 (429,3,'29904357773','Coworking space','130',429,1347673.0,'Productive place to get all Your work done.','{"numberOfParkingSpaces":0,"numberOfBathrooms":1,"numberOfBedrooms":2,"freeWifi":false,"cabelTV":false,"energyClass":"D","heatingSystem":"electric","utilities":["freezer","fridge"]}',429,'free'),
	 (432,3,'95305922619','Coworking space','192',432,965012.0,'Productive place to get all Your work done.','{"numberOfParkingSpaces":2,"numberOfBathrooms":3,"numberOfBedrooms":3,"freeWifi":false,"cabelTV":true,"energyClass":"A","heatingSystem":"gas","utilities":["freezer","fridge","air conditioning"]}',432,'free'),
	 (449,3,'13069613427','Coworking space','80',449,1372899.0,'Productive place to get all Your work done.','{"numberOfParkingSpaces":0,"numberOfBathrooms":1,"numberOfBedrooms":2,"freeWifi":false,"cabelTV":false,"energyClass":"B","heatingSystem":"electric","utilities":["balcony","freezer","fridge","air conditioning"]}',449,'free'),
	 (413,3,'87521231629','Coworking space','242',413,487515.0,'Productive place to get all Your work done.','{"numberOfParkingSpaces":1,"numberOfBathrooms":2,"numberOfBedrooms":3,"freeWifi":false,"cabelTV":true,"energyClass":"A","heatingSystem":"AC","utilities":["loggia","fridge","air conditioning"]}',413,'free'),
	 (415,3,'82728200438','Coworking space','163',415,79571.0,'Productive place to get all Your work done.','{"numberOfParkingSpaces":1,"numberOfBathrooms":1,"numberOfBedrooms":1,"freeWifi":false,"cabelTV":false,"energyClass":"C","heatingSystem":"gas","utilities":["balcony","freezer","fridge"]}',415,'free'),
	 (426,3,'02218298989','Coworking space','91',426,1351858.0,'Productive place to get all Your work done.','{"numberOfParkingSpaces":0,"numberOfBathrooms":1,"numberOfBedrooms":2,"freeWifi":false,"cabelTV":false,"energyClass":"D","heatingSystem":"electric","utilities":["freezer","fridge"]}',426,'free'),
	 (438,3,'78487973879','Coworking space','170',438,1443866.0,'Productive place to get all Your work done.','{"numberOfParkingSpaces":2,"numberOfBathrooms":3,"numberOfBedrooms":3,"freeWifi":false,"cabelTV":true,"energyClass":"A","heatingSystem":"gas","utilities":["freezer","fridge","air conditioning"]}',438,'free'),
	 (471,3,'25675100280','Coworking space','225',471,502324.0,'Productive place to get all Your work done.','{"numberOfParkingSpaces":0,"numberOfBathrooms":1,"numberOfBedrooms":2,"freeWifi":false,"cabelTV":false,"energyClass":"B","heatingSystem":"electric","utilities":["balcony","freezer","fridge","air conditioning"]}',471,'free'),
	 (473,3,'95359205348','Coworking space','213',473,614298.0,'Productive place to get all Your work done.','{"numberOfParkingSpaces":1,"numberOfBathrooms":2,"numberOfBedrooms":3,"freeWifi":false,"cabelTV":true,"energyClass":"A","heatingSystem":"AC","utilities":["loggia","fridge","air conditioning"]}',473,'free'),
	 (459,3,'17396870167','Coworking space','62',459,301405.0,'Productive place to get all Your work done.','{"numberOfParkingSpaces":1,"numberOfBathrooms":1,"numberOfBedrooms":1,"freeWifi":false,"cabelTV":false,"energyClass":"C","heatingSystem":"gas","utilities":["balcony","freezer","fridge"]}',459,'free'),
	 (469,3,'94201071125','Coworking space','231',469,1476558.0,'Productive place to get all Your work done.','{"numberOfParkingSpaces":0,"numberOfBathrooms":1,"numberOfBedrooms":2,"freeWifi":false,"cabelTV":false,"energyClass":"D","heatingSystem":"electric","utilities":["freezer","fridge"]}',469,'free'),
	 (484,3,'21169986117','Coworking space','53',484,1388483.0,'Productive place to get all Your work done.','{"numberOfParkingSpaces":2,"numberOfBathrooms":3,"numberOfBedrooms":3,"freeWifi":false,"cabelTV":true,"energyClass":"A","heatingSystem":"gas","utilities":["freezer","fridge","air conditioning"]}',484,'free'),
	 (488,3,'37167171968','Coworking space','198',488,1438872.0,'Productive place to get all Your work done.','{"numberOfParkingSpaces":0,"numberOfBathrooms":1,"numberOfBedrooms":2,"freeWifi":false,"cabelTV":false,"energyClass":"B","heatingSystem":"electric","utilities":["balcony","freezer","fridge","air conditioning"]}',488,'free'),
	 (427,2,'03590458072','Family house','79',427,1178763.0,'Warm house for a loving family.','{"numberOfParkingSpaces":1,"numberOfBathrooms":2,"numberOfBedrooms":3,"freeWifi":false,"cabelTV":true,"energyClass":"A","heatingSystem":"AC","utilities":["loggia","fridge","air conditioning"]}',427,'free'),
	 (401,1,'79628175146','City center apartment','147',401,563930.0,'Spacious apartment in city center.','{"numberOfParkingSpaces":1,"numberOfBathrooms":1,"numberOfBedrooms":1,"freeWifi":false,"cabelTV":false,"energyClass":"C","heatingSystem":"gas","utilities":["balcony","freezer","fridge"]}',401,'free'),
	 (409,1,'57205516587','City center apartment','64',409,1192769.0,'Spacious apartment in city center.','{"numberOfParkingSpaces":0,"numberOfBathrooms":1,"numberOfBedrooms":2,"freeWifi":false,"cabelTV":false,"energyClass":"D","heatingSystem":"electric","utilities":["freezer","fridge"]}',409,'free'),
	 (369,1,'14491369255','City center apartment','48',369,382075.0,'Spacious apartment in city center.','{"numberOfParkingSpaces":2,"numberOfBathrooms":3,"numberOfBedrooms":3,"freeWifi":false,"cabelTV":true,"energyClass":"A","heatingSystem":"gas","utilities":["freezer","fridge","air conditioning"]}',369,'free'),
	 (375,1,'43217546641','City center apartment','173',375,1394322.0,'Spacious apartment in city center.','{"numberOfParkingSpaces":0,"numberOfBathrooms":1,"numberOfBedrooms":2,"freeWifi":false,"cabelTV":false,"energyClass":"B","heatingSystem":"electric","utilities":["balcony","freezer","fridge","air conditioning"]}',375,'free'),
	 (362,3,'97720438239','Coworking space','249',362,1240144.0,'Productive place to get all Your work done.','{"numberOfParkingSpaces":1,"numberOfBathrooms":2,"numberOfBedrooms":3,"freeWifi":false,"cabelTV":true,"energyClass":"A","heatingSystem":"AC","utilities":["loggia","fridge","air conditioning"]}',362,'free'),
	 (414,3,'66915574979','Coworking space','76',414,1254320.0,'Productive place to get all Your work done.','{"numberOfParkingSpaces":1,"numberOfBathrooms":1,"numberOfBedrooms":1,"freeWifi":false,"cabelTV":false,"energyClass":"C","heatingSystem":"gas","utilities":["balcony","freezer","fridge"]}',414,'free'),
	 (420,3,'81542996621','Coworking space','193',420,1249164.0,'Productive place to get all Your work done.','{"numberOfParkingSpaces":0,"numberOfBathrooms":1,"numberOfBedrooms":2,"freeWifi":false,"cabelTV":false,"energyClass":"D","heatingSystem":"electric","utilities":["freezer","fridge"]}',420,'free'),
	 (436,3,'04494190867','Coworking space','212',436,1130706.0,'Productive place to get all Your work done.','{"numberOfParkingSpaces":2,"numberOfBathrooms":3,"numberOfBedrooms":3,"freeWifi":false,"cabelTV":true,"energyClass":"A","heatingSystem":"gas","utilities":["freezer","fridge","air conditioning"]}',436,'free'),
	 (407,2,'68397610249','Family house','177',407,1365756.0,'Warm house for a loving family.','{"numberOfParkingSpaces":0,"numberOfBathrooms":1,"numberOfBedrooms":2,"freeWifi":false,"cabelTV":false,"energyClass":"B","heatingSystem":"electric","utilities":["balcony","freezer","fridge","air conditioning"]}',407,'free'),
	 (439,3,'52098691992','Coworking space','127',439,1175259.0,'Productive place to get all Your work done.','{"numberOfParkingSpaces":1,"numberOfBathrooms":2,"numberOfBedrooms":3,"freeWifi":false,"cabelTV":true,"energyClass":"A","heatingSystem":"AC","utilities":["loggia","fridge","air conditioning"]}',439,'free'),
	 (443,3,'50927664455','Coworking space','247',443,1213628.0,'Productive place to get all Your work done.','{"numberOfParkingSpaces":1,"numberOfBathrooms":1,"numberOfBedrooms":1,"freeWifi":false,"cabelTV":false,"energyClass":"C","heatingSystem":"gas","utilities":["balcony","freezer","fridge"]}',443,'free'),
	 (423,1,'10477702238','City center apartment','34',423,1238429.0,'Spacious apartment in city center.','{"numberOfParkingSpaces":0,"numberOfBathrooms":1,"numberOfBedrooms":2,"freeWifi":false,"cabelTV":false,"energyClass":"D","heatingSystem":"electric","utilities":["freezer","fridge"]}',423,'free'),
	 (437,1,'64354881940','City center apartment','229',437,654856.0,'Spacious apartment in city center.','{"numberOfParkingSpaces":2,"numberOfBathrooms":3,"numberOfBedrooms":3,"freeWifi":false,"cabelTV":true,"energyClass":"A","heatingSystem":"gas","utilities":["freezer","fridge","air conditioning"]}',437,'free'),
	 (435,3,'57507771225','Coworking space','122',435,1240186.0,'Productive place to get all Your work done.','{"numberOfParkingSpaces":0,"numberOfBathrooms":1,"numberOfBedrooms":2,"freeWifi":false,"cabelTV":false,"energyClass":"B","heatingSystem":"electric","utilities":["balcony","freezer","fridge","air conditioning"]}',435,'free'),
	 (454,3,'17710408069','Coworking space','121',454,1292786.0,'Productive place to get all Your work done.','{"numberOfParkingSpaces":1,"numberOfBathrooms":2,"numberOfBedrooms":3,"freeWifi":false,"cabelTV":true,"energyClass":"A","heatingSystem":"AC","utilities":["loggia","fridge","air conditioning"]}',454,'free'),
	 (475,3,'52871752366','Coworking space','189',475,594313.0,'Productive place to get all Your work done.','{"numberOfParkingSpaces":1,"numberOfBathrooms":1,"numberOfBedrooms":1,"freeWifi":false,"cabelTV":false,"energyClass":"C","heatingSystem":"gas","utilities":["balcony","freezer","fridge"]}',475,'free'),
	 (492,3,'61540225636','Coworking space','115',492,411308.0,'Productive place to get all Your work done.','{"numberOfParkingSpaces":0,"numberOfBathrooms":1,"numberOfBedrooms":2,"freeWifi":false,"cabelTV":false,"energyClass":"D","heatingSystem":"electric","utilities":["freezer","fridge"]}',492,'free'),
	 (347,1,'83899294981','City center apartment','109',347,857670.0,'Spacious apartment in city center.','{"numberOfParkingSpaces":2,"numberOfBathrooms":3,"numberOfBedrooms":3,"freeWifi":false,"cabelTV":true,"energyClass":"A","heatingSystem":"gas","utilities":["freezer","fridge","air conditioning"]}',347,'free'),
	 (353,1,'18572281213','City center apartment','155',353,154881.0,'Spacious apartment in city center.','{"numberOfParkingSpaces":0,"numberOfBathrooms":1,"numberOfBedrooms":2,"freeWifi":false,"cabelTV":false,"energyClass":"B","heatingSystem":"electric","utilities":["balcony","freezer","fridge","air conditioning"]}',353,'free'),
	 (357,1,'50098945877','City center apartment','134',357,376260.0,'Spacious apartment in city center.','{"numberOfParkingSpaces":1,"numberOfBathrooms":2,"numberOfBedrooms":3,"freeWifi":false,"cabelTV":true,"energyClass":"A","heatingSystem":"AC","utilities":["loggia","fridge","air conditioning"]}',357,'free'),
	 (361,1,'30668607361','City center apartment','134',361,309110.0,'Spacious apartment in city center.','{"numberOfParkingSpaces":1,"numberOfBathrooms":1,"numberOfBedrooms":1,"freeWifi":false,"cabelTV":false,"energyClass":"C","heatingSystem":"gas","utilities":["balcony","freezer","fridge"]}',361,'free'),
	 (495,3,'09409685906','Coworking space','200',495,276780.0,'Productive place to get all Your work done.','{"numberOfParkingSpaces":0,"numberOfBathrooms":1,"numberOfBedrooms":2,"freeWifi":false,"cabelTV":false,"energyClass":"D","heatingSystem":"electric","utilities":["freezer","fridge"]}',495,'free'),
	 (411,2,'39936287765','Family house','185',411,892841.0,'Warm house for a loving family.','{"numberOfParkingSpaces":2,"numberOfBathrooms":3,"numberOfBedrooms":3,"freeWifi":false,"cabelTV":true,"energyClass":"A","heatingSystem":"gas","utilities":["freezer","fridge","air conditioning"]}',411,'free'),
	 (468,3,'62024795751','Coworking space','242',468,284961.0,'Productive place to get all Your work done.','{"numberOfParkingSpaces":0,"numberOfBathrooms":1,"numberOfBedrooms":2,"freeWifi":false,"cabelTV":false,"energyClass":"B","heatingSystem":"electric","utilities":["balcony","freezer","fridge","air conditioning"]}',468,'free'),
	 (476,3,'59148023203','Coworking space','144',476,593869.0,'Productive place to get all Your work done.','{"numberOfParkingSpaces":1,"numberOfBathrooms":2,"numberOfBedrooms":3,"freeWifi":false,"cabelTV":true,"energyClass":"A","heatingSystem":"AC","utilities":["loggia","fridge","air conditioning"]}',476,'free'),
	 (458,3,'41328981067','Coworking space','153',458,1300394.0,'Productive place to get all Your work done.','{"numberOfParkingSpaces":1,"numberOfBathrooms":1,"numberOfBedrooms":1,"freeWifi":false,"cabelTV":false,"energyClass":"C","heatingSystem":"gas","utilities":["balcony","freezer","fridge"]}',458,'free'),
	 (465,3,'11266003590','Coworking space','193',465,469596.0,'Productive place to get all Your work done.','{"numberOfParkingSpaces":0,"numberOfBathrooms":1,"numberOfBedrooms":2,"freeWifi":false,"cabelTV":false,"energyClass":"D","heatingSystem":"electric","utilities":["freezer","fridge"]}',465,'free'),
	 (477,3,'80526942370','Coworking space','130',477,138179.0,'Productive place to get all Your work done.','{"numberOfParkingSpaces":2,"numberOfBathrooms":3,"numberOfBedrooms":3,"freeWifi":false,"cabelTV":true,"energyClass":"A","heatingSystem":"gas","utilities":["freezer","fridge","air conditioning"]}',477,'free'),
	 (481,3,'42769746260','Coworking space','48',481,1295082.0,'Productive place to get all Your work done.','{"numberOfParkingSpaces":0,"numberOfBathrooms":1,"numberOfBedrooms":2,"freeWifi":false,"cabelTV":false,"energyClass":"B","heatingSystem":"electric","utilities":["balcony","freezer","fridge","air conditioning"]}',481,'free'),
	 (486,3,'95504740478','Coworking space','100',486,1428615.0,'Productive place to get all Your work done.','{"numberOfParkingSpaces":1,"numberOfBathrooms":2,"numberOfBedrooms":3,"freeWifi":false,"cabelTV":true,"energyClass":"A","heatingSystem":"AC","utilities":["loggia","fridge","air conditioning"]}',486,'free'),
	 (487,3,'64218462377','Coworking space','91',487,786782.0,'Productive place to get all Your work done.','{"numberOfParkingSpaces":1,"numberOfBathrooms":1,"numberOfBedrooms":1,"freeWifi":false,"cabelTV":false,"energyClass":"C","heatingSystem":"gas","utilities":["balcony","freezer","fridge"]}',487,'free'),
	 (412,2,'36585467088','Family house','90',412,1142792.0,'Warm house for a loving family.','{"numberOfParkingSpaces":0,"numberOfBathrooms":1,"numberOfBedrooms":2,"freeWifi":false,"cabelTV":false,"energyClass":"D","heatingSystem":"electric","utilities":["freezer","fridge"]}',412,'free'),
	 (363,3,'25338718307','Coworking space','61',363,101296.0,'Productive place to get all Your work done.','{"numberOfParkingSpaces":2,"numberOfBathrooms":3,"numberOfBedrooms":3,"freeWifi":false,"cabelTV":true,"energyClass":"A","heatingSystem":"gas","utilities":["freezer","fridge","air conditioning"]}',363,'free'),
	 (364,3,'72031149944','Coworking space','195',364,900107.0,'Productive place to get all Your work done.','{"numberOfParkingSpaces":0,"numberOfBathrooms":1,"numberOfBedrooms":2,"freeWifi":false,"cabelTV":false,"energyClass":"B","heatingSystem":"electric","utilities":["balcony","freezer","fridge","air conditioning"]}',364,'free'),
	 (366,3,'55019370671','Coworking space','46',366,1331883.0,'Productive place to get all Your work done.','{"numberOfParkingSpaces":1,"numberOfBathrooms":2,"numberOfBedrooms":3,"freeWifi":false,"cabelTV":true,"energyClass":"A","heatingSystem":"AC","utilities":["loggia","fridge","air conditioning"]}',366,'free'),
	 (373,3,'15664716161','Coworking space','39',373,1101372.0,'Productive place to get all Your work done.','{"numberOfParkingSpaces":1,"numberOfBathrooms":1,"numberOfBedrooms":1,"freeWifi":false,"cabelTV":false,"energyClass":"C","heatingSystem":"gas","utilities":["balcony","freezer","fridge"]}',373,'free'),
	 (387,3,'92439677228','Coworking space','125',387,105838.0,'Productive place to get all Your work done.','{"numberOfParkingSpaces":0,"numberOfBathrooms":1,"numberOfBedrooms":2,"freeWifi":false,"cabelTV":false,"energyClass":"D","heatingSystem":"electric","utilities":["freezer","fridge"]}',387,'free'),
	 (382,1,'99343933769','Luxury suite','215',382,1218857.0,'Luxurious suite with all the features You can imagine.','{"numberOfParkingSpaces":2,"numberOfBathrooms":3,"numberOfBedrooms":3,"freeWifi":false,"cabelTV":true,"energyClass":"A","heatingSystem":"gas","utilities":["freezer","fridge","air conditioning"]}',382,'free'),
	 (396,1,'34290541390','Luxury suite','177',396,1337477.0,'Luxurious suite with all the features You can imagine.','{"numberOfParkingSpaces":0,"numberOfBathrooms":1,"numberOfBedrooms":2,"freeWifi":false,"cabelTV":false,"energyClass":"B","heatingSystem":"electric","utilities":["balcony","freezer","fridge","air conditioning"]}',396,'free'),
	 (402,1,'43933021497','Luxury suite','117',402,710117.0,'Luxurious suite with all the features You can imagine.','{"numberOfParkingSpaces":1,"numberOfBathrooms":2,"numberOfBedrooms":3,"freeWifi":false,"cabelTV":true,"energyClass":"A","heatingSystem":"AC","utilities":["loggia","fridge","air conditioning"]}',402,'free'),
	 (416,1,'04176017226','Luxury suite','236',416,807593.0,'Luxurious suite with all the features You can imagine.','{"numberOfParkingSpaces":1,"numberOfBathrooms":1,"numberOfBedrooms":1,"freeWifi":false,"cabelTV":false,"energyClass":"C","heatingSystem":"gas","utilities":["balcony","freezer","fridge"]}',416,'free'),
	 (448,1,'86237074009','Luxury suite','217',448,1284938.0,'Luxurious suite with all the features You can imagine.','{"numberOfParkingSpaces":0,"numberOfBathrooms":1,"numberOfBedrooms":2,"freeWifi":false,"cabelTV":false,"energyClass":"D","heatingSystem":"electric","utilities":["freezer","fridge"]}',448,'free'),
	 (450,1,'16951721445','Luxury suite','131',450,1194538.0,'Luxurious suite with all the features You can imagine.','{"numberOfParkingSpaces":2,"numberOfBathrooms":3,"numberOfBedrooms":3,"freeWifi":false,"cabelTV":true,"energyClass":"A","heatingSystem":"gas","utilities":["freezer","fridge","air conditioning"]}',450,'free'),
	 (404,1,'62221497599','Luxury suite','70',404,660324.0,'Luxurious suite with all the features You can imagine.','{"numberOfParkingSpaces":0,"numberOfBathrooms":1,"numberOfBedrooms":2,"freeWifi":false,"cabelTV":false,"energyClass":"B","heatingSystem":"electric","utilities":["balcony","freezer","fridge","air conditioning"]}',404,'free'),
	 (406,1,'18135341075','Luxury suite','59',406,357518.0,'Luxurious suite with all the features You can imagine.','{"numberOfParkingSpaces":1,"numberOfBathrooms":2,"numberOfBedrooms":3,"freeWifi":false,"cabelTV":true,"energyClass":"A","heatingSystem":"AC","utilities":["loggia","fridge","air conditioning"]}',406,'free'),
	 (466,1,'53799586805','Luxury suite','151',466,1132748.0,'Luxurious suite with all the features You can imagine.','{"numberOfParkingSpaces":1,"numberOfBathrooms":1,"numberOfBedrooms":1,"freeWifi":false,"cabelTV":false,"energyClass":"C","heatingSystem":"gas","utilities":["balcony","freezer","fridge"]}',466,'free'),
	 (348,1,'16817360056','Luxury suite','247',348,830096.0,'Luxurious suite with all the features You can imagine.','{"numberOfParkingSpaces":0,"numberOfBathrooms":1,"numberOfBedrooms":2,"freeWifi":false,"cabelTV":false,"energyClass":"D","heatingSystem":"electric","utilities":["freezer","fridge"]}',348,'free'),
	 (368,1,'58144441648','Luxury suite','173',368,1121461.0,'Luxurious suite with all the features You can imagine.','{"numberOfParkingSpaces":2,"numberOfBathrooms":3,"numberOfBedrooms":3,"freeWifi":false,"cabelTV":true,"energyClass":"A","heatingSystem":"gas","utilities":["freezer","fridge","air conditioning"]}',368,'free'),
	 (470,1,'68543878647','Luxury suite','180',470,495793.0,'Luxurious suite with all the features You can imagine.','{"numberOfParkingSpaces":0,"numberOfBathrooms":1,"numberOfBedrooms":2,"freeWifi":false,"cabelTV":false,"energyClass":"B","heatingSystem":"electric","utilities":["balcony","freezer","fridge","air conditioning"]}',470,'free'),
	 (494,1,'68149317735','Luxury suite','190',494,1198842.0,'Luxurious suite with all the features You can imagine.','{"numberOfParkingSpaces":1,"numberOfBathrooms":2,"numberOfBedrooms":3,"freeWifi":false,"cabelTV":true,"energyClass":"A","heatingSystem":"AC","utilities":["loggia","fridge","air conditioning"]}',494,'free'),
	 (444,1,'59073720051','Luxury suite','40',444,1161613.0,'Luxurious suite with all the features You can imagine.','{"numberOfParkingSpaces":1,"numberOfBathrooms":1,"numberOfBedrooms":1,"freeWifi":false,"cabelTV":false,"energyClass":"C","heatingSystem":"gas","utilities":["balcony","freezer","fridge"]}',444,'free'),
	 (446,1,'57432380717','Luxury suite','126',446,580420.0,'Luxurious suite with all the features You can imagine.','{"numberOfParkingSpaces":0,"numberOfBathrooms":1,"numberOfBedrooms":2,"freeWifi":false,"cabelTV":false,"energyClass":"D","heatingSystem":"electric","utilities":["freezer","fridge"]}',446,'free'),
	 (408,1,'25225765223','Luxury suite','115',408,448343.0,'Luxurious suite with all the features You can imagine.','{"numberOfParkingSpaces":2,"numberOfBathrooms":3,"numberOfBedrooms":3,"freeWifi":false,"cabelTV":true,"energyClass":"A","heatingSystem":"gas","utilities":["freezer","fridge","air conditioning"]}',408,'free'),
	 (440,1,'34743948890','Luxury suite','131',440,68576.0,'Luxurious suite with all the features You can imagine.','{"numberOfParkingSpaces":0,"numberOfBathrooms":1,"numberOfBedrooms":2,"freeWifi":false,"cabelTV":false,"energyClass":"B","heatingSystem":"electric","utilities":["balcony","freezer","fridge","air conditioning"]}',440,'free'),
	 (472,1,'72547717650','Luxury suite','57',472,942943.0,'Luxurious suite with all the features You can imagine.','{"numberOfParkingSpaces":1,"numberOfBathrooms":2,"numberOfBedrooms":3,"freeWifi":false,"cabelTV":true,"energyClass":"A","heatingSystem":"AC","utilities":["loggia","fridge","air conditioning"]}',472,'free'),
	 (478,1,'75125984687','Luxury suite','66',478,1475343.0,'Luxurious suite with all the features You can imagine.','{"numberOfParkingSpaces":1,"numberOfBathrooms":1,"numberOfBedrooms":1,"freeWifi":false,"cabelTV":false,"energyClass":"C","heatingSystem":"gas","utilities":["balcony","freezer","fridge"]}',478,'free'),
	 (490,1,'22775352563','Luxury suite','149',490,1061981.0,'Luxurious suite with all the features You can imagine.','{"numberOfParkingSpaces":0,"numberOfBathrooms":1,"numberOfBedrooms":2,"freeWifi":false,"cabelTV":false,"energyClass":"D","heatingSystem":"electric","utilities":["freezer","fridge"]}',490,'free'),
	 (346,1,'53535239098','Luxury suite','45',346,568564.0,'Luxurious suite with all the features You can imagine.','{"numberOfParkingSpaces":2,"numberOfBathrooms":3,"numberOfBedrooms":3,"freeWifi":false,"cabelTV":true,"energyClass":"A","heatingSystem":"gas","utilities":["freezer","fridge","air conditioning"]}',346,'free'),
	 (350,1,'18502115410','Luxury suite','54',350,1216625.0,'Luxurious suite with all the features You can imagine.','{"numberOfParkingSpaces":0,"numberOfBathrooms":1,"numberOfBedrooms":2,"freeWifi":false,"cabelTV":false,"energyClass":"B","heatingSystem":"electric","utilities":["balcony","freezer","fridge","air conditioning"]}',350,'free'),
	 (376,1,'45222912690','Luxury suite','100',376,539583.0,'Luxurious suite with all the features You can imagine.','{"numberOfParkingSpaces":1,"numberOfBathrooms":2,"numberOfBedrooms":3,"freeWifi":false,"cabelTV":true,"energyClass":"A","heatingSystem":"AC","utilities":["loggia","fridge","air conditioning"]}',376,'free'),
	 (378,1,'38279484782','Luxury suite','77',378,1495295.0,'Luxurious suite with all the features You can imagine.','{"numberOfParkingSpaces":1,"numberOfBathrooms":1,"numberOfBedrooms":1,"freeWifi":false,"cabelTV":false,"energyClass":"C","heatingSystem":"gas","utilities":["balcony","freezer","fridge"]}',378,'free'),
	 (394,1,'80224877853','Luxury suite','181',394,310374.0,'Luxurious suite with all the features You can imagine.','{"numberOfParkingSpaces":0,"numberOfBathrooms":1,"numberOfBedrooms":2,"freeWifi":false,"cabelTV":false,"energyClass":"D","heatingSystem":"electric","utilities":["freezer","fridge"]}',394,'free'),
	 (434,1,'99828047662','Luxury suite','34',434,891432.0,'Luxurious suite with all the features You can imagine.','{"numberOfParkingSpaces":2,"numberOfBathrooms":3,"numberOfBedrooms":3,"freeWifi":false,"cabelTV":true,"energyClass":"A","heatingSystem":"gas","utilities":["freezer","fridge","air conditioning"]}',434,'free'),
	 (452,1,'99096267190','Luxury suite','178',452,310964.0,'Luxurious suite with all the features You can imagine.','{"numberOfParkingSpaces":0,"numberOfBathrooms":1,"numberOfBedrooms":2,"freeWifi":false,"cabelTV":false,"energyClass":"B","heatingSystem":"electric","utilities":["balcony","freezer","fridge","air conditioning"]}',452,'free'),
	 (460,1,'78479455629','Luxury suite','209',460,1386746.0,'Luxurious suite with all the features You can imagine.','{"numberOfParkingSpaces":1,"numberOfBathrooms":2,"numberOfBedrooms":3,"freeWifi":false,"cabelTV":true,"energyClass":"A","heatingSystem":"AC","utilities":["loggia","fridge","air conditioning"]}',460,'free'),
	 (464,1,'17792227457','Luxury suite','162',464,536935.0,'Luxurious suite with all the features You can imagine.','{"numberOfParkingSpaces":1,"numberOfBathrooms":1,"numberOfBedrooms":1,"freeWifi":false,"cabelTV":false,"energyClass":"C","heatingSystem":"gas","utilities":["balcony","freezer","fridge"]}',464,'free'),
	 (431,1,'67511908826','City center apartment','209',431,838444.0,'Spacious apartment in city center.','{"numberOfParkingSpaces":0,"numberOfBathrooms":1,"numberOfBedrooms":2,"freeWifi":false,"cabelTV":false,"energyClass":"D","heatingSystem":"electric","utilities":["freezer","fridge"]}',431,'free'),
	 (445,1,'46349544424','City center apartment','188',445,1406095.0,'Spacious apartment in city center.','{"numberOfParkingSpaces":2,"numberOfBathrooms":3,"numberOfBedrooms":3,"freeWifi":false,"cabelTV":true,"energyClass":"A","heatingSystem":"gas","utilities":["freezer","fridge","air conditioning"]}',445,'free'),
	 (453,1,'55040984243','City center apartment','248',453,1011333.0,'Spacious apartment in city center.','{"numberOfParkingSpaces":0,"numberOfBathrooms":1,"numberOfBedrooms":2,"freeWifi":false,"cabelTV":false,"energyClass":"B","heatingSystem":"electric","utilities":["balcony","freezer","fridge","air conditioning"]}',453,'free'),
	 (455,1,'71936540059','City center apartment','249',455,1375003.0,'Spacious apartment in city center.','{"numberOfParkingSpaces":1,"numberOfBathrooms":2,"numberOfBedrooms":3,"freeWifi":false,"cabelTV":true,"energyClass":"A","heatingSystem":"AC","utilities":["loggia","fridge","air conditioning"]}',455,'free'),
	 (379,1,'03327529225','City center apartment','168',379,762741.0,'Spacious apartment in city center.','{"numberOfParkingSpaces":1,"numberOfBathrooms":1,"numberOfBedrooms":1,"freeWifi":false,"cabelTV":false,"energyClass":"C","heatingSystem":"gas","utilities":["balcony","freezer","fridge"]}',379,'free'),
	 (166,2,'77025152305','Family house','212',166,1024339.0,'Warm house for a loving family.','{"numberOfParkingSpaces":0,"numberOfBathrooms":1,"numberOfBedrooms":2,"freeWifi":false,"cabelTV":false,"energyClass":"D","heatingSystem":"electric","utilities":["freezer","fridge"]}',166,'leased'),
	 (212,2,'36585467088','Family house','152',212,857397.0,'Warm house for a loving family.','{"numberOfParkingSpaces":2,"numberOfBathrooms":3,"numberOfBedrooms":3,"freeWifi":false,"cabelTV":true,"energyClass":"A","heatingSystem":"gas","utilities":["freezer","fridge","air conditioning"]}',212,'leased'),
	 (383,1,'15743552013','City center apartment','125',383,957099.0,'Spacious apartment in city center.','{"numberOfParkingSpaces":0,"numberOfBathrooms":1,"numberOfBedrooms":2,"freeWifi":false,"cabelTV":false,"energyClass":"B","heatingSystem":"electric","utilities":["balcony","freezer","fridge","air conditioning"]}',383,'free'),
	 (399,1,'97054548925','City center apartment','162',399,656422.0,'Spacious apartment in city center.','{"numberOfParkingSpaces":1,"numberOfBathrooms":2,"numberOfBedrooms":3,"freeWifi":false,"cabelTV":true,"energyClass":"A","heatingSystem":"AC","utilities":["loggia","fridge","air conditioning"]}',399,'free'),
	 (403,3,'55033140462','Coworking space','126',403,783523.0,'Productive place to get all Your work done.','{"numberOfParkingSpaces":1,"numberOfBathrooms":1,"numberOfBedrooms":1,"freeWifi":false,"cabelTV":false,"energyClass":"C","heatingSystem":"gas","utilities":["balcony","freezer","fridge"]}',403,'free'),
	 (349,3,'81439021726','Coworking space','241',349,1206495.0,'Productive place to get all Your work done.','{"numberOfParkingSpaces":0,"numberOfBathrooms":1,"numberOfBedrooms":2,"freeWifi":false,"cabelTV":false,"energyClass":"D","heatingSystem":"electric","utilities":["freezer","fridge"]}',349,'free'),
	 (352,3,'55302287700','Coworking space','59',352,92646.0,'Productive place to get all Your work done.','{"numberOfParkingSpaces":2,"numberOfBathrooms":3,"numberOfBedrooms":3,"freeWifi":false,"cabelTV":true,"energyClass":"A","heatingSystem":"gas","utilities":["freezer","fridge","air conditioning"]}',352,'free'),
	 (356,3,'75489386755','Coworking space','249',356,1480545.0,'Productive place to get all Your work done.','{"numberOfParkingSpaces":0,"numberOfBathrooms":1,"numberOfBedrooms":2,"freeWifi":false,"cabelTV":false,"energyClass":"B","heatingSystem":"electric","utilities":["balcony","freezer","fridge","air conditioning"]}',356,'free'),
	 (359,3,'13835303020','Coworking space','212',359,605578.0,'Productive place to get all Your work done.','{"numberOfParkingSpaces":1,"numberOfBathrooms":2,"numberOfBedrooms":3,"freeWifi":false,"cabelTV":true,"energyClass":"A","heatingSystem":"AC","utilities":["loggia","fridge","air conditioning"]}',359,'free'),
	 (360,3,'41001106812','Coworking space','115',360,366681.0,'Productive place to get all Your work done.','{"numberOfParkingSpaces":1,"numberOfBathrooms":1,"numberOfBedrooms":1,"freeWifi":false,"cabelTV":false,"energyClass":"C","heatingSystem":"gas","utilities":["balcony","freezer","fridge"]}',360,'free'),
	 (370,3,'71211090386','Coworking space','37',370,368931.0,'Productive place to get all Your work done.','{"numberOfParkingSpaces":0,"numberOfBathrooms":1,"numberOfBedrooms":2,"freeWifi":false,"cabelTV":false,"energyClass":"D","heatingSystem":"electric","utilities":["freezer","fridge"]}',370,'free'),
	 (391,3,'59714337783','Coworking space','215',391,657594.0,'Productive place to get all Your work done.','{"numberOfParkingSpaces":2,"numberOfBathrooms":3,"numberOfBedrooms":3,"freeWifi":false,"cabelTV":true,"energyClass":"A","heatingSystem":"gas","utilities":["freezer","fridge","air conditioning"]}',391,'free'),
	 (358,1,'01073191732','Luxury suite','142',358,374706.0,'Luxurious suite with all the features You can imagine.','{"numberOfParkingSpaces":0,"numberOfBathrooms":1,"numberOfBedrooms":2,"freeWifi":false,"cabelTV":false,"energyClass":"B","heatingSystem":"electric","utilities":["balcony","freezer","fridge","air conditioning"]}',358,'free'),
	 (367,2,'00870906326','Family house','188',367,899498.0,'Warm house for a loving family.','{"numberOfParkingSpaces":1,"numberOfBathrooms":2,"numberOfBedrooms":3,"freeWifi":false,"cabelTV":true,"energyClass":"A","heatingSystem":"AC","utilities":["loggia","fridge","air conditioning"]}',367,'free'),
	 (374,2,'04768517006','Family house','233',374,499288.0,'Warm house for a loving family.','{"numberOfParkingSpaces":1,"numberOfBathrooms":1,"numberOfBedrooms":1,"freeWifi":false,"cabelTV":false,"energyClass":"C","heatingSystem":"gas","utilities":["balcony","freezer","fridge"]}',374,'free'),
	 (493,2,'29457759124','Family house','44',493,410410.0,'Warm house for a loving family.','{"numberOfParkingSpaces":0,"numberOfBathrooms":1,"numberOfBedrooms":2,"freeWifi":false,"cabelTV":false,"energyClass":"D","heatingSystem":"electric","utilities":["freezer","fridge"]}',493,'free'),
	 (447,2,'64545946876','Family house','238',447,446779.0,'Warm house for a loving family.','{"numberOfParkingSpaces":2,"numberOfBathrooms":3,"numberOfBedrooms":3,"freeWifi":false,"cabelTV":true,"energyClass":"A","heatingSystem":"gas","utilities":["freezer","fridge","air conditioning"]}',447,'free'),
	 (351,2,'87150415859','Family house','100',351,1475117.0,'Warm house for a loving family.','{"numberOfParkingSpaces":0,"numberOfBathrooms":1,"numberOfBedrooms":2,"freeWifi":false,"cabelTV":false,"energyClass":"B","heatingSystem":"electric","utilities":["balcony","freezer","fridge","air conditioning"]}',351,'free'),
	 (354,2,'15304637109','Family house','166',354,1444402.0,'Warm house for a loving family.','{"numberOfParkingSpaces":1,"numberOfBathrooms":2,"numberOfBedrooms":3,"freeWifi":false,"cabelTV":true,"energyClass":"A","heatingSystem":"AC","utilities":["loggia","fridge","air conditioning"]}',354,'free'),
	 (380,2,'73406960701','Family house','92',380,286128.0,'Warm house for a loving family.','{"numberOfParkingSpaces":1,"numberOfBathrooms":1,"numberOfBedrooms":1,"freeWifi":false,"cabelTV":false,"energyClass":"C","heatingSystem":"gas","utilities":["balcony","freezer","fridge"]}',380,'free'),
	 (385,2,'87720647674','Family house','51',385,159930.0,'Warm house for a loving family.','{"numberOfParkingSpaces":0,"numberOfBathrooms":1,"numberOfBedrooms":2,"freeWifi":false,"cabelTV":false,"energyClass":"D","heatingSystem":"electric","utilities":["freezer","fridge"]}',385,'free'),
	 (388,2,'14768178714','Family house','225',388,394369.0,'Warm house for a loving family.','{"numberOfParkingSpaces":2,"numberOfBathrooms":3,"numberOfBedrooms":3,"freeWifi":false,"cabelTV":true,"energyClass":"A","heatingSystem":"gas","utilities":["freezer","fridge","air conditioning"]}',388,'free'),
	 (381,2,'91954504216','Family house','158',381,483993.0,'Warm house for a loving family.','{"numberOfParkingSpaces":0,"numberOfBathrooms":1,"numberOfBedrooms":2,"freeWifi":false,"cabelTV":false,"energyClass":"B","heatingSystem":"electric","utilities":["balcony","freezer","fridge","air conditioning"]}',381,'free'),
	 (392,2,'02526352184','Family house','210',392,312802.0,'Warm house for a loving family.','{"numberOfParkingSpaces":1,"numberOfBathrooms":2,"numberOfBedrooms":3,"freeWifi":false,"cabelTV":true,"energyClass":"A","heatingSystem":"AC","utilities":["loggia","fridge","air conditioning"]}',392,'free'),
	 (398,2,'37555418365','Family house','133',398,334576.0,'Warm house for a loving family.','{"numberOfParkingSpaces":1,"numberOfBathrooms":1,"numberOfBedrooms":1,"freeWifi":false,"cabelTV":false,"energyClass":"C","heatingSystem":"gas","utilities":["balcony","freezer","fridge"]}',398,'free'),
	 (419,2,'32057855703','Family house','52',419,1481009.0,'Warm house for a loving family.','{"numberOfParkingSpaces":0,"numberOfBathrooms":1,"numberOfBedrooms":2,"freeWifi":false,"cabelTV":false,"energyClass":"D","heatingSystem":"electric","utilities":["freezer","fridge"]}',419,'free'),
	 (425,2,'73093430160','Family house','49',425,355762.0,'Warm house for a loving family.','{"numberOfParkingSpaces":2,"numberOfBathrooms":3,"numberOfBedrooms":3,"freeWifi":false,"cabelTV":true,"energyClass":"A","heatingSystem":"gas","utilities":["freezer","fridge","air conditioning"]}',425,'free'),
	 (442,2,'72150008362','Family house','36',442,212882.0,'Warm house for a loving family.','{"numberOfParkingSpaces":0,"numberOfBathrooms":1,"numberOfBedrooms":2,"freeWifi":false,"cabelTV":false,"energyClass":"B","heatingSystem":"electric","utilities":["balcony","freezer","fridge","air conditioning"]}',442,'free'),
	 (451,2,'60884004764','Family house','117',451,1417743.0,'Warm house for a loving family.','{"numberOfParkingSpaces":1,"numberOfBathrooms":2,"numberOfBedrooms":3,"freeWifi":false,"cabelTV":true,"energyClass":"A","heatingSystem":"AC","utilities":["loggia","fridge","air conditioning"]}',451,'free'),
	 (463,2,'68227624775','Family house','220',463,1145476.0,'Warm house for a loving family.','{"numberOfParkingSpaces":1,"numberOfBathrooms":1,"numberOfBedrooms":1,"freeWifi":false,"cabelTV":false,"energyClass":"C","heatingSystem":"gas","utilities":["balcony","freezer","fridge"]}',463,'free'),
	 (480,2,'50515266208','Family house','220',480,268458.0,'Warm house for a loving family.','{"numberOfParkingSpaces":0,"numberOfBathrooms":1,"numberOfBedrooms":2,"freeWifi":false,"cabelTV":false,"energyClass":"D","heatingSystem":"electric","utilities":["freezer","fridge"]}',480,'free'),
	 (482,2,'31362906152','Family house','231',482,897645.0,'Warm house for a loving family.','{"numberOfParkingSpaces":2,"numberOfBathrooms":3,"numberOfBedrooms":3,"freeWifi":false,"cabelTV":true,"energyClass":"A","heatingSystem":"gas","utilities":["freezer","fridge","air conditioning"]}',482,'free'),
	 (489,2,'69537853523','Family house','198',489,152517.0,'Warm house for a loving family.','{"numberOfParkingSpaces":0,"numberOfBathrooms":1,"numberOfBedrooms":2,"freeWifi":false,"cabelTV":false,"energyClass":"B","heatingSystem":"electric","utilities":["balcony","freezer","fridge","air conditioning"]}',489,'free'),
	 (491,2,'85101569249','Family house','170',491,83225.0,'Warm house for a loving family.','{"numberOfParkingSpaces":1,"numberOfBathrooms":2,"numberOfBedrooms":3,"freeWifi":false,"cabelTV":true,"energyClass":"A","heatingSystem":"AC","utilities":["loggia","fridge","air conditioning"]}',491,'free'),
	 (422,2,'61448313873','Family house','93',422,1453344.0,'Warm house for a loving family.','{"numberOfParkingSpaces":1,"numberOfBathrooms":1,"numberOfBedrooms":1,"freeWifi":false,"cabelTV":false,"energyClass":"C","heatingSystem":"gas","utilities":["balcony","freezer","fridge"]}',422,'free'),
	 (345,2,'52920028547','Family house','68',345,1418858.0,'Warm house for a loving family.','{"numberOfParkingSpaces":0,"numberOfBathrooms":1,"numberOfBedrooms":2,"freeWifi":false,"cabelTV":false,"energyClass":"D","heatingSystem":"electric","utilities":["freezer","fridge"]}',345,'free'),
	 (372,2,'24036237326','Family house','80',372,1443091.0,'Warm house for a loving family.','{"numberOfParkingSpaces":2,"numberOfBathrooms":3,"numberOfBedrooms":3,"freeWifi":false,"cabelTV":true,"energyClass":"A","heatingSystem":"gas","utilities":["freezer","fridge","air conditioning"]}',372,'free'),
	 (430,2,'63328919256','Family house','133',430,1422299.0,'Warm house for a loving family.','{"numberOfParkingSpaces":0,"numberOfBathrooms":1,"numberOfBedrooms":2,"freeWifi":false,"cabelTV":false,"energyClass":"B","heatingSystem":"electric","utilities":["balcony","freezer","fridge","air conditioning"]}',430,'free'),
	 (390,2,'53793203662','Family house','132',390,117792.0,'Warm house for a loving family.','{"numberOfParkingSpaces":1,"numberOfBathrooms":2,"numberOfBedrooms":3,"freeWifi":false,"cabelTV":true,"energyClass":"A","heatingSystem":"AC","utilities":["loggia","fridge","air conditioning"]}',390,'free'),
	 (397,2,'50629276619','Family house','37',397,1235842.0,'Warm house for a loving family.','{"numberOfParkingSpaces":1,"numberOfBathrooms":1,"numberOfBedrooms":1,"freeWifi":false,"cabelTV":false,"energyClass":"C","heatingSystem":"gas","utilities":["balcony","freezer","fridge"]}',397,'free'),
	 (456,2,'12599386466','Family house','120',456,1047067.0,'Warm house for a loving family.','{"numberOfParkingSpaces":0,"numberOfBathrooms":1,"numberOfBedrooms":2,"freeWifi":false,"cabelTV":false,"energyClass":"D","heatingSystem":"electric","utilities":["freezer","fridge"]}',456,'free'),
	 (474,2,'42484214035','Family house','126',474,446634.0,'Warm house for a loving family.','{"numberOfParkingSpaces":2,"numberOfBathrooms":3,"numberOfBedrooms":3,"freeWifi":false,"cabelTV":true,"energyClass":"A","heatingSystem":"gas","utilities":["freezer","fridge","air conditioning"]}',474,'free'),
	 (485,2,'68630760379','Family house','162',485,178636.0,'Warm house for a loving family.','{"numberOfParkingSpaces":0,"numberOfBathrooms":1,"numberOfBedrooms":2,"freeWifi":false,"cabelTV":false,"energyClass":"B","heatingSystem":"electric","utilities":["balcony","freezer","fridge","air conditioning"]}',485,'free'),
	 (417,2,'23295051333','Family house','202',417,749482.0,'Warm house for a loving family.','{"numberOfParkingSpaces":1,"numberOfBathrooms":2,"numberOfBedrooms":3,"freeWifi":false,"cabelTV":true,"energyClass":"A","heatingSystem":"AC","utilities":["loggia","fridge","air conditioning"]}',417,'free'),
	 (428,2,'81648004364','Family house','181',428,797176.0,'Warm house for a loving family.','{"numberOfParkingSpaces":1,"numberOfBathrooms":1,"numberOfBedrooms":1,"freeWifi":false,"cabelTV":false,"energyClass":"C","heatingSystem":"gas","utilities":["balcony","freezer","fridge"]}',428,'free'),
	 (467,2,'09984701501','Family house','133',467,1313083.0,'Warm house for a loving family.','{"numberOfParkingSpaces":0,"numberOfBathrooms":1,"numberOfBedrooms":2,"freeWifi":false,"cabelTV":false,"energyClass":"D","heatingSystem":"electric","utilities":["freezer","fridge"]}',467,'free'),
	 (483,2,'41375044004','Family house','97',483,176093.0,'Warm house for a loving family.','{"numberOfParkingSpaces":2,"numberOfBathrooms":3,"numberOfBedrooms":3,"freeWifi":false,"cabelTV":true,"energyClass":"A","heatingSystem":"gas","utilities":["freezer","fridge","air conditioning"]}',483,'free'),
	 (424,2,'72847078766','Family house','89',424,795988.0,'Warm house for a loving family.','{"numberOfParkingSpaces":0,"numberOfBathrooms":1,"numberOfBedrooms":2,"freeWifi":false,"cabelTV":false,"energyClass":"B","heatingSystem":"electric","utilities":["balcony","freezer","fridge","air conditioning"]}',424,'free'),
	 (433,2,'89860416422','Family house','224',433,1026275.0,'Warm house for a loving family.','{"numberOfParkingSpaces":1,"numberOfBathrooms":2,"numberOfBedrooms":3,"freeWifi":false,"cabelTV":true,"energyClass":"A","heatingSystem":"AC","utilities":["loggia","fridge","air conditioning"]}',433,'free'),
	 (462,2,'79011835887','Family house','223',462,1427069.0,'Warm house for a loving family.','{"numberOfParkingSpaces":1,"numberOfBathrooms":1,"numberOfBedrooms":1,"freeWifi":false,"cabelTV":false,"energyClass":"C","heatingSystem":"gas","utilities":["balcony","freezer","fridge"]}',462,'free');
INSERT INTO public.security_deposit (security_deposit_id,amount_paid,amount_used,"used_for_JSON") VALUES
	 (1,500.0,0.0,'{}'),
	 (2,900.0,0.0,'{}'),
	 (3,1200.0,0.0,'{}'),
	 (4,1667.0,0.0,'{}'),
	 (5,1847.0,0.0,'{}'),
	 (6,2462.0,0.0,'{}'),
	 (7,622.0,0.0,'{}'),
	 (8,1483.0,0.0,'{}'),
	 (9,1578.0,0.0,'{}'),
	 (10,1623.0,0.0,'{}'),
	 (11,863.0,0.0,'{}'),
	 (12,560.0,0.0,'{}'),
	 (13,678.0,0.0,'{}'),
	 (14,1743.0,0.0,'{}'),
	 (15,2027.0,0.0,'{}'),
	 (16,2250.0,0.0,'{}'),
	 (17,1682.0,0.0,'{}'),
	 (18,1405.0,0.0,'{}'),
	 (19,2476.0,0.0,'{}'),
	 (20,1896.0,0.0,'{}'),
	 (21,2491.0,0.0,'{}'),
	 (22,952.0,0.0,'{}'),
	 (23,1895.0,0.0,'{}'),
	 (24,1707.0,0.0,'{}'),
	 (25,472.0,0.0,'{}'),
	 (26,727.0,0.0,'{}'),
	 (27,1889.0,0.0,'{}'),
	 (28,1450.0,0.0,'{}'),
	 (29,2136.0,0.0,'{}'),
	 (30,2485.0,0.0,'{}'),
	 (31,2458.0,0.0,'{}'),
	 (32,583.0,0.0,'{}'),
	 (33,1954.0,0.0,'{}'),
	 (34,693.0,0.0,'{}'),
	 (35,774.0,0.0,'{}'),
	 (36,825.0,0.0,'{}'),
	 (37,494.0,0.0,'{}'),
	 (38,1030.0,0.0,'{}'),
	 (39,1551.0,0.0,'{}'),
	 (40,1411.0,0.0,'{}'),
	 (41,1749.0,0.0,'{}'),
	 (42,2020.0,0.0,'{}'),
	 (43,2380.0,0.0,'{}'),
	 (44,2368.0,0.0,'{}'),
	 (45,2288.0,0.0,'{}'),
	 (46,1470.0,0.0,'{}'),
	 (47,2182.0,0.0,'{}'),
	 (48,1111.0,0.0,'{}'),
	 (49,487.0,0.0,'{}'),
	 (50,1935.0,0.0,'{}'),
	 (51,2009.0,0.0,'{}'),
	 (52,1130.0,0.0,'{}'),
	 (53,826.0,0.0,'{}'),
	 (54,1937.0,0.0,'{}'),
	 (55,1463.0,0.0,'{}'),
	 (56,948.0,0.0,'{}'),
	 (57,2041.0,0.0,'{}'),
	 (58,2263.0,0.0,'{}'),
	 (59,1594.0,0.0,'{}'),
	 (60,1519.0,0.0,'{}'),
	 (61,972.0,0.0,'{}'),
	 (62,1673.0,0.0,'{}'),
	 (63,1847.0,0.0,'{}'),
	 (64,1594.0,0.0,'{}'),
	 (65,1666.0,0.0,'{}'),
	 (66,679.0,0.0,'{}'),
	 (67,1106.0,0.0,'{}'),
	 (68,2486.0,0.0,'{}'),
	 (69,1368.0,0.0,'{}'),
	 (70,1601.0,0.0,'{}'),
	 (71,2155.0,0.0,'{}'),
	 (72,1051.0,0.0,'{}'),
	 (73,2355.0,0.0,'{}'),
	 (74,1464.0,0.0,'{}'),
	 (75,547.0,0.0,'{}'),
	 (76,870.0,0.0,'{}'),
	 (77,1072.0,0.0,'{}'),
	 (78,2028.0,0.0,'{}'),
	 (79,1919.0,0.0,'{}'),
	 (80,1503.0,0.0,'{}'),
	 (81,1046.0,0.0,'{}'),
	 (82,1177.0,0.0,'{}'),
	 (83,1363.0,0.0,'{}'),
	 (84,600.0,0.0,'{}'),
	 (85,875.0,0.0,'{}'),
	 (86,1727.0,0.0,'{}'),
	 (87,2257.0,0.0,'{}'),
	 (88,417.0,0.0,'{}'),
	 (89,1730.0,0.0,'{}'),
	 (90,2327.0,0.0,'{}'),
	 (91,1284.0,0.0,'{}'),
	 (92,731.0,0.0,'{}'),
	 (93,1937.0,0.0,'{}'),
	 (94,431.0,0.0,'{}'),
	 (95,838.0,0.0,'{}'),
	 (96,475.0,0.0,'{}'),
	 (97,573.0,0.0,'{}'),
	 (98,1185.0,0.0,'{}'),
	 (99,1101.0,0.0,'{}'),
	 (100,2008.0,0.0,'{}'),
	 (101,763.0,0.0,'{}'),
	 (102,2196.0,0.0,'{}'),
	 (103,2243.0,0.0,'{}'),
	 (104,1386.0,0.0,'{}'),
	 (105,2281.0,0.0,'{}'),
	 (106,1357.0,0.0,'{}'),
	 (107,1276.0,0.0,'{}'),
	 (108,1862.0,0.0,'{}'),
	 (109,1790.0,0.0,'{}'),
	 (110,993.0,0.0,'{}'),
	 (111,2376.0,0.0,'{}'),
	 (112,413.0,0.0,'{}'),
	 (113,744.0,0.0,'{}'),
	 (114,491.0,0.0,'{}'),
	 (115,873.0,0.0,'{}'),
	 (116,2295.0,0.0,'{}'),
	 (117,710.0,0.0,'{}'),
	 (118,1646.0,0.0,'{}'),
	 (119,1118.0,0.0,'{}'),
	 (120,2439.0,0.0,'{}'),
	 (121,923.0,0.0,'{}'),
	 (122,1089.0,0.0,'{}'),
	 (123,1155.0,0.0,'{}'),
	 (124,1541.0,0.0,'{}'),
	 (125,717.0,0.0,'{}'),
	 (126,1823.0,0.0,'{}'),
	 (127,1615.0,0.0,'{}'),
	 (128,2323.0,0.0,'{}'),
	 (129,1025.0,0.0,'{}'),
	 (130,471.0,0.0,'{}'),
	 (131,696.0,0.0,'{}'),
	 (132,2388.0,0.0,'{}'),
	 (133,1326.0,0.0,'{}'),
	 (134,2411.0,0.0,'{}'),
	 (135,1140.0,0.0,'{}'),
	 (136,1350.0,0.0,'{}'),
	 (137,1434.0,0.0,'{}'),
	 (138,2478.0,0.0,'{}'),
	 (139,820.0,0.0,'{}'),
	 (140,2019.0,0.0,'{}'),
	 (141,851.0,0.0,'{}'),
	 (142,795.0,0.0,'{}'),
	 (143,1127.0,0.0,'{}'),
	 (144,1137.0,0.0,'{}'),
	 (145,2452.0,0.0,'{}'),
	 (146,1271.0,0.0,'{}'),
	 (147,2488.0,0.0,'{}'),
	 (148,1845.0,0.0,'{}'),
	 (149,2059.0,0.0,'{}'),
	 (150,1044.0,0.0,'{}'),
	 (151,2266.0,0.0,'{}'),
	 (152,1427.0,0.0,'{}'),
	 (153,466.0,0.0,'{}'),
	 (154,1163.0,0.0,'{}'),
	 (155,1485.0,0.0,'{}'),
	 (156,2174.0,0.0,'{}'),
	 (157,1440.0,0.0,'{}'),
	 (158,1102.0,0.0,'{}'),
	 (159,1069.0,0.0,'{}'),
	 (160,857.0,0.0,'{}'),
	 (161,2242.0,0.0,'{}'),
	 (162,1453.0,0.0,'{}'),
	 (163,1236.0,0.0,'{}'),
	 (164,1719.0,0.0,'{}'),
	 (165,696.0,0.0,'{}'),
	 (166,2488.0,0.0,'{}'),
	 (167,1587.0,0.0,'{}'),
	 (168,833.0,0.0,'{}'),
	 (169,1851.0,0.0,'{}'),
	 (170,2023.0,0.0,'{}'),
	 (171,1260.0,0.0,'{}'),
	 (172,733.0,0.0,'{}'),
	 (173,1226.0,0.0,'{}'),
	 (174,1600.0,0.0,'{}'),
	 (175,1988.0,0.0,'{}'),
	 (176,527.0,0.0,'{}'),
	 (177,2463.0,0.0,'{}'),
	 (178,417.0,0.0,'{}'),
	 (179,1590.0,0.0,'{}'),
	 (180,1946.0,0.0,'{}'),
	 (181,1836.0,0.0,'{}'),
	 (182,2271.0,0.0,'{}'),
	 (183,664.0,0.0,'{}'),
	 (184,2482.0,0.0,'{}'),
	 (185,706.0,0.0,'{}'),
	 (186,1770.0,0.0,'{}'),
	 (187,2321.0,0.0,'{}'),
	 (188,562.0,0.0,'{}'),
	 (189,1325.0,0.0,'{}'),
	 (190,1467.0,0.0,'{}'),
	 (191,2410.0,0.0,'{}'),
	 (192,732.0,0.0,'{}'),
	 (193,1809.0,0.0,'{}'),
	 (194,2464.0,0.0,'{}'),
	 (195,2277.0,0.0,'{}'),
	 (196,1898.0,0.0,'{}'),
	 (197,2059.0,0.0,'{}'),
	 (198,1909.0,0.0,'{}'),
	 (199,841.0,0.0,'{}'),
	 (200,2464.0,0.0,'{}'),
	 (201,2184.0,0.0,'{}'),
	 (202,2055.0,0.0,'{}'),
	 (203,2495.0,0.0,'{}'),
	 (204,435.0,0.0,'{}'),
	 (205,2284.0,0.0,'{}'),
	 (206,1932.0,0.0,'{}'),
	 (207,601.0,0.0,'{}'),
	 (208,1367.0,0.0,'{}'),
	 (209,1676.0,0.0,'{}'),
	 (210,1357.0,0.0,'{}'),
	 (211,2211.0,0.0,'{}'),
	 (212,1422.0,0.0,'{}'),
	 (213,2012.0,0.0,'{}'),
	 (214,1623.0,0.0,'{}'),
	 (215,1522.0,0.0,'{}'),
	 (216,2472.0,0.0,'{}'),
	 (217,1188.0,0.0,'{}'),
	 (218,1255.0,0.0,'{}'),
	 (219,1412.0,0.0,'{}'),
	 (220,1426.0,0.0,'{}'),
	 (221,567.0,0.0,'{}'),
	 (222,1424.0,0.0,'{}'),
	 (223,2008.0,0.0,'{}'),
	 (224,784.0,0.0,'{}'),
	 (225,2113.0,0.0,'{}'),
	 (226,927.0,0.0,'{}'),
	 (227,1424.0,0.0,'{}'),
	 (228,1262.0,0.0,'{}'),
	 (229,1824.0,0.0,'{}'),
	 (230,489.0,0.0,'{}'),
	 (231,969.0,0.0,'{}'),
	 (232,954.0,0.0,'{}'),
	 (233,2077.0,0.0,'{}'),
	 (234,1626.0,0.0,'{}'),
	 (235,2262.0,0.0,'{}'),
	 (236,2281.0,0.0,'{}'),
	 (237,2276.0,0.0,'{}'),
	 (238,629.0,0.0,'{}'),
	 (239,597.0,0.0,'{}'),
	 (240,1274.0,0.0,'{}'),
	 (241,1569.0,0.0,'{}'),
	 (242,1353.0,0.0,'{}'),
	 (243,1387.0,0.0,'{}'),
	 (244,2468.0,0.0,'{}');
INSERT INTO public.rental_contract (contract_id,property_id,tenant_oib,check_in,check_out,rent_rate,security_deposit_id,contract_date,contract_document) VALUES
	 (1,101,'45981749427','2022-01-01','2025-01-01',500.0,1,'2022-01-01','TBD'),
	 (2,102,'76252559563','2021-01-01','2024-01-01',900.0,2,'2021-01-01','TBD'),
	 (3,103,'78768608252','2017-01-01','2023-01-01',1200.0,3,'2017-01-01','TBD'),
	 (4,343,'29407120083','2018-02-18','2029-04-04',440.0,4,'2018-02-18','TBD'),
	 (5,323,'15219904623','2022-11-07','2030-10-21',1075.0,5,'2022-11-07','TBD'),
	 (6,201,'04333632621','2019-10-15','2027-03-27',491.0,6,'2019-10-15','TBD'),
	 (7,188,'36444216603','2019-08-26','2023-10-18',1363.0,7,'2019-08-26','TBD'),
	 (8,233,'07416914773','2019-09-12','2029-07-30',1074.0,8,'2019-09-12','TBD'),
	 (9,255,'45595990744','2021-12-14','2026-02-13',620.0,9,'2021-12-14','TBD'),
	 (10,162,'67172406967','2019-09-20','2023-06-03',1514.0,10,'2019-09-20','TBD'),
	 (11,252,'63738388317','2021-04-20','2023-07-15',1478.0,11,'2021-04-20','TBD'),
	 (12,304,'74283445569','2020-01-18','2028-12-17',1352.0,12,'2020-01-18','TBD'),
	 (13,283,'19573669185','2021-11-23','2026-12-15',391.0,13,'2021-11-23','TBD'),
	 (14,206,'57422035392','2021-05-05','2025-06-27',1752.0,14,'2021-05-05','TBD'),
	 (15,222,'13732869745','2018-04-21','2023-09-04',2035.0,15,'2018-04-21','TBD'),
	 (16,215,'27277823923','2017-03-10','2026-12-30',2474.0,16,'2017-03-10','TBD'),
	 (17,343,'68302614911','2021-09-23','2026-08-15',1092.0,17,'2021-09-23','TBD'),
	 (18,269,'27588701919','2019-03-23','2030-06-13',745.0,18,'2019-03-23','TBD'),
	 (19,205,'22738592526','2019-05-01','2023-03-13',1452.0,19,'2019-05-01','TBD'),
	 (20,224,'04325466272','2018-10-25','2023-05-23',1260.0,20,'2018-10-25','TBD'),
	 (21,289,'24808292429','2020-12-13','2024-03-16',2189.0,21,'2020-12-13','TBD'),
	 (22,330,'95510763522','2021-06-06','2029-07-27',1941.0,22,'2021-06-06','TBD'),
	 (23,168,'83830665966','2018-09-06','2029-09-09',1255.0,23,'2018-09-06','TBD'),
	 (24,340,'68759797530','2017-04-07','2026-04-11',1393.0,24,'2017-04-07','TBD'),
	 (25,121,'65774082368','2017-07-27','2026-03-05',2403.0,25,'2017-07-27','TBD'),
	 (26,268,'61578415911','2018-11-12','2024-12-31',591.0,26,'2018-11-12','TBD'),
	 (27,245,'17293122415','2021-10-26','2025-04-05',362.0,27,'2021-10-26','TBD'),
	 (28,170,'07652362012','2022-03-04','2029-09-11',1358.0,28,'2022-03-04','TBD'),
	 (29,278,'97048924298','2017-06-09','2025-07-21',2289.0,29,'2017-06-09','TBD'),
	 (30,232,'74101543775','2020-07-27','2025-02-28',465.0,30,'2020-07-27','TBD'),
	 (31,214,'77805665761','2021-09-30','2028-11-20',1082.0,31,'2021-09-30','TBD'),
	 (32,236,'99590530935','2018-03-20','2028-09-15',621.0,32,'2018-03-20','TBD'),
	 (33,314,'93228463253','2022-06-12','2025-09-23',1244.0,33,'2022-06-12','TBD'),
	 (34,121,'60561973718','2018-04-11','2027-07-28',365.0,34,'2018-04-11','TBD'),
	 (35,293,'56146184565','2018-03-23','2027-04-16',1109.0,35,'2018-03-23','TBD'),
	 (36,325,'36031017693','2020-09-28','2030-10-30',595.0,36,'2020-09-28','TBD'),
	 (37,255,'39948243989','2021-12-25','2024-03-26',2113.0,37,'2021-12-25','TBD'),
	 (38,290,'21179840766','2018-09-06','2027-02-03',1986.0,38,'2018-09-06','TBD'),
	 (39,245,'36766180035','2022-08-28','2026-08-27',551.0,39,'2022-08-28','TBD'),
	 (40,152,'32526377327','2020-05-28','2024-12-22',1044.0,40,'2020-05-28','TBD'),
	 (41,113,'44433814448','2022-03-12','2028-04-07',2368.0,41,'2022-03-12','TBD'),
	 (42,243,'74162507590','2021-07-14','2030-02-20',1508.0,42,'2021-07-14','TBD'),
	 (43,128,'27290399563','2019-07-26','2030-04-10',1106.0,43,'2019-07-26','TBD'),
	 (44,200,'90452779580','2021-10-04','2026-03-15',2476.0,44,'2021-10-04','TBD'),
	 (45,120,'05763406077','2022-09-16','2026-11-30',818.0,45,'2022-09-16','TBD'),
	 (46,215,'58325768198','2018-11-10','2029-04-04',1464.0,46,'2018-11-10','TBD'),
	 (47,340,'52154453813','2020-02-10','2027-06-29',1305.0,47,'2020-02-10','TBD'),
	 (48,336,'43275302437','2020-09-20','2024-08-20',1270.0,48,'2020-09-20','TBD'),
	 (49,177,'57841849760','2019-09-06','2026-12-02',2096.0,49,'2019-09-06','TBD'),
	 (50,312,'71317483605','2022-08-16','2028-03-28',2177.0,50,'2022-08-16','TBD'),
	 (51,188,'04624654070','2017-02-09','2028-11-24',2443.0,51,'2017-02-09','TBD'),
	 (52,272,'45452272216','2021-10-06','2028-09-07',1897.0,52,'2021-10-06','TBD'),
	 (53,112,'05351210345','2022-11-20','2028-04-13',1573.0,53,'2022-11-20','TBD'),
	 (54,220,'60805536877','2022-11-24','2024-03-25',2000.0,54,'2022-11-24','TBD'),
	 (55,160,'32728779843','2019-07-18','2023-12-20',1457.0,55,'2019-07-18','TBD'),
	 (56,316,'49725777955','2017-12-30','2025-05-12',1703.0,56,'2017-12-30','TBD'),
	 (57,272,'86762246474','2021-04-23','2027-12-29',799.0,57,'2021-04-23','TBD'),
	 (58,107,'40398575145','2017-08-12','2023-02-24',1471.0,58,'2017-08-12','TBD'),
	 (59,287,'99939036173','2017-07-25','2026-03-02',373.0,59,'2017-07-25','TBD'),
	 (60,110,'02775683673','2020-12-27','2028-11-20',1472.0,60,'2020-12-27','TBD'),
	 (61,107,'49277578176','2020-11-20','2025-01-20',528.0,61,'2020-11-20','TBD'),
	 (62,329,'06444404464','2020-05-24','2025-02-06',1569.0,62,'2020-05-24','TBD'),
	 (63,318,'26454791667','2019-04-06','2027-02-08',1208.0,63,'2019-04-06','TBD'),
	 (64,136,'19782086235','2018-05-20','2024-01-15',744.0,64,'2018-05-20','TBD'),
	 (65,310,'40073789810','2020-11-20','2025-07-14',1091.0,65,'2020-11-20','TBD'),
	 (66,213,'35204153194','2020-02-02','2025-10-29',2017.0,66,'2020-02-02','TBD'),
	 (67,158,'94121388798','2020-07-08','2026-04-25',1104.0,67,'2020-07-08','TBD'),
	 (68,338,'41829946559','2020-08-15','2030-05-21',490.0,68,'2020-08-15','TBD'),
	 (69,161,'42614348151','2020-02-14','2029-03-13',2198.0,69,'2020-02-14','TBD'),
	 (70,224,'01949600419','2020-06-23','2023-11-05',1493.0,70,'2020-06-23','TBD'),
	 (71,312,'74418647196','2018-02-14','2025-11-04',1712.0,71,'2018-02-14','TBD'),
	 (72,286,'56986690563','2020-01-19','2030-07-13',1543.0,72,'2020-01-19','TBD'),
	 (73,184,'73034626220','2019-06-27','2026-11-17',2139.0,73,'2019-06-27','TBD'),
	 (74,300,'67037340321','2021-11-04','2029-03-21',2010.0,74,'2021-11-04','TBD'),
	 (75,207,'99177744971','2019-07-16','2026-02-15',1300.0,75,'2019-07-16','TBD'),
	 (76,264,'11755878668','2022-05-02','2025-01-25',985.0,76,'2022-05-02','TBD'),
	 (77,293,'26478943613','2018-11-12','2030-04-18',1091.0,77,'2018-11-12','TBD'),
	 (78,305,'68541799920','2019-11-03','2026-07-28',922.0,78,'2019-11-03','TBD'),
	 (79,112,'23270139475','2017-06-22','2030-05-12',637.0,79,'2017-06-22','TBD'),
	 (80,303,'16029422366','2021-08-18','2027-12-02',1722.0,80,'2021-08-18','TBD'),
	 (81,208,'33089666125','2021-09-03','2028-07-05',998.0,81,'2021-09-03','TBD'),
	 (82,323,'70147057134','2018-02-06','2023-09-16',2261.0,82,'2018-02-06','TBD'),
	 (83,118,'90898833270','2019-06-30','2025-11-09',580.0,83,'2019-06-30','TBD'),
	 (84,200,'07111429797','2017-09-24','2028-04-25',1103.0,84,'2017-09-24','TBD'),
	 (85,160,'90517262827','2020-06-18','2027-04-06',2393.0,85,'2020-06-18','TBD'),
	 (86,172,'16308479995','2022-11-26','2023-04-14',2290.0,86,'2022-11-26','TBD'),
	 (87,226,'30401182650','2018-03-31','2023-07-05',1411.0,87,'2018-03-31','TBD'),
	 (88,261,'76096618993','2022-06-20','2024-07-30',1171.0,88,'2022-06-20','TBD'),
	 (89,183,'85783055683','2021-08-25','2026-09-08',1172.0,89,'2021-08-25','TBD'),
	 (90,159,'76242951937','2017-03-24','2025-01-03',479.0,90,'2017-03-24','TBD'),
	 (91,244,'42197299019','2022-05-09','2025-12-02',1127.0,91,'2022-05-09','TBD'),
	 (92,285,'08026207565','2021-05-16','2024-03-02',1241.0,92,'2021-05-16','TBD'),
	 (93,267,'10616030680','2018-02-12','2024-01-03',693.0,93,'2018-02-12','TBD'),
	 (94,342,'67054835453','2018-09-01','2028-10-06',2247.0,94,'2018-09-01','TBD'),
	 (95,228,'24585735711','2022-06-08','2030-12-03',1872.0,95,'2022-06-08','TBD'),
	 (96,111,'94691042498','2018-10-19','2026-04-01',574.0,96,'2018-10-19','TBD'),
	 (97,111,'48252371060','2019-04-11','2026-02-11',2207.0,97,'2019-04-11','TBD'),
	 (98,127,'85920178034','2018-03-09','2029-04-25',1567.0,98,'2018-03-09','TBD'),
	 (99,278,'06288243453','2017-11-14','2023-10-02',2214.0,99,'2017-11-14','TBD'),
	 (100,223,'90302542492','2019-08-16','2024-03-03',841.0,100,'2019-08-16','TBD'),
	 (101,207,'82135792946','2021-04-04','2026-01-09',1353.0,101,'2021-04-04','TBD'),
	 (102,233,'54428795834','2022-05-29','2028-02-08',1380.0,102,'2022-05-29','TBD'),
	 (103,142,'08660482155','2017-08-07','2026-06-09',1994.0,103,'2017-08-07','TBD'),
	 (104,293,'30190505000','2022-02-13','2026-02-26',979.0,104,'2022-02-13','TBD'),
	 (105,270,'58744176459','2021-07-03','2025-06-23',1323.0,105,'2021-07-03','TBD'),
	 (106,330,'63860852297','2019-12-24','2029-05-15',1755.0,106,'2019-12-24','TBD'),
	 (107,321,'41931993436','2019-04-13','2024-11-20',2000.0,107,'2019-04-13','TBD'),
	 (108,117,'17891390027','2018-01-17','2030-01-24',509.0,108,'2018-01-17','TBD'),
	 (109,235,'97122298304','2020-05-11','2029-02-08',1418.0,109,'2020-05-11','TBD'),
	 (110,154,'44010622072','2020-02-16','2029-11-24',2286.0,110,'2020-02-16','TBD'),
	 (111,132,'56611971015','2022-01-19','2026-01-25',1468.0,111,'2022-01-19','TBD'),
	 (112,305,'21052311046','2018-06-21','2024-07-03',1485.0,112,'2018-06-21','TBD'),
	 (113,325,'25063458555','2017-02-20','2023-10-15',735.0,113,'2017-02-20','TBD'),
	 (114,313,'81972445159','2018-11-08','2029-04-01',1739.0,114,'2018-11-08','TBD'),
	 (115,199,'70901217847','2022-03-27','2023-06-18',540.0,115,'2022-03-27','TBD'),
	 (116,262,'90428302372','2019-10-16','2024-06-05',1342.0,116,'2019-10-16','TBD'),
	 (117,317,'64745331398','2017-11-26','2030-03-30',356.0,117,'2017-11-26','TBD'),
	 (118,255,'24112939197','2018-07-13','2029-10-15',598.0,118,'2018-07-13','TBD'),
	 (119,302,'34767637927','2020-11-01','2027-10-12',942.0,119,'2020-11-01','TBD'),
	 (120,165,'91190683409','2020-11-26','2025-05-01',2315.0,120,'2020-11-26','TBD'),
	 (121,194,'02719602317','2018-11-04','2025-05-27',1847.0,121,'2018-11-04','TBD'),
	 (122,150,'94107158984','2020-12-20','2024-10-25',486.0,122,'2020-12-20','TBD'),
	 (123,289,'90475382966','2021-11-21','2026-10-13',1158.0,123,'2021-11-21','TBD'),
	 (124,152,'57972371369','2019-11-23','2027-04-09',919.0,124,'2019-11-23','TBD'),
	 (125,298,'97466751541','2021-01-16','2028-12-04',397.0,125,'2021-01-16','TBD'),
	 (126,108,'36864330440','2019-09-02','2024-10-04',836.0,126,'2019-09-02','TBD'),
	 (127,262,'25967526447','2018-12-07','2029-08-09',1629.0,127,'2018-12-07','TBD'),
	 (128,130,'83707059294','2017-10-26','2029-02-10',2306.0,128,'2017-10-26','TBD'),
	 (129,256,'49221274929','2022-04-29','2029-04-19',368.0,129,'2022-04-29','TBD'),
	 (130,238,'15477088147','2017-09-28','2030-11-17',2456.0,130,'2017-09-28','TBD'),
	 (131,319,'04241748994','2020-01-23','2029-12-14',649.0,131,'2020-01-23','TBD'),
	 (132,319,'85235932409','2017-09-06','2024-01-24',1643.0,132,'2017-09-06','TBD'),
	 (133,295,'08330097331','2018-12-21','2025-11-25',1375.0,133,'2018-12-21','TBD'),
	 (134,288,'18232179766','2020-10-07','2029-04-10',2283.0,134,'2020-10-07','TBD'),
	 (135,137,'37789122020','2017-05-17','2024-12-22',2372.0,135,'2017-05-17','TBD'),
	 (136,164,'40484063342','2022-03-09','2023-06-27',934.0,136,'2022-03-09','TBD'),
	 (137,162,'07164355503','2017-07-02','2028-04-09',988.0,137,'2017-07-02','TBD'),
	 (138,230,'26700706602','2020-04-16','2030-09-13',1258.0,138,'2020-04-16','TBD'),
	 (139,183,'98639599649','2019-02-23','2025-12-03',2007.0,139,'2019-02-23','TBD'),
	 (140,286,'87515494165','2017-06-27','2028-11-22',1521.0,140,'2017-06-27','TBD'),
	 (141,339,'97295700143','2020-08-15','2029-05-24',1652.0,141,'2020-08-15','TBD'),
	 (142,306,'66227891226','2017-03-15','2024-06-10',1157.0,142,'2017-03-15','TBD'),
	 (143,120,'56004918713','2019-02-09','2026-06-22',1281.0,143,'2019-02-09','TBD'),
	 (144,298,'59623862355','2018-07-10','2027-10-15',979.0,144,'2018-07-10','TBD'),
	 (145,319,'99871951799','2018-02-04','2029-12-10',1899.0,145,'2018-02-04','TBD'),
	 (146,220,'94101565360','2020-11-19','2024-06-30',2106.0,146,'2020-11-19','TBD'),
	 (147,276,'41207027454','2021-03-26','2023-06-18',944.0,147,'2021-03-26','TBD'),
	 (148,108,'85464692655','2022-03-08','2025-10-04',854.0,148,'2022-03-08','TBD'),
	 (149,297,'35437124372','2019-05-09','2028-05-21',1620.0,149,'2019-05-09','TBD'),
	 (150,169,'38877006773','2019-08-24','2029-07-29',979.0,150,'2019-08-24','TBD'),
	 (151,251,'68556264953','2017-11-23','2027-01-02',1003.0,151,'2017-11-23','TBD'),
	 (152,134,'90857311888','2017-09-30','2027-04-30',2215.0,152,'2017-09-30','TBD'),
	 (153,290,'27428509258','2020-04-07','2024-08-14',1956.0,153,'2020-04-07','TBD'),
	 (154,341,'06596567766','2019-11-19','2029-06-03',1122.0,154,'2019-11-19','TBD'),
	 (155,120,'59677629522','2017-10-13','2029-10-08',1829.0,155,'2017-10-13','TBD'),
	 (156,244,'31968681386','2017-04-15','2024-04-16',2204.0,156,'2017-04-15','TBD'),
	 (157,164,'43959146190','2017-07-08','2024-05-28',378.0,157,'2017-07-08','TBD'),
	 (158,104,'50706509890','2020-08-16','2030-03-02',971.0,158,'2020-08-16','TBD'),
	 (159,176,'32366227510','2018-01-29','2028-03-25',1468.0,159,'2018-01-29','TBD'),
	 (160,232,'45634399184','2018-11-01','2023-10-19',1124.0,160,'2018-11-01','TBD'),
	 (161,265,'52325178609','2018-01-17','2030-10-06',1368.0,161,'2018-01-17','TBD'),
	 (162,105,'79181008900','2018-06-18','2026-10-11',1245.0,162,'2018-06-18','TBD'),
	 (163,214,'36442296737','2018-08-21','2023-11-07',1280.0,163,'2018-08-21','TBD'),
	 (164,237,'17750235740','2019-08-14','2029-03-25',2424.0,164,'2019-08-14','TBD'),
	 (165,170,'56350100297','2017-01-25','2030-12-12',977.0,165,'2017-01-25','TBD'),
	 (166,253,'58561720673','2021-05-16','2025-01-31',1936.0,166,'2021-05-16','TBD'),
	 (167,224,'88662240085','2022-06-01','2029-08-09',1351.0,167,'2022-06-01','TBD'),
	 (168,329,'57290771292','2019-04-17','2025-07-07',1797.0,168,'2019-04-17','TBD'),
	 (169,219,'97617740826','2018-06-24','2027-05-10',2438.0,169,'2018-06-24','TBD'),
	 (170,249,'34962957879','2017-01-19','2030-12-22',1045.0,170,'2017-01-19','TBD'),
	 (171,211,'77302727228','2019-04-17','2027-02-27',1309.0,171,'2019-04-17','TBD'),
	 (172,157,'37618070620','2020-07-12','2030-07-17',791.0,172,'2020-07-12','TBD'),
	 (173,137,'69847624125','2022-04-20','2026-12-13',1684.0,173,'2022-04-20','TBD'),
	 (174,240,'24382565037','2020-05-08','2029-11-19',1864.0,174,'2020-05-08','TBD'),
	 (175,169,'44002619495','2017-04-13','2026-12-08',1921.0,175,'2017-04-13','TBD'),
	 (176,329,'40133835714','2018-08-22','2024-01-16',954.0,176,'2018-08-22','TBD'),
	 (177,118,'02982057028','2018-11-12','2029-05-06',2308.0,177,'2018-11-12','TBD'),
	 (178,253,'40437914919','2020-05-15','2029-12-29',644.0,178,'2020-05-15','TBD'),
	 (179,175,'34758182762','2018-10-20','2028-04-30',1879.0,179,'2018-10-20','TBD'),
	 (180,202,'41156568538','2017-02-28','2027-07-07',1082.0,180,'2017-02-28','TBD'),
	 (181,150,'86135887896','2021-05-09','2024-05-19',394.0,181,'2021-05-09','TBD'),
	 (182,123,'76121278780','2019-09-01','2026-12-05',2021.0,182,'2019-09-01','TBD'),
	 (183,120,'46541131254','2021-05-21','2023-10-23',2165.0,183,'2021-05-21','TBD'),
	 (184,191,'90986212512','2019-09-07','2030-09-22',2037.0,184,'2019-09-07','TBD'),
	 (185,122,'88846332004','2022-10-06','2026-12-15',1059.0,185,'2022-10-06','TBD'),
	 (186,299,'41360896426','2019-04-25','2025-09-16',1059.0,186,'2019-04-25','TBD'),
	 (187,325,'43088239866','2020-05-01','2030-06-11',797.0,187,'2020-05-01','TBD'),
	 (188,323,'86827146662','2022-01-02','2027-06-25',835.0,188,'2022-01-02','TBD'),
	 (189,164,'43782420429','2019-12-27','2030-07-03',2071.0,189,'2019-12-27','TBD'),
	 (190,170,'43383365979','2017-02-01','2023-10-08',2150.0,190,'2017-02-01','TBD'),
	 (191,312,'59457516978','2021-09-01','2030-01-29',2180.0,191,'2021-09-01','TBD'),
	 (192,270,'25509581163','2019-10-18','2029-02-08',1526.0,192,'2019-10-18','TBD'),
	 (193,190,'75786775057','2019-03-20','2025-07-21',1081.0,193,'2019-03-20','TBD'),
	 (194,267,'28288941285','2017-04-24','2025-03-16',1618.0,194,'2017-04-24','TBD'),
	 (195,307,'47648584903','2022-05-11','2029-02-17',2066.0,195,'2022-05-11','TBD'),
	 (196,194,'36891316580','2019-03-01','2025-09-13',1999.0,196,'2019-03-01','TBD'),
	 (197,239,'15912185387','2021-06-26','2023-09-04',913.0,197,'2021-06-26','TBD'),
	 (198,135,'14926894997','2022-05-29','2028-03-29',1269.0,198,'2022-05-29','TBD'),
	 (199,191,'79666131997','2018-06-15','2027-11-04',1310.0,199,'2018-06-15','TBD'),
	 (200,137,'21496462034','2019-08-23','2027-12-10',983.0,200,'2019-08-23','TBD'),
	 (201,166,'88421826609','2021-05-21','2025-11-22',2031.0,201,'2021-05-21','TBD'),
	 (202,254,'88456395202','2018-12-11','2028-12-12',2379.0,202,'2018-12-11','TBD'),
	 (203,325,'28486727705','2020-09-15','2029-05-28',1649.0,203,'2020-09-15','TBD'),
	 (204,191,'72576476285','2019-04-21','2028-05-30',2181.0,204,'2019-04-21','TBD'),
	 (205,344,'52048115260','2017-05-10','2025-07-01',1200.0,205,'2017-05-10','TBD'),
	 (206,317,'96351415284','2020-04-13','2027-06-18',1421.0,206,'2020-04-13','TBD'),
	 (207,208,'03638123251','2018-05-14','2023-06-17',1582.0,207,'2018-05-14','TBD'),
	 (208,218,'15646987369','2022-11-01','2025-09-26',1083.0,208,'2022-11-01','TBD'),
	 (209,183,'55496898965','2019-08-09','2025-07-26',1500.0,209,'2019-08-09','TBD'),
	 (210,205,'06536295964','2022-01-22','2028-10-22',1912.0,210,'2022-01-22','TBD'),
	 (211,143,'12604986041','2021-05-05','2025-12-12',2012.0,211,'2021-05-05','TBD'),
	 (212,330,'98546535276','2020-01-24','2025-05-30',953.0,212,'2020-01-24','TBD'),
	 (213,334,'01388168193','2018-10-28','2024-12-02',444.0,213,'2018-10-28','TBD'),
	 (214,289,'74078153286','2017-12-02','2023-10-20',1760.0,214,'2017-12-02','TBD'),
	 (215,122,'87415343831','2020-05-26','2030-06-02',1392.0,215,'2020-05-26','TBD'),
	 (216,311,'21099708510','2021-04-18','2026-12-02',2078.0,216,'2021-04-18','TBD'),
	 (217,263,'19613757034','2019-12-30','2026-01-18',2465.0,217,'2019-12-30','TBD'),
	 (218,243,'84300794482','2021-11-15','2024-02-16',531.0,218,'2021-11-15','TBD'),
	 (219,158,'19677801762','2019-10-09','2025-05-11',1958.0,219,'2019-10-09','TBD'),
	 (220,255,'21886903948','2020-09-03','2028-04-26',1971.0,220,'2020-09-03','TBD'),
	 (221,339,'27321725391','2018-01-15','2025-08-22',2128.0,221,'2018-01-15','TBD'),
	 (222,246,'79232639107','2017-05-31','2025-03-16',1315.0,222,'2017-05-31','TBD'),
	 (223,323,'91578208870','2022-03-23','2026-01-04',2235.0,223,'2022-03-23','TBD'),
	 (224,184,'66607105055','2018-05-23','2026-09-02',2475.0,224,'2018-05-23','TBD'),
	 (225,293,'53430106273','2018-04-20','2023-12-23',2050.0,225,'2018-04-20','TBD'),
	 (226,127,'77659664658','2022-06-01','2029-01-19',2133.0,226,'2022-06-01','TBD'),
	 (227,110,'10093166543','2018-04-26','2028-01-27',1237.0,227,'2018-04-26','TBD'),
	 (228,134,'40391561969','2021-12-27','2024-10-29',1393.0,228,'2021-12-27','TBD'),
	 (229,306,'40539901299','2020-11-28','2023-11-02',1091.0,229,'2020-11-28','TBD'),
	 (230,342,'01246557154','2021-01-14','2024-04-25',2232.0,230,'2021-01-14','TBD'),
	 (231,305,'08482203635','2020-01-28','2023-06-14',1872.0,231,'2020-01-28','TBD'),
	 (232,290,'71453964550','2019-05-17','2024-03-08',1455.0,232,'2019-05-17','TBD'),
	 (233,232,'59429996014','2018-12-01','2025-03-27',530.0,233,'2018-12-01','TBD'),
	 (234,305,'14378241921','2022-01-29','2023-06-22',1317.0,234,'2022-01-29','TBD'),
	 (235,343,'46875197557','2018-09-10','2024-09-14',1188.0,235,'2018-09-10','TBD'),
	 (236,131,'89202574200','2019-05-31','2026-06-07',1601.0,236,'2019-05-31','TBD'),
	 (237,322,'53254623876','2021-11-17','2028-07-10',1781.0,237,'2021-11-17','TBD'),
	 (238,284,'64636853454','2019-01-31','2026-05-25',1079.0,238,'2019-01-31','TBD'),
	 (239,147,'91692905343','2019-04-30','2028-04-22',1406.0,239,'2019-04-30','TBD'),
	 (240,193,'66078360916','2019-06-26','2030-06-29',520.0,240,'2019-06-26','TBD'),
	 (241,275,'64465282553','2017-12-12','2025-05-02',2028.0,241,'2017-12-12','TBD'),
	 (242,313,'02066792689','2020-06-01','2027-10-16',965.0,242,'2020-06-01','TBD'),
	 (243,197,'28876631298','2019-05-28','2024-12-29',419.0,243,'2019-05-28','TBD'),
	 (244,291,'88799379792','2020-11-04','2024-10-10',884.0,244,'2020-11-04','TBD');
INSERT INTO public.rent_report (rent_report_id,rental_contract_id,rent_due_date,rent_paid) VALUES
	 (2,2,'2023-01-31','1'),
	 (1,1,'2023-01-31','0'),
	 (6,6,'2023-01-31','0'),
	 (12,12,'2023-01-31','0'),
	 (18,18,'2023-01-31','0'),
	 (24,24,'2023-01-31','0'),
	 (30,30,'2023-01-31','0'),
	 (36,36,'2023-01-31','0'),
	 (42,42,'2023-01-31','0'),
	 (48,48,'2023-01-31','0'),
	 (54,54,'2023-01-31','0'),
	 (60,60,'2023-01-31','0'),
	 (66,66,'2023-01-31','0'),
	 (72,72,'2023-01-31','0'),
	 (78,78,'2023-01-31','0'),
	 (84,84,'2023-01-31','0'),
	 (90,90,'2023-01-31','0'),
	 (96,96,'2023-01-31','0'),
	 (102,102,'2023-01-31','0'),
	 (108,108,'2023-01-31','0'),
	 (114,114,'2023-01-31','0'),
	 (120,120,'2023-01-31','0'),
	 (126,126,'2023-01-31','0'),
	 (132,132,'2023-01-31','0'),
	 (138,138,'2023-01-31','0'),
	 (144,144,'2023-01-31','0'),
	 (150,150,'2023-01-31','0'),
	 (156,156,'2023-01-31','0'),
	 (162,162,'2023-01-31','0'),
	 (168,168,'2023-01-31','0'),
	 (174,174,'2023-01-31','0'),
	 (180,180,'2023-01-31','0'),
	 (186,186,'2023-01-31','0'),
	 (192,192,'2023-01-31','0'),
	 (198,198,'2023-01-31','0'),
	 (204,204,'2023-01-31','0'),
	 (210,210,'2023-01-31','0'),
	 (216,216,'2023-01-31','0'),
	 (222,222,'2023-01-31','0'),
	 (228,228,'2023-01-31','0'),
	 (234,234,'2023-01-31','0'),
	 (240,240,'2023-01-31','0'),
	 (3,3,'2023-01-31','1'),
	 (4,4,'2023-01-31','1'),
	 (5,5,'2023-01-31','1'),
	 (7,7,'2023-01-31','1'),
	 (8,8,'2023-01-31','1'),
	 (9,9,'2023-01-31','1'),
	 (10,10,'2023-01-31','1'),
	 (11,11,'2023-01-31','1'),
	 (13,13,'2023-01-31','1'),
	 (14,14,'2023-01-31','1'),
	 (15,15,'2023-01-31','1'),
	 (16,16,'2023-01-31','1'),
	 (17,17,'2023-01-31','1'),
	 (19,19,'2023-01-31','1'),
	 (20,20,'2023-01-31','1'),
	 (21,21,'2023-01-31','1'),
	 (22,22,'2023-01-31','1'),
	 (23,23,'2023-01-31','1'),
	 (25,25,'2023-01-31','1'),
	 (26,26,'2023-01-31','1'),
	 (27,27,'2023-01-31','1'),
	 (28,28,'2023-01-31','1'),
	 (29,29,'2023-01-31','1'),
	 (31,31,'2023-01-31','1'),
	 (32,32,'2023-01-31','1'),
	 (33,33,'2023-01-31','1'),
	 (34,34,'2023-01-31','1'),
	 (35,35,'2023-01-31','1'),
	 (37,37,'2023-01-31','1'),
	 (38,38,'2023-01-31','1'),
	 (39,39,'2023-01-31','1'),
	 (40,40,'2023-01-31','1'),
	 (41,41,'2023-01-31','1'),
	 (43,43,'2023-01-31','1'),
	 (44,44,'2023-01-31','1'),
	 (45,45,'2023-01-31','1'),
	 (46,46,'2023-01-31','1'),
	 (47,47,'2023-01-31','1'),
	 (49,49,'2023-01-31','1'),
	 (50,50,'2023-01-31','1'),
	 (51,51,'2023-01-31','1'),
	 (52,52,'2023-01-31','1'),
	 (53,53,'2023-01-31','1'),
	 (55,55,'2023-01-31','1'),
	 (56,56,'2023-01-31','1'),
	 (57,57,'2023-01-31','1'),
	 (58,58,'2023-01-31','1'),
	 (59,59,'2023-01-31','1'),
	 (61,61,'2023-01-31','1'),
	 (62,62,'2023-01-31','1'),
	 (63,63,'2023-01-31','1'),
	 (64,64,'2023-01-31','1'),
	 (65,65,'2023-01-31','1'),
	 (67,67,'2023-01-31','1'),
	 (68,68,'2023-01-31','1'),
	 (69,69,'2023-01-31','1'),
	 (70,70,'2023-01-31','1'),
	 (71,71,'2023-01-31','1'),
	 (73,73,'2023-01-31','1'),
	 (74,74,'2023-01-31','1'),
	 (75,75,'2023-01-31','1'),
	 (76,76,'2023-01-31','1'),
	 (77,77,'2023-01-31','1'),
	 (79,79,'2023-01-31','1'),
	 (80,80,'2023-01-31','1'),
	 (81,81,'2023-01-31','1'),
	 (82,82,'2023-01-31','1'),
	 (83,83,'2023-01-31','1'),
	 (85,85,'2023-01-31','1'),
	 (86,86,'2023-01-31','1'),
	 (87,87,'2023-01-31','1'),
	 (88,88,'2023-01-31','1'),
	 (89,89,'2023-01-31','1'),
	 (91,91,'2023-01-31','1'),
	 (92,92,'2023-01-31','1'),
	 (93,93,'2023-01-31','1'),
	 (94,94,'2023-01-31','1'),
	 (95,95,'2023-01-31','1'),
	 (97,97,'2023-01-31','1'),
	 (98,98,'2023-01-31','1'),
	 (99,99,'2023-01-31','1'),
	 (100,100,'2023-01-31','1'),
	 (101,101,'2023-01-31','1'),
	 (103,103,'2023-01-31','1'),
	 (104,104,'2023-01-31','1'),
	 (105,105,'2023-01-31','1'),
	 (106,106,'2023-01-31','1'),
	 (107,107,'2023-01-31','1'),
	 (109,109,'2023-01-31','1'),
	 (110,110,'2023-01-31','1'),
	 (111,111,'2023-01-31','1'),
	 (112,112,'2023-01-31','1'),
	 (113,113,'2023-01-31','1'),
	 (115,115,'2023-01-31','1'),
	 (116,116,'2023-01-31','1'),
	 (117,117,'2023-01-31','1'),
	 (118,118,'2023-01-31','1'),
	 (119,119,'2023-01-31','1'),
	 (121,121,'2023-01-31','1'),
	 (122,122,'2023-01-31','1'),
	 (123,123,'2023-01-31','1'),
	 (124,124,'2023-01-31','1'),
	 (125,125,'2023-01-31','1'),
	 (127,127,'2023-01-31','1'),
	 (128,128,'2023-01-31','1'),
	 (129,129,'2023-01-31','1'),
	 (130,130,'2023-01-31','1'),
	 (131,131,'2023-01-31','1'),
	 (133,133,'2023-01-31','1'),
	 (134,134,'2023-01-31','1'),
	 (135,135,'2023-01-31','1'),
	 (136,136,'2023-01-31','1'),
	 (137,137,'2023-01-31','1'),
	 (139,139,'2023-01-31','1'),
	 (140,140,'2023-01-31','1'),
	 (141,141,'2023-01-31','1'),
	 (142,142,'2023-01-31','1'),
	 (143,143,'2023-01-31','1'),
	 (145,145,'2023-01-31','1'),
	 (146,146,'2023-01-31','1'),
	 (147,147,'2023-01-31','1'),
	 (148,148,'2023-01-31','1'),
	 (149,149,'2023-01-31','1'),
	 (151,151,'2023-01-31','1'),
	 (152,152,'2023-01-31','1'),
	 (153,153,'2023-01-31','1'),
	 (154,154,'2023-01-31','1'),
	 (155,155,'2023-01-31','1'),
	 (157,157,'2023-01-31','1'),
	 (158,158,'2023-01-31','1'),
	 (159,159,'2023-01-31','1'),
	 (160,160,'2023-01-31','1'),
	 (161,161,'2023-01-31','1'),
	 (163,163,'2023-01-31','1'),
	 (164,164,'2023-01-31','1'),
	 (165,165,'2023-01-31','1'),
	 (166,166,'2023-01-31','1'),
	 (167,167,'2023-01-31','1'),
	 (169,169,'2023-01-31','1'),
	 (170,170,'2023-01-31','1'),
	 (171,171,'2023-01-31','1'),
	 (172,172,'2023-01-31','1'),
	 (173,173,'2023-01-31','1'),
	 (175,175,'2023-01-31','1'),
	 (176,176,'2023-01-31','1'),
	 (177,177,'2023-01-31','1'),
	 (178,178,'2023-01-31','1'),
	 (179,179,'2023-01-31','1'),
	 (181,181,'2023-01-31','1'),
	 (182,182,'2023-01-31','1'),
	 (183,183,'2023-01-31','1'),
	 (184,184,'2023-01-31','1'),
	 (185,185,'2023-01-31','1'),
	 (187,187,'2023-01-31','1'),
	 (188,188,'2023-01-31','1'),
	 (189,189,'2023-01-31','1'),
	 (190,190,'2023-01-31','1'),
	 (191,191,'2023-01-31','1'),
	 (193,193,'2023-01-31','1'),
	 (194,194,'2023-01-31','1'),
	 (195,195,'2023-01-31','1'),
	 (196,196,'2023-01-31','1'),
	 (197,197,'2023-01-31','1'),
	 (199,199,'2023-01-31','1'),
	 (200,200,'2023-01-31','1'),
	 (201,201,'2023-01-31','1'),
	 (202,202,'2023-01-31','1'),
	 (203,203,'2023-01-31','1'),
	 (205,205,'2023-01-31','1'),
	 (206,206,'2023-01-31','1'),
	 (207,207,'2023-01-31','1'),
	 (208,208,'2023-01-31','1'),
	 (209,209,'2023-01-31','1'),
	 (211,211,'2023-01-31','1'),
	 (212,212,'2023-01-31','1'),
	 (213,213,'2023-01-31','1'),
	 (214,214,'2023-01-31','1'),
	 (215,215,'2023-01-31','1'),
	 (217,217,'2023-01-31','1'),
	 (218,218,'2023-01-31','1'),
	 (219,219,'2023-01-31','1'),
	 (220,220,'2023-01-31','1'),
	 (221,221,'2023-01-31','1'),
	 (223,223,'2023-01-31','1'),
	 (224,224,'2023-01-31','1'),
	 (225,225,'2023-01-31','1'),
	 (226,226,'2023-01-31','1'),
	 (227,227,'2023-01-31','1'),
	 (229,229,'2023-01-31','1'),
	 (230,230,'2023-01-31','1'),
	 (231,231,'2023-01-31','1'),
	 (232,232,'2023-01-31','1'),
	 (233,233,'2023-01-31','1'),
	 (235,235,'2023-01-31','1'),
	 (236,236,'2023-01-31','1'),
	 (237,237,'2023-01-31','1'),
	 (238,238,'2023-01-31','1'),
	 (239,239,'2023-01-31','1'),
	 (241,241,'2023-01-31','1'),
	 (242,242,'2023-01-31','1'),
	 (243,243,'2023-01-31','1'),
	 (244,244,'2023-01-31','1');
INSERT INTO public.utility_type (utility_type_id,utility_type_name,description) VALUES
	 (3,'Heating',NULL),
	 (2,'Water',NULL),
	 (1,'Electricity',NULL),
	 (4,'Internet',NULL),
	 (5,'Waste disposal',NULL),
	 (6,'TV',NULL);
INSERT INTO public.utilities_report (utilities_report_id,rental_contract_id,utility_type_id,amount_to_pay,utility_due_date,utility_paid) VALUES
	 (12,2,6,15.0,'2023-01-15','1'),
	 (11,2,5,10.0,'2023-01-15','1'),
	 (10,2,4,50.0,'2023-01-15','1'),
	 (9,2,3,40.0,'2023-01-15','1'),
	 (8,2,2,20.0,'2023-01-15','1'),
	 (7,2,1,120.0,'2023-01-15','1'),
	 (6,1,6,15.0,'2023-01-15','0'),
	 (5,1,5,10.0,'2023-01-15','0'),
	 (4,1,4,30.0,'2023-01-15','0'),
	 (1,1,1,60.0,'2023-01-15','0'),
	 (14,24,3,30.0,'2023-01-15','0'),
	 (17,104,3,95.0,'2023-01-15','0'),
	 (19,20,2,182.0,'2023-01-15','0'),
	 (20,4,4,181.0,'2023-01-15','0'),
	 (23,240,1,36.0,'2023-01-15','0'),
	 (24,228,6,23.0,'2023-01-15','0'),
	 (25,224,6,167.0,'2023-01-15','0'),
	 (28,52,1,158.0,'2023-01-15','0'),
	 (30,132,3,111.0,'2023-01-15','0'),
	 (32,48,6,105.0,'2023-01-15','0'),
	 (34,164,1,113.0,'2023-01-15','0'),
	 (35,92,3,16.0,'2023-01-15','0'),
	 (36,160,1,102.0,'2023-01-15','0'),
	 (41,148,3,89.0,'2023-01-15','0'),
	 (48,108,2,89.0,'2023-01-15','0'),
	 (49,44,3,64.0,'2023-01-15','0'),
	 (59,244,1,70.0,'2023-01-15','0'),
	 (63,48,2,184.0,'2023-01-15','0'),
	 (66,8,3,108.0,'2023-01-15','0'),
	 (67,56,3,164.0,'2023-01-15','0'),
	 (68,28,6,136.0,'2023-01-15','0'),
	 (74,36,4,152.0,'2023-01-15','0'),
	 (77,196,6,108.0,'2023-01-15','0'),
	 (79,136,4,141.0,'2023-01-15','0'),
	 (85,16,1,83.0,'2023-01-15','0'),
	 (87,164,2,80.0,'2023-01-15','0'),
	 (88,76,4,131.0,'2023-01-15','0'),
	 (90,60,1,170.0,'2023-01-15','0'),
	 (91,76,5,20.0,'2023-01-15','0'),
	 (94,152,4,152.0,'2023-01-15','0'),
	 (95,100,1,102.0,'2023-01-15','0'),
	 (107,120,4,89.0,'2023-01-15','0'),
	 (108,188,3,142.0,'2023-01-15','0'),
	 (125,164,3,115.0,'2023-01-15','0'),
	 (133,124,2,166.0,'2023-01-15','0'),
	 (135,68,6,163.0,'2023-01-15','0'),
	 (138,52,5,18.0,'2023-01-15','0'),
	 (146,200,6,165.0,'2023-01-15','0'),
	 (148,228,3,45.0,'2023-01-15','0'),
	 (155,184,4,30.0,'2023-01-15','0'),
	 (156,148,6,198.0,'2023-01-15','0'),
	 (162,44,4,50.0,'2023-01-15','0'),
	 (164,44,1,64.0,'2023-01-15','0'),
	 (166,20,2,10.0,'2023-01-15','0'),
	 (167,228,4,161.0,'2023-01-15','0'),
	 (170,156,6,39.0,'2023-01-15','0'),
	 (178,4,1,57.0,'2023-01-15','0'),
	 (179,148,3,157.0,'2023-01-15','0'),
	 (180,16,6,30.0,'2023-01-15','0'),
	 (184,80,2,73.0,'2023-01-15','0'),
	 (186,208,6,117.0,'2023-01-15','0'),
	 (187,92,4,174.0,'2023-01-15','0'),
	 (189,32,5,147.0,'2023-01-15','0'),
	 (190,100,1,122.0,'2023-01-15','0'),
	 (193,160,3,49.0,'2023-01-15','0'),
	 (195,52,6,34.0,'2023-01-15','0'),
	 (196,156,2,11.0,'2023-01-15','0'),
	 (197,52,5,61.0,'2023-01-15','0'),
	 (199,192,2,97.0,'2023-01-15','0'),
	 (201,168,5,112.0,'2023-01-15','0'),
	 (203,8,4,77.0,'2023-01-15','0'),
	 (214,160,4,48.0,'2023-01-15','0'),
	 (216,4,3,117.0,'2023-01-15','0'),
	 (218,36,5,157.0,'2023-01-15','0'),
	 (219,12,3,66.0,'2023-01-15','0'),
	 (224,64,1,23.0,'2023-01-15','0'),
	 (228,84,5,175.0,'2023-01-15','0'),
	 (229,84,4,128.0,'2023-01-15','0'),
	 (235,180,2,44.0,'2023-01-15','0'),
	 (238,52,2,148.0,'2023-01-15','0'),
	 (243,212,3,25.0,'2023-01-15','0'),
	 (245,36,1,94.0,'2023-01-15','0'),
	 (251,120,6,121.0,'2023-01-15','0'),
	 (262,8,5,57.0,'2023-01-15','0'),
	 (265,96,3,106.0,'2023-01-15','0'),
	 (266,12,5,179.0,'2023-01-15','0'),
	 (269,80,5,67.0,'2023-01-15','0'),
	 (272,32,2,45.0,'2023-01-15','0'),
	 (274,244,6,116.0,'2023-01-15','0'),
	 (276,184,2,120.0,'2023-01-15','0'),
	 (277,140,4,30.0,'2023-01-15','0'),
	 (278,188,4,33.0,'2023-01-15','0'),
	 (280,232,5,39.0,'2023-01-15','0'),
	 (282,236,5,129.0,'2023-01-15','0'),
	 (285,40,6,130.0,'2023-01-15','0'),
	 (286,244,6,109.0,'2023-01-15','0'),
	 (287,176,4,32.0,'2023-01-15','0'),
	 (300,164,6,150.0,'2023-01-15','0'),
	 (302,52,1,46.0,'2023-01-15','0'),
	 (316,64,5,84.0,'2023-01-15','0'),
	 (317,240,6,111.0,'2023-01-15','0'),
	 (322,244,6,38.0,'2023-01-15','0'),
	 (325,156,6,123.0,'2023-01-15','0'),
	 (331,220,5,102.0,'2023-01-15','0'),
	 (336,132,5,49.0,'2023-01-15','0'),
	 (340,168,3,167.0,'2023-01-15','0'),
	 (345,128,2,122.0,'2023-01-15','0'),
	 (348,152,5,55.0,'2023-01-15','0'),
	 (356,236,2,164.0,'2023-01-15','0'),
	 (358,56,3,115.0,'2023-01-15','0'),
	 (361,208,5,68.0,'2023-01-15','0'),
	 (363,12,6,104.0,'2023-01-15','0'),
	 (364,116,5,137.0,'2023-01-15','0'),
	 (368,208,4,177.0,'2023-01-15','0'),
	 (375,152,5,79.0,'2023-01-15','0'),
	 (377,56,1,85.0,'2023-01-15','0'),
	 (384,180,4,136.0,'2023-01-15','0'),
	 (388,112,1,58.0,'2023-01-15','0'),
	 (391,40,6,81.0,'2023-01-15','0'),
	 (399,136,2,78.0,'2023-01-15','0'),
	 (407,52,5,115.0,'2023-01-15','0'),
	 (410,164,3,28.0,'2023-01-15','0'),
	 (414,196,3,185.0,'2023-01-15','0'),
	 (415,168,6,67.0,'2023-01-15','0'),
	 (418,44,1,97.0,'2023-01-15','0'),
	 (421,156,2,138.0,'2023-01-15','0'),
	 (422,88,3,151.0,'2023-01-15','0'),
	 (435,196,2,192.0,'2023-01-15','0'),
	 (439,92,1,191.0,'2023-01-15','0'),
	 (443,128,3,163.0,'2023-01-15','0'),
	 (444,40,6,56.0,'2023-01-15','0'),
	 (446,84,5,105.0,'2023-01-15','0'),
	 (448,112,1,141.0,'2023-01-15','0'),
	 (464,240,3,56.0,'2023-01-15','0'),
	 (465,208,4,162.0,'2023-01-15','0'),
	 (467,200,2,61.0,'2023-01-15','0'),
	 (469,188,6,171.0,'2023-01-15','0'),
	 (476,128,5,133.0,'2023-01-15','0'),
	 (480,164,3,76.0,'2023-01-15','0'),
	 (484,64,6,19.0,'2023-01-15','0'),
	 (487,48,2,179.0,'2023-01-15','0'),
	 (490,192,5,67.0,'2023-01-15','0'),
	 (496,140,2,40.0,'2023-01-15','0'),
	 (499,164,6,37.0,'2023-01-15','0'),
	 (501,88,2,152.0,'2023-01-15','0'),
	 (509,12,1,181.0,'2023-01-15','0'),
	 (516,168,6,178.0,'2023-01-15','0'),
	 (519,128,2,149.0,'2023-01-15','0'),
	 (529,144,5,177.0,'2023-01-15','0'),
	 (530,172,1,167.0,'2023-01-15','0'),
	 (532,200,6,12.0,'2023-01-15','0'),
	 (542,60,6,189.0,'2023-01-15','0'),
	 (543,168,1,20.0,'2023-01-15','0'),
	 (544,124,3,49.0,'2023-01-15','0'),
	 (546,84,4,160.0,'2023-01-15','0'),
	 (554,240,1,156.0,'2023-01-15','0'),
	 (556,160,3,15.0,'2023-01-15','0'),
	 (559,216,3,174.0,'2023-01-15','0'),
	 (563,160,1,86.0,'2023-01-15','0'),
	 (565,208,6,27.0,'2023-01-15','0'),
	 (567,140,3,59.0,'2023-01-15','0'),
	 (569,36,6,120.0,'2023-01-15','0'),
	 (573,112,6,199.0,'2023-01-15','0'),
	 (576,124,4,118.0,'2023-01-15','0'),
	 (583,180,1,154.0,'2023-01-15','0'),
	 (584,208,2,48.0,'2023-01-15','0'),
	 (585,4,6,198.0,'2023-01-15','0'),
	 (590,184,3,173.0,'2023-01-15','0'),
	 (597,28,2,168.0,'2023-01-15','0'),
	 (13,226,1,61.0,'2023-01-15','1'),
	 (15,115,3,77.0,'2023-01-15','1'),
	 (16,243,1,164.0,'2023-01-15','1'),
	 (18,5,6,101.0,'2023-01-15','1'),
	 (21,57,5,184.0,'2023-01-15','1'),
	 (22,162,6,105.0,'2023-01-15','1'),
	 (26,229,4,127.0,'2023-01-15','1'),
	 (27,74,6,177.0,'2023-01-15','1'),
	 (29,122,4,166.0,'2023-01-15','1'),
	 (31,90,6,154.0,'2023-01-15','1'),
	 (33,209,5,158.0,'2023-01-15','1'),
	 (37,70,1,27.0,'2023-01-15','1'),
	 (38,6,5,120.0,'2023-01-15','1'),
	 (39,33,1,139.0,'2023-01-15','1'),
	 (40,167,1,133.0,'2023-01-15','1'),
	 (42,77,4,136.0,'2023-01-15','1'),
	 (43,79,5,197.0,'2023-01-15','1'),
	 (44,205,1,199.0,'2023-01-15','1'),
	 (45,83,4,171.0,'2023-01-15','1'),
	 (46,183,6,167.0,'2023-01-15','1'),
	 (47,82,6,119.0,'2023-01-15','1'),
	 (50,202,1,47.0,'2023-01-15','1'),
	 (51,33,2,170.0,'2023-01-15','1'),
	 (52,31,1,133.0,'2023-01-15','1'),
	 (53,91,1,119.0,'2023-01-15','1'),
	 (54,123,2,186.0,'2023-01-15','1'),
	 (55,26,3,83.0,'2023-01-15','1'),
	 (56,179,5,21.0,'2023-01-15','1'),
	 (57,209,3,26.0,'2023-01-15','1'),
	 (58,18,3,45.0,'2023-01-15','1'),
	 (60,93,1,45.0,'2023-01-15','1'),
	 (61,191,3,51.0,'2023-01-15','1'),
	 (62,37,5,135.0,'2023-01-15','1'),
	 (64,61,3,117.0,'2023-01-15','1'),
	 (65,158,5,157.0,'2023-01-15','1'),
	 (69,161,1,139.0,'2023-01-15','1'),
	 (70,82,1,167.0,'2023-01-15','1'),
	 (71,95,6,181.0,'2023-01-15','1'),
	 (72,173,5,187.0,'2023-01-15','1'),
	 (73,179,6,169.0,'2023-01-15','1'),
	 (75,127,4,99.0,'2023-01-15','1'),
	 (76,101,3,11.0,'2023-01-15','1'),
	 (78,93,1,168.0,'2023-01-15','1'),
	 (80,238,3,110.0,'2023-01-15','1'),
	 (81,22,6,132.0,'2023-01-15','1'),
	 (82,163,6,26.0,'2023-01-15','1'),
	 (83,207,6,83.0,'2023-01-15','1'),
	 (84,167,2,30.0,'2023-01-15','1'),
	 (86,49,4,183.0,'2023-01-15','1'),
	 (89,17,1,40.0,'2023-01-15','1'),
	 (92,26,1,98.0,'2023-01-15','1'),
	 (93,93,6,138.0,'2023-01-15','1'),
	 (96,109,2,137.0,'2023-01-15','1'),
	 (97,190,3,23.0,'2023-01-15','1'),
	 (98,39,2,23.0,'2023-01-15','1'),
	 (99,1,5,56.0,'2023-01-15','1'),
	 (100,227,4,72.0,'2023-01-15','1'),
	 (101,134,4,172.0,'2023-01-15','1'),
	 (102,13,3,160.0,'2023-01-15','1'),
	 (103,225,6,113.0,'2023-01-15','1'),
	 (104,58,5,15.0,'2023-01-15','1'),
	 (105,153,1,151.0,'2023-01-15','1'),
	 (106,37,6,140.0,'2023-01-15','1'),
	 (109,241,1,161.0,'2023-01-15','1'),
	 (110,53,1,96.0,'2023-01-15','1'),
	 (111,85,3,62.0,'2023-01-15','1'),
	 (112,218,1,58.0,'2023-01-15','1'),
	 (113,171,3,193.0,'2023-01-15','1'),
	 (114,31,4,152.0,'2023-01-15','1'),
	 (115,11,4,78.0,'2023-01-15','1'),
	 (116,81,4,112.0,'2023-01-15','1'),
	 (117,138,6,58.0,'2023-01-15','1'),
	 (118,223,3,177.0,'2023-01-15','1'),
	 (119,39,5,196.0,'2023-01-15','1'),
	 (120,243,1,36.0,'2023-01-15','1'),
	 (121,22,5,51.0,'2023-01-15','1'),
	 (122,185,6,173.0,'2023-01-15','1'),
	 (123,119,5,80.0,'2023-01-15','1'),
	 (124,177,3,196.0,'2023-01-15','1'),
	 (126,83,5,28.0,'2023-01-15','1'),
	 (127,63,4,187.0,'2023-01-15','1'),
	 (128,49,4,128.0,'2023-01-15','1'),
	 (129,97,3,58.0,'2023-01-15','1'),
	 (130,69,5,11.0,'2023-01-15','1'),
	 (131,201,5,67.0,'2023-01-15','1'),
	 (132,129,1,64.0,'2023-01-15','1'),
	 (134,41,6,133.0,'2023-01-15','1'),
	 (136,81,2,86.0,'2023-01-15','1'),
	 (137,215,5,24.0,'2023-01-15','1'),
	 (139,147,6,88.0,'2023-01-15','1'),
	 (140,147,3,19.0,'2023-01-15','1'),
	 (141,89,2,97.0,'2023-01-15','1'),
	 (142,165,6,199.0,'2023-01-15','1'),
	 (143,65,1,152.0,'2023-01-15','1'),
	 (144,67,5,72.0,'2023-01-15','1'),
	 (145,69,1,94.0,'2023-01-15','1'),
	 (147,209,1,165.0,'2023-01-15','1'),
	 (149,62,4,185.0,'2023-01-15','1'),
	 (150,214,6,194.0,'2023-01-15','1'),
	 (151,189,6,38.0,'2023-01-15','1'),
	 (152,46,5,187.0,'2023-01-15','1'),
	 (153,198,4,131.0,'2023-01-15','1'),
	 (154,159,1,188.0,'2023-01-15','1'),
	 (157,146,5,133.0,'2023-01-15','1'),
	 (158,58,5,194.0,'2023-01-15','1'),
	 (159,67,3,65.0,'2023-01-15','1'),
	 (160,19,3,164.0,'2023-01-15','1'),
	 (161,191,3,65.0,'2023-01-15','1'),
	 (163,126,1,187.0,'2023-01-15','1'),
	 (165,215,2,71.0,'2023-01-15','1'),
	 (168,78,2,140.0,'2023-01-15','1'),
	 (169,45,4,38.0,'2023-01-15','1'),
	 (171,202,5,81.0,'2023-01-15','1'),
	 (172,159,6,44.0,'2023-01-15','1'),
	 (173,219,4,139.0,'2023-01-15','1'),
	 (174,14,1,29.0,'2023-01-15','1'),
	 (175,89,3,169.0,'2023-01-15','1'),
	 (176,158,3,157.0,'2023-01-15','1'),
	 (177,71,2,114.0,'2023-01-15','1'),
	 (181,190,6,194.0,'2023-01-15','1'),
	 (182,222,3,44.0,'2023-01-15','1'),
	 (183,35,2,62.0,'2023-01-15','1'),
	 (185,169,6,126.0,'2023-01-15','1'),
	 (188,149,3,44.0,'2023-01-15','1'),
	 (191,139,5,87.0,'2023-01-15','1'),
	 (192,34,2,120.0,'2023-01-15','1'),
	 (194,122,4,22.0,'2023-01-15','1'),
	 (198,61,5,107.0,'2023-01-15','1'),
	 (200,113,5,111.0,'2023-01-15','1'),
	 (202,227,5,45.0,'2023-01-15','1'),
	 (204,86,2,123.0,'2023-01-15','1'),
	 (205,195,6,105.0,'2023-01-15','1'),
	 (206,14,3,15.0,'2023-01-15','1'),
	 (207,174,3,83.0,'2023-01-15','1'),
	 (208,78,2,103.0,'2023-01-15','1'),
	 (209,218,2,64.0,'2023-01-15','1'),
	 (210,30,3,38.0,'2023-01-15','1'),
	 (211,166,2,31.0,'2023-01-15','1'),
	 (212,129,5,138.0,'2023-01-15','1'),
	 (213,229,2,157.0,'2023-01-15','1'),
	 (215,166,6,156.0,'2023-01-15','1'),
	 (217,105,5,163.0,'2023-01-15','1'),
	 (220,221,1,113.0,'2023-01-15','1'),
	 (221,51,6,94.0,'2023-01-15','1'),
	 (222,117,5,48.0,'2023-01-15','1'),
	 (223,202,2,10.0,'2023-01-15','1'),
	 (225,46,1,31.0,'2023-01-15','1'),
	 (226,177,4,177.0,'2023-01-15','1'),
	 (227,177,6,73.0,'2023-01-15','1'),
	 (230,93,3,94.0,'2023-01-15','1'),
	 (231,57,1,94.0,'2023-01-15','1'),
	 (232,185,3,56.0,'2023-01-15','1'),
	 (233,139,2,144.0,'2023-01-15','1'),
	 (234,137,2,45.0,'2023-01-15','1'),
	 (236,162,6,127.0,'2023-01-15','1'),
	 (237,102,2,141.0,'2023-01-15','1'),
	 (239,141,6,40.0,'2023-01-15','1'),
	 (240,143,1,50.0,'2023-01-15','1'),
	 (241,137,3,37.0,'2023-01-15','1'),
	 (242,154,1,161.0,'2023-01-15','1'),
	 (244,43,1,126.0,'2023-01-15','1'),
	 (246,169,4,142.0,'2023-01-15','1'),
	 (247,2,5,110.0,'2023-01-15','1'),
	 (248,185,6,119.0,'2023-01-15','1'),
	 (249,175,1,39.0,'2023-01-15','1'),
	 (250,22,2,174.0,'2023-01-15','1'),
	 (252,11,1,22.0,'2023-01-15','1'),
	 (253,94,1,150.0,'2023-01-15','1'),
	 (254,131,5,36.0,'2023-01-15','1'),
	 (255,19,2,110.0,'2023-01-15','1'),
	 (256,70,1,42.0,'2023-01-15','1'),
	 (257,113,6,12.0,'2023-01-15','1'),
	 (258,167,4,58.0,'2023-01-15','1'),
	 (259,139,5,97.0,'2023-01-15','1'),
	 (260,157,6,103.0,'2023-01-15','1'),
	 (261,54,5,11.0,'2023-01-15','1'),
	 (263,93,1,42.0,'2023-01-15','1'),
	 (264,234,2,41.0,'2023-01-15','1'),
	 (267,241,3,147.0,'2023-01-15','1'),
	 (268,207,4,192.0,'2023-01-15','1'),
	 (270,149,3,87.0,'2023-01-15','1'),
	 (271,61,5,47.0,'2023-01-15','1'),
	 (273,69,1,13.0,'2023-01-15','1'),
	 (275,207,4,193.0,'2023-01-15','1'),
	 (279,13,3,103.0,'2023-01-15','1'),
	 (281,187,5,177.0,'2023-01-15','1'),
	 (283,79,2,117.0,'2023-01-15','1'),
	 (284,213,5,39.0,'2023-01-15','1'),
	 (288,73,1,108.0,'2023-01-15','1'),
	 (289,19,3,192.0,'2023-01-15','1'),
	 (290,170,1,26.0,'2023-01-15','1'),
	 (291,211,2,189.0,'2023-01-15','1'),
	 (292,167,2,76.0,'2023-01-15','1'),
	 (293,82,6,36.0,'2023-01-15','1'),
	 (294,5,3,162.0,'2023-01-15','1'),
	 (295,234,5,14.0,'2023-01-15','1'),
	 (296,121,4,153.0,'2023-01-15','1'),
	 (297,238,1,137.0,'2023-01-15','1'),
	 (298,9,2,81.0,'2023-01-15','1'),
	 (299,87,3,34.0,'2023-01-15','1'),
	 (301,117,4,52.0,'2023-01-15','1'),
	 (303,70,3,92.0,'2023-01-15','1'),
	 (304,94,4,154.0,'2023-01-15','1'),
	 (305,79,5,32.0,'2023-01-15','1'),
	 (306,121,3,37.0,'2023-01-15','1'),
	 (307,50,4,73.0,'2023-01-15','1'),
	 (308,102,5,177.0,'2023-01-15','1'),
	 (309,138,5,14.0,'2023-01-15','1'),
	 (310,54,2,29.0,'2023-01-15','1'),
	 (311,99,4,155.0,'2023-01-15','1'),
	 (312,141,4,199.0,'2023-01-15','1'),
	 (313,205,5,163.0,'2023-01-15','1'),
	 (314,78,2,142.0,'2023-01-15','1'),
	 (315,223,4,33.0,'2023-01-15','1'),
	 (318,98,3,34.0,'2023-01-15','1'),
	 (319,85,1,69.0,'2023-01-15','1'),
	 (320,41,4,182.0,'2023-01-15','1'),
	 (321,81,1,43.0,'2023-01-15','1'),
	 (323,31,5,10.0,'2023-01-15','1'),
	 (324,83,4,39.0,'2023-01-15','1'),
	 (326,185,4,80.0,'2023-01-15','1'),
	 (327,155,2,35.0,'2023-01-15','1'),
	 (328,141,2,32.0,'2023-01-15','1'),
	 (329,154,1,98.0,'2023-01-15','1'),
	 (330,166,2,47.0,'2023-01-15','1'),
	 (332,127,6,29.0,'2023-01-15','1'),
	 (333,238,6,37.0,'2023-01-15','1'),
	 (334,95,1,126.0,'2023-01-15','1'),
	 (335,91,4,194.0,'2023-01-15','1'),
	 (337,231,4,120.0,'2023-01-15','1'),
	 (338,189,4,116.0,'2023-01-15','1'),
	 (339,15,5,75.0,'2023-01-15','1'),
	 (341,197,3,196.0,'2023-01-15','1'),
	 (342,165,3,108.0,'2023-01-15','1'),
	 (343,121,1,198.0,'2023-01-15','1'),
	 (344,55,5,181.0,'2023-01-15','1'),
	 (346,37,2,41.0,'2023-01-15','1'),
	 (347,63,1,123.0,'2023-01-15','1'),
	 (349,227,1,132.0,'2023-01-15','1'),
	 (350,186,3,36.0,'2023-01-15','1'),
	 (351,79,2,54.0,'2023-01-15','1'),
	 (352,155,4,114.0,'2023-01-15','1'),
	 (353,111,5,142.0,'2023-01-15','1'),
	 (354,54,1,48.0,'2023-01-15','1'),
	 (355,167,5,133.0,'2023-01-15','1'),
	 (357,43,6,64.0,'2023-01-15','1'),
	 (359,181,2,62.0,'2023-01-15','1'),
	 (360,214,5,144.0,'2023-01-15','1'),
	 (362,163,6,135.0,'2023-01-15','1'),
	 (365,97,1,106.0,'2023-01-15','1'),
	 (366,146,6,19.0,'2023-01-15','1'),
	 (367,203,6,13.0,'2023-01-15','1'),
	 (369,166,1,114.0,'2023-01-15','1'),
	 (370,67,6,173.0,'2023-01-15','1'),
	 (371,241,4,85.0,'2023-01-15','1'),
	 (372,219,3,191.0,'2023-01-15','1'),
	 (373,241,1,69.0,'2023-01-15','1'),
	 (374,77,6,166.0,'2023-01-15','1'),
	 (376,13,6,51.0,'2023-01-15','1'),
	 (378,169,1,57.0,'2023-01-15','1'),
	 (379,106,6,159.0,'2023-01-15','1'),
	 (380,27,6,38.0,'2023-01-15','1'),
	 (381,157,5,164.0,'2023-01-15','1'),
	 (382,66,3,200.0,'2023-01-15','1'),
	 (383,135,3,33.0,'2023-01-15','1'),
	 (385,49,4,185.0,'2023-01-15','1'),
	 (386,126,2,18.0,'2023-01-15','1'),
	 (387,82,4,178.0,'2023-01-15','1'),
	 (389,37,2,152.0,'2023-01-15','1'),
	 (390,41,3,110.0,'2023-01-15','1'),
	 (392,2,5,15.0,'2023-01-15','1'),
	 (393,90,3,37.0,'2023-01-15','1'),
	 (394,23,4,51.0,'2023-01-15','1'),
	 (395,179,3,74.0,'2023-01-15','1'),
	 (396,81,3,112.0,'2023-01-15','1'),
	 (397,182,6,111.0,'2023-01-15','1'),
	 (398,65,5,155.0,'2023-01-15','1'),
	 (400,61,1,149.0,'2023-01-15','1'),
	 (401,146,3,46.0,'2023-01-15','1'),
	 (402,71,4,16.0,'2023-01-15','1'),
	 (403,217,2,150.0,'2023-01-15','1'),
	 (404,219,1,171.0,'2023-01-15','1'),
	 (405,163,2,178.0,'2023-01-15','1'),
	 (406,225,5,34.0,'2023-01-15','1'),
	 (408,243,3,163.0,'2023-01-15','1'),
	 (409,149,6,114.0,'2023-01-15','1'),
	 (411,102,1,102.0,'2023-01-15','1'),
	 (412,7,3,54.0,'2023-01-15','1'),
	 (413,74,3,32.0,'2023-01-15','1'),
	 (416,215,4,156.0,'2023-01-15','1'),
	 (417,57,4,112.0,'2023-01-15','1'),
	 (419,94,4,66.0,'2023-01-15','1'),
	 (420,119,5,193.0,'2023-01-15','1'),
	 (423,159,4,15.0,'2023-01-15','1'),
	 (424,3,4,151.0,'2023-01-15','1'),
	 (425,155,3,64.0,'2023-01-15','1'),
	 (426,123,2,83.0,'2023-01-15','1'),
	 (427,191,5,120.0,'2023-01-15','1'),
	 (428,137,3,67.0,'2023-01-15','1'),
	 (429,7,2,165.0,'2023-01-15','1'),
	 (430,229,4,25.0,'2023-01-15','1'),
	 (431,38,5,181.0,'2023-01-15','1'),
	 (432,61,1,155.0,'2023-01-15','1'),
	 (433,138,2,52.0,'2023-01-15','1'),
	 (434,181,2,79.0,'2023-01-15','1'),
	 (436,43,4,14.0,'2023-01-15','1'),
	 (437,223,6,129.0,'2023-01-15','1'),
	 (438,93,5,66.0,'2023-01-15','1'),
	 (440,226,2,158.0,'2023-01-15','1'),
	 (441,231,5,57.0,'2023-01-15','1'),
	 (442,205,6,200.0,'2023-01-15','1'),
	 (445,54,1,196.0,'2023-01-15','1'),
	 (447,194,6,51.0,'2023-01-15','1'),
	 (449,149,5,155.0,'2023-01-15','1'),
	 (450,199,6,30.0,'2023-01-15','1'),
	 (451,109,4,26.0,'2023-01-15','1'),
	 (452,29,5,10.0,'2023-01-15','1'),
	 (453,235,6,108.0,'2023-01-15','1'),
	 (454,54,4,80.0,'2023-01-15','1'),
	 (455,94,5,41.0,'2023-01-15','1'),
	 (456,78,1,190.0,'2023-01-15','1'),
	 (457,111,1,137.0,'2023-01-15','1'),
	 (458,138,1,71.0,'2023-01-15','1'),
	 (459,137,3,100.0,'2023-01-15','1'),
	 (460,58,2,141.0,'2023-01-15','1'),
	 (461,170,5,25.0,'2023-01-15','1'),
	 (462,39,5,107.0,'2023-01-15','1'),
	 (463,238,1,67.0,'2023-01-15','1'),
	 (466,129,1,48.0,'2023-01-15','1'),
	 (468,109,3,126.0,'2023-01-15','1'),
	 (470,129,4,106.0,'2023-01-15','1'),
	 (471,203,5,68.0,'2023-01-15','1'),
	 (472,70,4,149.0,'2023-01-15','1'),
	 (473,159,2,190.0,'2023-01-15','1'),
	 (474,158,3,16.0,'2023-01-15','1'),
	 (475,103,3,21.0,'2023-01-15','1'),
	 (477,67,1,116.0,'2023-01-15','1'),
	 (478,103,3,89.0,'2023-01-15','1'),
	 (479,115,2,190.0,'2023-01-15','1'),
	 (481,194,3,169.0,'2023-01-15','1'),
	 (482,230,1,114.0,'2023-01-15','1'),
	 (483,17,4,135.0,'2023-01-15','1'),
	 (485,58,2,171.0,'2023-01-15','1'),
	 (486,135,1,190.0,'2023-01-15','1'),
	 (488,231,2,41.0,'2023-01-15','1'),
	 (489,218,3,109.0,'2023-01-15','1'),
	 (491,145,6,62.0,'2023-01-15','1'),
	 (492,49,6,170.0,'2023-01-15','1'),
	 (493,126,3,182.0,'2023-01-15','1'),
	 (494,242,3,71.0,'2023-01-15','1'),
	 (495,125,1,38.0,'2023-01-15','1'),
	 (497,1,6,57.0,'2023-01-15','1'),
	 (498,113,3,53.0,'2023-01-15','1'),
	 (500,7,1,46.0,'2023-01-15','1'),
	 (502,189,4,152.0,'2023-01-15','1'),
	 (503,2,1,180.0,'2023-01-15','1'),
	 (504,11,1,71.0,'2023-01-15','1'),
	 (505,139,2,113.0,'2023-01-15','1'),
	 (506,5,3,161.0,'2023-01-15','1'),
	 (507,89,2,55.0,'2023-01-15','1'),
	 (508,13,5,52.0,'2023-01-15','1'),
	 (510,170,4,107.0,'2023-01-15','1'),
	 (511,174,3,10.0,'2023-01-15','1'),
	 (512,141,4,92.0,'2023-01-15','1'),
	 (513,99,5,42.0,'2023-01-15','1'),
	 (514,66,4,76.0,'2023-01-15','1'),
	 (515,226,6,39.0,'2023-01-15','1'),
	 (517,86,4,61.0,'2023-01-15','1'),
	 (518,233,4,88.0,'2023-01-15','1'),
	 (520,207,5,105.0,'2023-01-15','1'),
	 (521,94,2,111.0,'2023-01-15','1'),
	 (522,79,2,106.0,'2023-01-15','1'),
	 (523,27,6,114.0,'2023-01-15','1'),
	 (524,153,4,119.0,'2023-01-15','1'),
	 (525,217,1,143.0,'2023-01-15','1'),
	 (526,17,1,154.0,'2023-01-15','1'),
	 (527,5,3,167.0,'2023-01-15','1'),
	 (528,59,3,56.0,'2023-01-15','1'),
	 (531,163,4,72.0,'2023-01-15','1'),
	 (533,158,4,57.0,'2023-01-15','1'),
	 (534,82,4,129.0,'2023-01-15','1'),
	 (535,170,5,181.0,'2023-01-15','1'),
	 (536,175,1,17.0,'2023-01-15','1'),
	 (537,238,3,119.0,'2023-01-15','1'),
	 (538,165,5,44.0,'2023-01-15','1'),
	 (539,71,1,79.0,'2023-01-15','1'),
	 (540,154,5,195.0,'2023-01-15','1'),
	 (541,177,3,119.0,'2023-01-15','1'),
	 (545,49,5,109.0,'2023-01-15','1'),
	 (547,205,6,127.0,'2023-01-15','1'),
	 (548,62,5,142.0,'2023-01-15','1'),
	 (549,37,6,124.0,'2023-01-15','1'),
	 (550,159,4,149.0,'2023-01-15','1'),
	 (551,69,1,152.0,'2023-01-15','1'),
	 (552,13,4,176.0,'2023-01-15','1'),
	 (553,235,3,42.0,'2023-01-15','1'),
	 (555,90,3,200.0,'2023-01-15','1'),
	 (557,141,6,37.0,'2023-01-15','1'),
	 (558,86,5,124.0,'2023-01-15','1'),
	 (560,83,1,139.0,'2023-01-15','1'),
	 (561,81,1,194.0,'2023-01-15','1'),
	 (562,113,2,113.0,'2023-01-15','1'),
	 (564,150,3,23.0,'2023-01-15','1'),
	 (566,171,6,171.0,'2023-01-15','1'),
	 (568,143,1,108.0,'2023-01-15','1'),
	 (570,2,2,54.0,'2023-01-15','1'),
	 (571,121,4,37.0,'2023-01-15','1'),
	 (572,197,4,77.0,'2023-01-15','1'),
	 (574,154,1,57.0,'2023-01-15','1'),
	 (575,19,6,72.0,'2023-01-15','1'),
	 (577,5,2,188.0,'2023-01-15','1'),
	 (578,102,5,120.0,'2023-01-15','1'),
	 (579,111,5,125.0,'2023-01-15','1'),
	 (580,235,2,194.0,'2023-01-15','1'),
	 (581,42,4,65.0,'2023-01-15','1'),
	 (582,226,1,196.0,'2023-01-15','1'),
	 (586,46,4,103.0,'2023-01-15','1'),
	 (587,3,4,30.0,'2023-01-15','1'),
	 (588,74,6,91.0,'2023-01-15','1'),
	 (589,139,1,198.0,'2023-01-15','1'),
	 (591,7,3,183.0,'2023-01-15','1'),
	 (592,234,3,121.0,'2023-01-15','1'),
	 (593,86,1,78.0,'2023-01-15','1'),
	 (594,199,5,171.0,'2023-01-15','1'),
	 (595,179,2,97.0,'2023-01-15','1'),
	 (596,145,3,189.0,'2023-01-15','1'),
	 (598,210,6,55.0,'2023-01-15','1'),
	 (599,211,6,139.0,'2023-01-15','1'),
	 (600,242,3,135.0,'2023-01-15','1');
INSERT INTO public.maintenance_type (maintenance_type_id,maintenance_type_name,description) VALUES
	 (3,'Woodwork replacement','Broken window, lock replacement, broken door...'),
	 (2,'Boiler service','Servicing the boiler'),
	 (1,'Chimney cleaning','Chimney cleaning services'),
	 (4,'AC service','AC cleaning services'),
	 (5,'Kitchen utensil service','Kitchen utensil servicing');
INSERT INTO public.maintenance_report (maintenance_report_id,maintenance_type_id,maintenance_date) VALUES
	 (8,3,'2022-12-19'),
	 (7,2,'2022-03-03'),
	 (6,1,'2022-11-22'),
	 (5,5,'2022-01-22'),
	 (4,4,'2022-05-09'),
	 (3,3,'2022-02-09'),
	 (2,2,'2022-01-19'),
	 (1,1,'2022-01-09'),
	 (9,4,'2020-12-23'),
	 (10,2,'2022-12-17'),
	 (11,1,'2021-08-17'),
	 (12,3,'2020-05-09'),
	 (13,2,'2017-09-25'),
	 (14,5,'2021-07-06'),
	 (15,5,'2021-10-22'),
	 (16,1,'2019-03-07'),
	 (17,2,'2018-01-01'),
	 (18,2,'2017-10-17'),
	 (19,1,'2018-08-22'),
	 (20,4,'2017-08-11'),
	 (21,2,'2022-09-02'),
	 (22,5,'2017-11-08'),
	 (23,4,'2017-01-28'),
	 (24,2,'2017-02-05'),
	 (25,2,'2022-09-07'),
	 (26,1,'2017-08-23'),
	 (27,4,'2019-06-28'),
	 (28,3,'2018-02-04'),
	 (29,5,'2017-12-16'),
	 (30,5,'2019-07-28'),
	 (31,4,'2018-04-23'),
	 (32,4,'2021-06-29'),
	 (33,5,'2021-01-12'),
	 (34,1,'2019-05-29'),
	 (35,1,'2020-05-11'),
	 (36,1,'2022-08-18'),
	 (37,4,'2020-05-24'),
	 (38,3,'2017-02-13'),
	 (39,3,'2020-07-31'),
	 (40,2,'2020-03-20'),
	 (41,3,'2021-05-26'),
	 (42,3,'2022-11-05'),
	 (43,4,'2019-04-26'),
	 (44,3,'2020-12-23'),
	 (45,3,'2018-03-25'),
	 (46,3,'2020-12-05'),
	 (47,4,'2017-02-18'),
	 (48,2,'2021-06-08'),
	 (49,1,'2017-03-06'),
	 (50,3,'2022-09-18'),
	 (51,1,'2017-08-03'),
	 (52,2,'2018-04-03'),
	 (53,1,'2021-10-06'),
	 (54,2,'2017-04-04'),
	 (55,4,'2022-12-31'),
	 (56,4,'2020-01-12'),
	 (57,1,'2021-11-26'),
	 (58,3,'2022-11-15'),
	 (59,1,'2020-12-19'),
	 (60,5,'2021-06-11'),
	 (61,3,'2019-07-23'),
	 (62,3,'2017-11-11'),
	 (63,1,'2022-01-15'),
	 (64,4,'2018-05-29'),
	 (65,3,'2021-08-26'),
	 (66,2,'2017-02-19'),
	 (67,4,'2022-04-28'),
	 (68,1,'2021-04-30'),
	 (69,4,'2018-02-26'),
	 (70,4,'2022-03-07'),
	 (71,2,'2021-10-14'),
	 (72,4,'2017-11-18'),
	 (73,5,'2020-03-19'),
	 (74,5,'2021-06-03'),
	 (75,2,'2019-03-19'),
	 (76,5,'2022-10-29'),
	 (77,1,'2021-07-15'),
	 (78,1,'2019-02-05'),
	 (79,4,'2021-11-14'),
	 (80,5,'2018-10-03'),
	 (81,2,'2017-07-06'),
	 (82,2,'2021-01-19'),
	 (83,2,'2017-12-02'),
	 (84,2,'2018-03-31'),
	 (85,5,'2018-12-25'),
	 (86,3,'2017-01-20'),
	 (87,4,'2022-09-23'),
	 (88,3,'2020-10-10'),
	 (89,3,'2019-05-30'),
	 (90,3,'2017-04-30'),
	 (91,5,'2017-09-22'),
	 (92,1,'2020-07-09'),
	 (93,3,'2019-02-26'),
	 (94,3,'2022-02-19'),
	 (95,4,'2017-08-30'),
	 (96,1,'2020-07-15'),
	 (97,3,'2017-10-22'),
	 (98,5,'2017-11-28'),
	 (99,5,'2022-04-29'),
	 (100,2,'2018-02-04'),
	 (101,5,'2021-08-09'),
	 (102,4,'2018-10-21'),
	 (103,3,'2020-04-13'),
	 (104,2,'2017-12-31'),
	 (105,1,'2017-12-05'),
	 (106,3,'2022-09-16'),
	 (107,3,'2021-01-14'),
	 (108,2,'2017-05-06'),
	 (109,1,'2021-01-17'),
	 (110,4,'2017-03-04'),
	 (111,3,'2021-06-30'),
	 (112,5,'2019-10-23'),
	 (113,5,'2018-01-02'),
	 (114,2,'2019-03-19'),
	 (115,3,'2020-12-07'),
	 (116,1,'2021-07-03'),
	 (117,1,'2022-12-10'),
	 (118,4,'2020-10-17'),
	 (119,5,'2022-06-05'),
	 (120,1,'2021-08-07'),
	 (121,4,'2017-05-29'),
	 (122,1,'2018-07-19'),
	 (123,3,'2018-12-03'),
	 (124,2,'2017-10-30'),
	 (125,4,'2021-06-15'),
	 (126,2,'2018-04-08'),
	 (127,2,'2021-09-23'),
	 (128,2,'2021-01-28'),
	 (129,1,'2020-10-04'),
	 (130,1,'2021-09-03'),
	 (131,2,'2022-01-08'),
	 (132,2,'2020-08-17'),
	 (133,1,'2019-10-09'),
	 (134,2,'2020-10-11'),
	 (135,5,'2020-02-24'),
	 (136,3,'2021-09-15'),
	 (137,5,'2017-10-09'),
	 (138,1,'2022-12-03'),
	 (139,2,'2017-04-27'),
	 (140,3,'2019-04-11'),
	 (141,1,'2019-01-06'),
	 (142,2,'2022-05-21'),
	 (143,3,'2022-09-24'),
	 (144,4,'2019-03-28'),
	 (145,1,'2018-11-01'),
	 (146,1,'2020-12-01'),
	 (147,2,'2019-07-08'),
	 (148,1,'2022-12-10'),
	 (149,1,'2018-03-16'),
	 (150,3,'2019-02-28'),
	 (151,1,'2020-08-06'),
	 (152,4,'2020-01-05'),
	 (153,5,'2018-06-26'),
	 (154,5,'2017-09-23'),
	 (155,4,'2017-09-08'),
	 (156,4,'2020-01-23'),
	 (157,1,'2022-11-18'),
	 (158,2,'2019-06-16'),
	 (159,3,'2019-07-18'),
	 (160,5,'2022-08-30'),
	 (161,1,'2017-12-25'),
	 (162,1,'2022-12-17'),
	 (163,2,'2019-08-02'),
	 (164,5,'2022-05-16'),
	 (165,3,'2018-02-24'),
	 (166,2,'2017-11-13'),
	 (167,5,'2017-01-14'),
	 (168,3,'2020-03-24'),
	 (169,2,'2022-01-24'),
	 (170,5,'2022-03-24'),
	 (171,2,'2020-09-24'),
	 (172,5,'2017-01-07'),
	 (173,3,'2020-06-23'),
	 (174,3,'2020-02-25'),
	 (175,1,'2019-08-02'),
	 (176,2,'2018-01-08'),
	 (177,3,'2018-10-26'),
	 (178,5,'2022-09-07'),
	 (179,1,'2021-12-29'),
	 (180,4,'2017-07-16'),
	 (181,5,'2021-10-01'),
	 (182,1,'2021-10-14'),
	 (183,2,'2019-11-16'),
	 (184,3,'2018-08-08'),
	 (185,1,'2018-01-29'),
	 (186,3,'2019-01-04'),
	 (187,2,'2019-02-22'),
	 (188,2,'2019-01-16'),
	 (189,4,'2020-02-03'),
	 (190,2,'2017-02-02'),
	 (191,3,'2021-10-28'),
	 (192,4,'2021-04-26'),
	 (193,3,'2020-05-19'),
	 (194,3,'2017-08-28'),
	 (195,2,'2018-04-17'),
	 (196,5,'2019-01-21'),
	 (197,1,'2019-10-21'),
	 (198,4,'2017-05-11'),
	 (199,2,'2018-02-01'),
	 (200,4,'2017-12-20'),
	 (201,1,'2020-11-17'),
	 (202,4,'2022-04-16'),
	 (203,5,'2017-11-16'),
	 (204,1,'2018-12-24'),
	 (205,2,'2021-06-05'),
	 (206,1,'2020-07-30'),
	 (207,2,'2022-07-15'),
	 (208,3,'2021-05-02'),
	 (209,5,'2021-02-22'),
	 (210,2,'2022-08-31'),
	 (211,1,'2018-03-30'),
	 (212,2,'2017-03-14'),
	 (213,1,'2020-06-17'),
	 (214,4,'2019-01-03'),
	 (215,5,'2017-11-30'),
	 (216,1,'2019-03-13'),
	 (217,5,'2020-02-02'),
	 (218,4,'2017-12-26'),
	 (219,4,'2021-04-18'),
	 (220,5,'2022-02-21'),
	 (221,1,'2021-09-21'),
	 (222,3,'2020-12-30'),
	 (223,4,'2017-02-19'),
	 (224,1,'2021-12-22'),
	 (225,3,'2017-05-27'),
	 (226,4,'2022-05-31'),
	 (227,2,'2019-08-22'),
	 (228,1,'2019-10-27'),
	 (229,1,'2018-11-10'),
	 (230,1,'2017-07-13'),
	 (231,2,'2021-03-21'),
	 (232,5,'2018-06-17'),
	 (233,4,'2021-08-07'),
	 (234,2,'2021-01-10'),
	 (235,3,'2019-08-29'),
	 (236,1,'2022-06-17'),
	 (237,1,'2020-11-28'),
	 (238,2,'2017-11-24'),
	 (239,1,'2020-03-04'),
	 (240,1,'2020-07-01'),
	 (241,2,'2019-06-22'),
	 (242,4,'2020-10-23'),
	 (243,3,'2020-11-23'),
	 (244,3,'2020-06-04'),
	 (245,1,'2021-11-05'),
	 (246,2,'2021-08-17'),
	 (247,3,'2017-11-10'),
	 (248,5,'2018-05-17'),
	 (249,3,'2022-09-29'),
	 (250,1,'2022-02-05'),
	 (251,1,'2021-12-19'),
	 (252,2,'2018-10-27'),
	 (253,1,'2019-01-24'),
	 (254,3,'2018-12-12'),
	 (255,4,'2019-03-31'),
	 (256,4,'2022-11-18'),
	 (257,1,'2022-02-25'),
	 (258,5,'2018-11-26'),
	 (259,3,'2018-07-30'),
	 (260,4,'2022-01-06'),
	 (261,4,'2017-12-10'),
	 (262,2,'2019-09-19'),
	 (263,2,'2019-06-23'),
	 (264,4,'2020-08-13'),
	 (265,5,'2018-06-13'),
	 (266,2,'2022-10-14'),
	 (267,4,'2018-08-07'),
	 (268,4,'2022-06-08'),
	 (269,1,'2022-05-07'),
	 (270,4,'2018-06-15'),
	 (271,1,'2021-04-14'),
	 (272,3,'2019-03-12'),
	 (273,3,'2020-10-23'),
	 (274,4,'2017-10-19'),
	 (275,4,'2019-09-02'),
	 (276,2,'2017-11-30'),
	 (277,1,'2017-02-07'),
	 (278,1,'2019-09-17'),
	 (279,5,'2017-02-17'),
	 (280,2,'2018-10-10'),
	 (281,1,'2021-07-22'),
	 (282,3,'2018-04-07'),
	 (283,3,'2020-01-29'),
	 (284,1,'2019-10-06'),
	 (285,5,'2018-07-25'),
	 (286,5,'2019-05-27'),
	 (287,5,'2022-05-25'),
	 (288,1,'2019-08-27'),
	 (289,3,'2018-10-14'),
	 (290,5,'2019-10-12'),
	 (291,1,'2017-04-22'),
	 (292,2,'2019-01-04'),
	 (293,4,'2022-04-27'),
	 (294,3,'2021-02-27'),
	 (295,2,'2019-07-24'),
	 (296,5,'2022-10-03'),
	 (297,3,'2018-05-04'),
	 (298,4,'2017-04-12'),
	 (299,3,'2018-12-24'),
	 (300,4,'2022-01-23'),
	 (301,4,'2020-01-11'),
	 (302,4,'2018-06-05'),
	 (303,4,'2019-01-11'),
	 (304,4,'2021-04-16'),
	 (305,1,'2017-10-24'),
	 (306,3,'2019-10-10'),
	 (307,5,'2021-01-03'),
	 (308,2,'2018-04-07'),
	 (309,5,'2022-04-11'),
	 (310,3,'2018-05-01'),
	 (311,4,'2022-10-12'),
	 (312,5,'2019-06-12'),
	 (313,5,'2018-10-09'),
	 (314,1,'2022-10-20'),
	 (315,3,'2017-06-17'),
	 (316,2,'2022-09-04'),
	 (317,5,'2022-08-22'),
	 (318,2,'2022-09-17'),
	 (319,4,'2019-01-21'),
	 (320,1,'2022-01-18'),
	 (321,3,'2017-05-22'),
	 (322,3,'2021-12-12'),
	 (323,1,'2020-08-25'),
	 (324,2,'2019-07-28'),
	 (325,3,'2018-02-23'),
	 (326,4,'2019-04-11'),
	 (327,5,'2019-11-16'),
	 (328,5,'2022-08-27'),
	 (329,2,'2021-03-28'),
	 (330,4,'2019-11-30'),
	 (331,4,'2022-07-30'),
	 (332,2,'2022-10-28'),
	 (333,3,'2017-09-25'),
	 (334,1,'2018-01-25'),
	 (335,4,'2021-09-29'),
	 (336,3,'2020-02-18'),
	 (337,4,'2022-03-28'),
	 (338,4,'2021-10-14'),
	 (339,5,'2018-12-13'),
	 (340,2,'2021-10-15'),
	 (341,1,'2021-05-23'),
	 (342,3,'2021-02-17'),
	 (343,2,'2020-05-17'),
	 (344,1,'2017-06-15'),
	 (345,2,'2019-12-31'),
	 (346,2,'2020-11-11'),
	 (347,2,'2017-03-28'),
	 (348,3,'2022-07-08'),
	 (349,1,'2020-09-12'),
	 (350,1,'2019-11-19'),
	 (351,1,'2017-02-12'),
	 (352,2,'2018-08-17'),
	 (353,5,'2021-03-23'),
	 (354,3,'2019-12-07'),
	 (355,2,'2021-09-04'),
	 (356,1,'2021-01-30'),
	 (357,4,'2020-10-10'),
	 (358,3,'2022-06-17'),
	 (359,1,'2020-02-23'),
	 (360,2,'2021-07-16'),
	 (361,4,'2022-11-25'),
	 (362,5,'2021-05-10'),
	 (363,5,'2020-01-11'),
	 (364,1,'2019-05-14'),
	 (365,4,'2018-10-03'),
	 (366,2,'2022-12-15'),
	 (367,2,'2018-09-18'),
	 (368,5,'2017-09-15'),
	 (369,3,'2018-01-22'),
	 (370,1,'2020-04-30'),
	 (371,3,'2017-06-10'),
	 (372,1,'2017-11-08'),
	 (373,2,'2020-10-06'),
	 (374,3,'2020-04-07'),
	 (375,5,'2017-08-28'),
	 (376,1,'2019-04-04'),
	 (377,1,'2018-07-28'),
	 (378,1,'2020-03-12'),
	 (379,5,'2022-07-28'),
	 (380,2,'2020-04-13'),
	 (381,3,'2019-01-14'),
	 (382,2,'2020-05-10'),
	 (383,5,'2018-12-15'),
	 (384,2,'2018-05-11'),
	 (385,4,'2019-10-18'),
	 (386,3,'2020-12-14'),
	 (387,2,'2018-08-08'),
	 (388,1,'2020-10-19'),
	 (389,5,'2019-05-24'),
	 (390,3,'2017-08-31'),
	 (391,4,'2022-05-10'),
	 (392,2,'2022-10-11'),
	 (393,4,'2018-08-23'),
	 (394,3,'2020-05-30'),
	 (395,4,'2021-11-21'),
	 (396,2,'2017-01-13'),
	 (397,3,'2018-02-08'),
	 (398,2,'2018-01-05'),
	 (399,2,'2021-09-13'),
	 (400,1,'2020-01-16'),
	 (401,1,'2019-02-25'),
	 (402,3,'2022-07-14'),
	 (403,1,'2021-06-17'),
	 (404,1,'2017-05-16'),
	 (405,3,'2019-06-12'),
	 (406,5,'2022-04-07'),
	 (407,5,'2020-11-10'),
	 (408,3,'2017-12-17'),
	 (409,4,'2019-04-11'),
	 (410,2,'2019-06-03'),
	 (411,1,'2019-07-07'),
	 (412,3,'2017-07-31'),
	 (413,4,'2022-11-20'),
	 (414,5,'2022-11-11'),
	 (415,5,'2019-07-03'),
	 (416,3,'2019-07-18'),
	 (417,1,'2019-05-28'),
	 (418,4,'2018-09-02'),
	 (419,3,'2022-07-27'),
	 (420,2,'2020-10-19'),
	 (421,5,'2021-05-10'),
	 (422,2,'2020-11-29'),
	 (423,1,'2021-04-24'),
	 (424,5,'2017-05-25'),
	 (425,2,'2020-12-21'),
	 (426,2,'2017-08-30'),
	 (427,3,'2022-03-18'),
	 (428,4,'2017-05-09'),
	 (429,4,'2021-05-17'),
	 (430,4,'2017-08-15'),
	 (431,3,'2018-02-25'),
	 (432,5,'2017-07-23'),
	 (433,5,'2021-06-29'),
	 (434,5,'2019-07-13'),
	 (435,2,'2018-02-18'),
	 (436,1,'2019-07-04'),
	 (437,1,'2021-11-24'),
	 (438,4,'2018-08-01'),
	 (439,4,'2021-11-30'),
	 (440,4,'2020-07-13'),
	 (441,3,'2017-02-03'),
	 (442,5,'2017-08-22'),
	 (443,2,'2018-07-11'),
	 (444,3,'2022-12-22'),
	 (445,3,'2021-02-24'),
	 (446,2,'2021-10-11'),
	 (447,3,'2022-11-22'),
	 (448,4,'2018-10-13'),
	 (449,4,'2017-11-29'),
	 (450,1,'2019-05-07'),
	 (451,2,'2020-08-19'),
	 (452,4,'2022-06-08'),
	 (453,4,'2018-06-12'),
	 (454,1,'2017-11-26'),
	 (455,1,'2021-09-08'),
	 (456,5,'2021-03-29'),
	 (457,3,'2018-03-22'),
	 (458,1,'2021-01-24'),
	 (459,5,'2019-05-27'),
	 (460,2,'2018-10-13'),
	 (461,3,'2017-01-20'),
	 (462,2,'2020-07-04'),
	 (463,4,'2019-08-02'),
	 (464,5,'2018-08-27'),
	 (465,4,'2018-04-08'),
	 (466,1,'2018-12-16'),
	 (467,4,'2019-02-02'),
	 (468,4,'2020-05-11'),
	 (469,3,'2021-09-24'),
	 (470,5,'2022-12-30'),
	 (471,2,'2020-08-24'),
	 (472,2,'2017-10-27'),
	 (473,5,'2019-10-04'),
	 (474,4,'2019-01-14'),
	 (475,4,'2020-09-16'),
	 (476,1,'2020-09-18'),
	 (477,5,'2019-05-22'),
	 (478,3,'2021-05-04'),
	 (479,3,'2019-03-31'),
	 (480,5,'2022-03-13'),
	 (481,4,'2017-10-09'),
	 (482,4,'2020-06-06'),
	 (483,5,'2022-06-11'),
	 (484,4,'2019-01-12'),
	 (485,3,'2019-12-28'),
	 (486,4,'2018-09-19'),
	 (487,1,'2022-02-11'),
	 (488,4,'2020-08-04'),
	 (489,4,'2020-11-04'),
	 (490,3,'2019-11-23'),
	 (491,4,'2018-04-14'),
	 (492,5,'2017-11-01'),
	 (493,5,'2022-03-08'),
	 (494,2,'2020-02-18'),
	 (495,2,'2020-06-24'),
	 (496,2,'2019-08-02'),
	 (497,1,'2021-01-21'),
	 (498,3,'2022-11-15'),
	 (499,5,'2021-09-15'),
	 (500,2,'2019-03-13'),
	 (501,3,'2019-09-10'),
	 (502,4,'2019-07-14'),
	 (503,1,'2020-01-19'),
	 (504,5,'2017-11-30'),
	 (505,5,'2021-09-13'),
	 (506,5,'2019-10-24'),
	 (507,4,'2019-09-06'),
	 (508,1,'2022-05-29');
INSERT INTO public.maintenance_report_property (maintenance_report_id,property_id) VALUES
	 (8,4),
	 (7,3),
	 (6,2),
	 (5,1),
	 (4,4),
	 (3,3),
	 (2,2),
	 (1,1),
	 (8,3),
	 (441,157),
	 (345,210),
	 (475,473),
	 (94,317),
	 (253,180),
	 (347,399),
	 (149,360),
	 (493,104),
	 (332,222),
	 (292,387),
	 (234,333),
	 (150,433),
	 (227,88),
	 (321,270),
	 (445,238),
	 (370,12),
	 (378,345),
	 (87,203),
	 (70,122),
	 (377,33),
	 (455,419),
	 (245,11),
	 (447,56),
	 (325,126),
	 (381,294),
	 (159,112),
	 (146,77),
	 (481,104),
	 (9,400),
	 (494,380),
	 (165,322),
	 (387,17),
	 (320,333),
	 (31,300),
	 (281,283),
	 (34,208),
	 (356,259),
	 (449,306),
	 (95,144),
	 (505,173),
	 (270,194),
	 (402,146),
	 (82,255),
	 (370,299),
	 (379,481),
	 (197,167),
	 (136,484),
	 (373,128),
	 (43,230),
	 (194,108),
	 (22,24),
	 (353,95),
	 (266,446),
	 (263,382),
	 (134,168),
	 (8,365),
	 (413,313),
	 (119,466),
	 (434,237),
	 (439,64),
	 (479,232),
	 (435,290),
	 (91,366),
	 (75,360),
	 (399,316),
	 (270,363),
	 (458,389),
	 (153,247),
	 (351,304),
	 (389,134),
	 (505,475),
	 (171,208),
	 (486,325),
	 (264,319),
	 (378,395),
	 (201,305),
	 (303,134),
	 (137,290),
	 (93,61),
	 (3,391),
	 (382,395),
	 (501,314),
	 (408,145),
	 (424,20),
	 (168,368),
	 (127,126),
	 (360,300),
	 (65,488),
	 (65,222),
	 (318,263),
	 (111,254),
	 (498,490),
	 (121,456),
	 (69,319),
	 (262,358),
	 (158,288),
	 (307,485),
	 (260,102),
	 (494,352),
	 (311,334),
	 (417,245),
	 (158,7),
	 (278,79),
	 (459,493),
	 (69,144),
	 (231,368),
	 (248,240),
	 (289,125),
	 (415,493),
	 (199,438),
	 (77,101),
	 (261,304),
	 (219,335),
	 (327,363),
	 (46,461),
	 (7,211),
	 (423,473),
	 (359,363),
	 (100,484),
	 (226,49),
	 (9,74),
	 (257,119),
	 (135,285),
	 (45,66),
	 (209,136),
	 (194,484),
	 (161,362),
	 (264,311),
	 (496,349),
	 (292,433),
	 (258,91),
	 (460,106),
	 (138,22),
	 (462,267),
	 (393,417),
	 (25,417),
	 (281,154),
	 (441,11),
	 (351,143),
	 (176,426),
	 (298,260),
	 (162,409),
	 (279,23),
	 (53,57),
	 (222,46),
	 (384,249),
	 (205,286),
	 (295,418),
	 (120,152),
	 (489,118),
	 (338,277),
	 (179,286),
	 (111,271),
	 (216,12),
	 (438,254),
	 (475,345),
	 (181,356),
	 (147,490),
	 (435,45),
	 (334,120),
	 (473,399),
	 (50,344),
	 (44,276),
	 (222,486),
	 (367,17),
	 (395,197),
	 (163,62),
	 (100,20),
	 (86,371),
	 (308,8),
	 (311,50),
	 (124,460),
	 (76,35),
	 (72,342),
	 (145,295),
	 (502,81),
	 (327,362),
	 (152,427),
	 (232,329),
	 (248,332),
	 (54,223),
	 (148,416),
	 (371,271),
	 (191,123),
	 (265,132),
	 (418,59),
	 (242,324),
	 (317,417),
	 (284,89),
	 (277,18),
	 (209,373),
	 (354,70),
	 (19,311),
	 (381,296),
	 (415,169),
	 (292,255),
	 (133,466),
	 (458,88),
	 (407,204),
	 (101,302),
	 (349,448),
	 (86,19),
	 (392,436),
	 (345,492),
	 (54,230),
	 (154,146),
	 (59,232),
	 (130,180),
	 (380,84),
	 (408,58),
	 (404,389),
	 (215,96),
	 (348,159),
	 (431,268),
	 (382,228),
	 (21,80),
	 (494,465),
	 (172,255),
	 (296,334),
	 (184,82),
	 (481,376),
	 (248,181),
	 (17,147),
	 (200,397),
	 (348,272),
	 (214,319),
	 (308,50),
	 (412,449),
	 (244,487),
	 (175,230),
	 (16,76),
	 (123,324),
	 (213,79),
	 (160,93),
	 (63,372),
	 (394,44),
	 (407,321),
	 (83,24),
	 (151,38),
	 (78,199),
	 (468,30),
	 (433,107),
	 (18,202),
	 (279,437),
	 (65,218),
	 (15,299),
	 (166,448),
	 (65,398),
	 (262,415),
	 (478,438),
	 (496,111),
	 (343,465),
	 (391,173),
	 (427,476),
	 (473,384),
	 (310,208),
	 (422,470),
	 (274,486),
	 (149,23),
	 (313,14),
	 (306,218),
	 (26,344),
	 (365,92),
	 (382,445),
	 (264,182),
	 (266,231),
	 (65,137),
	 (214,351),
	 (191,453),
	 (222,345),
	 (285,294),
	 (483,179),
	 (420,307),
	 (391,191),
	 (186,77),
	 (259,240),
	 (113,457),
	 (144,271),
	 (84,488),
	 (112,296),
	 (300,468),
	 (225,285),
	 (127,79),
	 (146,280),
	 (269,413),
	 (308,191),
	 (304,457),
	 (233,11),
	 (246,346),
	 (440,55),
	 (207,189),
	 (271,188),
	 (432,27),
	 (122,106),
	 (502,436),
	 (275,197),
	 (353,419),
	 (53,308),
	 (75,192),
	 (54,336),
	 (168,108),
	 (432,266),
	 (276,70),
	 (448,152),
	 (236,138),
	 (30,235),
	 (61,63),
	 (95,111),
	 (210,39),
	 (367,106),
	 (463,46),
	 (292,324),
	 (148,110),
	 (348,375),
	 (416,418),
	 (440,56),
	 (300,98),
	 (393,103),
	 (267,495),
	 (423,358),
	 (83,466),
	 (376,356),
	 (417,41),
	 (139,288),
	 (334,440),
	 (104,44),
	 (335,447),
	 (389,127),
	 (323,103),
	 (123,166),
	 (228,67),
	 (245,311),
	 (207,474),
	 (447,461),
	 (176,490),
	 (352,208),
	 (122,7),
	 (22,482),
	 (174,426),
	 (422,113),
	 (479,58),
	 (50,461),
	 (324,391),
	 (226,343),
	 (217,263),
	 (287,164),
	 (385,252),
	 (138,23),
	 (233,63),
	 (157,429),
	 (99,173),
	 (118,333),
	 (100,393),
	 (427,327),
	 (437,394),
	 (460,386),
	 (189,17),
	 (197,172),
	 (15,276),
	 (502,309),
	 (260,98),
	 (257,408),
	 (217,186),
	 (333,366),
	 (372,8),
	 (262,116),
	 (280,478),
	 (13,299),
	 (445,216),
	 (374,420),
	 (481,391),
	 (423,316),
	 (315,391),
	 (485,366),
	 (59,461),
	 (5,450),
	 (66,343),
	 (180,8),
	 (426,207),
	 (124,411),
	 (70,56),
	 (471,424),
	 (142,338),
	 (115,204),
	 (508,392),
	 (237,298),
	 (415,75),
	 (342,360),
	 (182,432),
	 (102,318),
	 (211,456),
	 (316,398),
	 (507,303),
	 (50,427),
	 (311,14),
	 (387,233),
	 (96,450),
	 (361,419),
	 (438,485),
	 (181,466),
	 (286,274),
	 (374,165),
	 (237,207),
	 (46,489),
	 (9,314),
	 (330,480),
	 (107,302),
	 (211,111),
	 (246,67),
	 (435,334),
	 (296,185),
	 (404,486),
	 (15,6),
	 (209,451),
	 (220,412),
	 (438,192),
	 (262,133),
	 (39,430),
	 (94,150),
	 (171,293),
	 (264,59),
	 (430,487),
	 (188,394),
	 (130,291),
	 (251,248),
	 (184,367),
	 (62,341),
	 (182,101),
	 (383,375),
	 (151,234),
	 (1,94),
	 (283,96),
	 (390,137),
	 (231,471),
	 (269,274),
	 (16,97),
	 (402,138),
	 (78,238),
	 (265,403),
	 (311,122),
	 (379,410),
	 (212,465),
	 (239,67),
	 (132,412),
	 (458,437),
	 (58,216),
	 (508,432),
	 (297,171),
	 (282,328),
	 (110,55),
	 (172,154),
	 (28,468),
	 (235,90),
	 (482,423),
	 (271,439),
	 (343,467),
	 (73,35),
	 (366,91),
	 (388,308),
	 (364,320),
	 (5,312),
	 (26,323),
	 (222,301),
	 (96,456),
	 (349,405),
	 (468,428),
	 (304,255),
	 (457,222),
	 (392,237),
	 (242,151),
	 (90,205),
	 (151,14),
	 (105,89),
	 (146,465),
	 (77,206),
	 (292,464),
	 (480,286),
	 (47,355),
	 (130,205),
	 (259,427),
	 (501,19),
	 (84,358),
	 (491,404),
	 (176,316),
	 (83,141),
	 (205,148),
	 (72,211),
	 (237,301),
	 (168,21),
	 (225,135),
	 (161,128),
	 (391,141),
	 (123,487),
	 (467,18),
	 (213,96),
	 (96,184),
	 (490,307),
	 (159,78),
	 (124,288),
	 (27,198);